InvoiceNo,InvoiceDate,CustomerID,ProductCategory,Quantity,UnitPrice,Channel,Country
INV902603,2023-07-27,C101402,Home & Kitchen,1,124.4,Paid Ads,germany
INV902317,2023-04-20,C101255,Books,2,9.65,Referral,Germany
INV902273,2024-08-28,C101213,Electronics,-4,328.8,Email, United Kingdom
INV902793,2023-11-15,C101489,Office Supplies,4,23.14,Organic Search,germany
INV901423,2024-04-04,C100761,Toys,4,11.8,Email,united states
INV902297,2024-03-10,C101237,Sports & Outdoors,5,79.06,Referral,France
INV902309,2024-07-22,C101246,Electronics,3,110.84,Organic Search,United Kingdom
INV902513,2024-09-24,C101346,Books,1,33.42,Organic Search, United Kingdom
INV901006,2024-03-07,C100518,Beauty,3,30.66,Referral,united kingdom
INV900527,2023-02-09,C100271,Apparel,1,85.66,Email,France
INV900326,2024-02-19,C100174,Books,-2,22.07,Referral,United Kingdom
INV900321,2024-04-28,C100172,Home & Kitchen,5,97.01,Paid Ads,UK
INV901275,2023-11-06,C100666,Electronics,5,208.9,Organic Search,france
INV900256,2024-12-16,C100133,Toys,4,48.59,Social,USA
INV900428,2024-12-01,C100225,Books,2,21.45,Paid Ads,Germany
INV902132,2024-08-20,C101138,Home & Kitchen,2,71.32,Email,USA
INV902436,2023-12-19,C101317,Beauty,4,36.82,Social,germany
INV900474,2024-12-15,C100244,Apparel,4,30.11,Paid Ads,united kingdom
INV902293,2023-09-19,C101237,Toys,2,22.82,Referral,france
INV901275,2023-11-06,C100666,Home & Kitchen,3,139.41,Organic Search,france
INV900531,2023-10-23,C100276,Sports & Outdoors,2,191.05,Paid Ads,France
INV901295,2023-10-25,C100681,Home & Kitchen,3,97.76,Organic Search,US
INV900873,2024-03-14,C100445,Toys,1,61.63,Email,france
INV901690,2024-09-26,C100885,Electronics,2,332.08,Referral,US
INV901164,2024-09-06,C100607,Beauty,1,13.77,Paid Ads,UK
INV902694,2023-11-25,C101451,Beauty,4,26.11,Referral,DE
INV902814,2023-11-13,C101500,Office Supplies,5,17.12,Paid Ads, United Kingdom
INV903284,2023-07-08,C101776,Sports & Outdoors,4,136.33,Paid Ads,germany
INV900083,2023-12-21,C100043,Books,4,8.44,Paid Ads,USA
INV900155,2024-08-22,C100081,Home & Kitchen,4,53.61,Referral,UK
INV901648,2024-12-11,C100869,Books,3,26.13,Referral,United Kingdom
INV900242,2024-08-01,C100124,Books,1,32.05,Email,Ireland
INV902602,2024-06-22,C101400,Sports & Outdoors,5,13.39,Social,United Kingdom
INV900458,2024-04-23,C100235,Toys,5,27.75,Organic Search,germany
INV902366,2023-05-10,C101285,Apparel,4,48.77,Organic Search,UK
INV902734,2024-07-09,,Apparel,1,68.36,Email,France
INV900760,2024-03-10,C100390,Books,1,5.29,Paid Ads,US
INV901736,2023-12-02,C100914,Beauty,5,49.16,Referral,France
INV901936,2023-12-09,C101028,Electronics,4,416.01,Organic Search,France
INV900122,2024-12-19,C100056,Electronics,5,598.07,Referral,US
INV900285,2024-11-03,C100152,Electronics,3,176.04,Organic Search,USA
INV902730,2024-01-12,C101463,Office Supplies,3,31.05,Referral, United Kingdom
INV900386,2024-03-06,C100210,Apparel,5,23.33,Organic Search,france
INV900491,2024-03-20,C100250,Toys,2,58.64,Organic Search, United Kingdom
INV900741,2023-05-24,C100385,Beauty,2,51.52,Social,United Kingdom
INV901346,2024-04-02,C100713,Apparel,5,31.96,Paid Ads,UK
INV901412,2023-11-22,C100757,Sports & Outdoors,2,56.27,Referral,Ireland
INV901653,2024-04-15,C100874,Books,1,20.44,Email,United Kingdom
INV900572,2023-12-13,C100297,Books,3,28.27,Email,united kingdom
INV901994,2024-04-02,C101064,Books,1,18.13,Email, United Kingdom
INV902272,2024-08-23,C101213,Office Supplies,3,34.64,Email,united kingdom
INV901085,2024-04-01,C100567,Electronics,2,141.57,Organic Search,United States
INV902425,2024-05-24,C101312,Books,3,24.16,Referral,ireland
INV900366,2023-11-13,C100196,Toys,2,7.8,Organic Search,Ireland
INV902199,2024-06-25,C101182,Office Supplies,4,22.98,Email,france
INV900823,2024-11-28,C100416,Sports & Outdoors,5,157.18,Paid Ads,united kingdom
INV901437,2024-08-11,C100766,Office Supplies,4,10.71,Referral,France
INV902426,2024-08-23,C101312,Electronics,5,138.44,Referral,ireland
INV901820,2023-01-07,C100969,Office Supplies,5,5.49,Referral,germany
INV900074,2024-05-08,,Home & Kitchen,2,14.91,Organic Search,DE
INV900679,2024-04-09,C100351,Apparel,1,18.76,Organic Search, United Kingdom
INV900914,2024-07-17,C100470,Sports & Outdoors,1,164.42,Organic Search,ireland
INV902752,2024-08-10,C101474,Electronics,4,539.65,Paid Ads,united states
INV902158,2024-11-13,C101156,Beauty,4,12.03,Social,USA
INV900148,2023-07-24,C100077,Home & Kitchen,2,57.86,Paid Ads,germany
INV900011,2023-10-27,C100006,Electronics,2,432.17,Paid Ads,US
INV902130,2024-03-13,,Home & Kitchen,5,20.42,Email,united states
INV901215,2023-11-20,C100636,Toys,4,18.03,Referral,DE
INV903055,2023-05-27,C101652,Office Supplies,5,25.73,Email,France
INV901670,2023-09-19,C100880,Apparel,4,59.85,Organic Search,United States
INV901169,2024-10-15,C100610,Electronics,2,73.53,Organic Search,ireland
INV901556,2023-02-21,C100825,Beauty,2,6.57,Organic Search,Germany
INV902822,2023-12-27,C101504,Electronics,4,295.97,Referral,United States
INV902098,2024-08-15,C101118,Books,1,21.4,Email,france
INV902490,2023-11-02,C101339,Electronics,2,101.14,Paid Ads,United States
INV902664,2024-07-06,C101436,Beauty,3,23.29,Referral,germany
INV900041,2023-11-20,C100020,Books,-1,9.58,Organic Search,Germany
INV900992,2024-11-01,C100513,Beauty,3,32.3,Social,DE
INV902828,2024-03-08,C101509,Beauty,4,31.79,Social,UK
INV900626,2024-07-27,C100323,Toys,4,33.12,Email,DE
INV903154,2024-07-14,,Beauty,3,5.66,Referral,United Kingdom
INV902370,2023-12-08,C101287,Toys,2,63.2,Paid Ads,Germany
INV902997,2023-11-01,C101609,Office Supplies,4,20.33,Email,France
INV901267,2023-08-16,C100663,Apparel,3,66.15,Social,germany
INV901170,2024-12-15,C100610,Toys,1,56.95,Organic Search,Ireland
INV901723,2023-08-09,C100908,Sports & Outdoors,3,100.45,Paid Ads, United Kingdom
INV901816,2024-06-28,C100965,Apparel,2,52.98,Referral, United Kingdom
INV901256,2024-07-09,C100659,Sports & Outdoors,4,115.61,Referral,france
INV900304,2024-07-12,C100163,Sports & Outdoors,4,65.24,Email,UK
INV902478,2024-07-19,C101331,Electronics,5,127.03,Email,united kingdom
INV900409,2024-04-13,C100218,Sports & Outdoors,5,164.33,Organic Search,united kingdom
INV902296,2024-01-01,C101237,Office Supplies,1,16.75,Referral,France
INV901591,2023-01-25,C100844,Office Supplies,2,37.06,Email,UK
INV901664,2024-06-17,C100877,Office Supplies,3,41.02,Paid Ads,United Kingdom
INV901918,2023-11-28,C101013,Home & Kitchen,2,43.9,Paid Ads,United States
INV900154,2024-08-08,C100081,Home & Kitchen,3,121.6,Referral,United Kingdom
INV900473,2024-03-23,C100244,Sports & Outdoors,3,25.33,Paid Ads,UK
INV901917,2023-08-01,C101013,Sports & Outdoors,2,58.53,Paid Ads,US
INV902757,2023-09-12,C101477,Electronics,4,255.32,Email,ireland
INV900939,2024-02-01,C100486,Books,4,16.13,Email,France
INV900509,2023-05-11,C100261,Office Supplies,5,29.82,Email,ireland
INV900993,2024-11-13,C100513,Toys,4,62.71,Social,DE
INV902790,2023-05-06,C101488,Home & Kitchen,1,30.65,Email, United Kingdom
INV901143,2024-12-24,C100595,Toys,3,46.93,Email,Ireland
INV900249,2023-04-01,C100132,Office Supplies,1,42.04,Paid Ads,Germany
INV902835,2024-12-26,C101510,Toys,5,35.16,Email,france
INV900166,2024-06-28,C100088,Toys,2,28.05,Paid Ads,Ireland
INV901669,2024-07-05,C100879,Sports & Outdoors,2,28.01,Paid Ads,UK
INV900905,2023-09-01,C100461,Home & Kitchen,2,102.29,Paid Ads,Ireland
INV902484,2023-06-17,C101337,Apparel,5,63.36,Paid Ads,USA
INV902157,2024-01-20,C101156,Office Supplies,3,19.19,Social,US
INV900354,2024-06-06,C100190,Books,3,24.97,Organic Search, United Kingdom
INV903026,2023-09-06,C101632,Home & Kitchen,4,136.47,Email,united kingdom
INV902877,2024-07-09,C101529,Office Supplies,3,28.0,Referral,United Kingdom
INV900283,2023-06-08,C100151,Toys,4,52.44,Organic Search,Germany
INV902217,2023-12-10,C101187,Beauty,5,58.05,Paid Ads,US
INV900736,2023-04-18,C100384,Apparel,2,24.0,Social,US
INV901419,2024-10-11,C100759,Sports & Outdoors,5,86.36,Organic Search,united states
INV901817,2023-08-16,C100967,Toys,3,69.81,Organic Search,United Kingdom
INV901204,2023-09-15,C100633,Apparel,1,18.94,Email,United Kingdom
INV900678,2023-12-03,C100351,Beauty,3,5.11,Organic Search,united kingdom
INV901695,2023-07-03,C100887,Home & Kitchen,3,60.37,Email,Germany
INV901852,2023-12-28,C100984,Sports & Outdoors,3,27.09,Paid Ads, United Kingdom
INV902318,2024-05-12,C101257,Electronics,4,365.42,Organic Search,ireland
INV901125,2024-08-09,C100586,Apparel,1,21.05,Social,france
INV901914,2024-07-16,C101012,Beauty,4,24.66,Social,ireland
INV900920,2024-06-07,C100475,Toys,2,63.13,Organic Search,united kingdom
INV902631,2024-06-01,C101418,Electronics,3,104.63,Paid Ads,united kingdom
INV901422,2024-03-22,C100761,Beauty,1,58.02,Email,USA
INV901289,2024-04-12,C100676,Beauty,5,22.94,Referral, United Kingdom
INV901785,2023-11-03,C100949,Home & Kitchen,3,92.81,Referral,united states
INV900328,2024-05-16,C100176,Sports & Outdoors,4,127.27,Paid Ads,united kingdom
INV901148,2024-08-14,C100596,Books,4,20.68,Referral,united states
INV902205,2024-11-17,C101183,Beauty,2,53.58,Organic Search,germany
INV903016,2024-01-14,,Toys,5,52.23,Social,United Kingdom
INV901834,2023-05-28,C100974,Toys,1,35.47,Social,US
INV902280,2024-11-22,C101222,Books,1,22.17,Organic Search, United Kingdom
INV902555,2024-04-25,C101371,Sports & Outdoors,2,149.24,Email,France
INV903274,2023-10-05,C101767,Books,4,23.79,Organic Search,France
INV900682,2023-11-28,C100352,Electronics,4,269.04,Organic Search,france
INV903052,2023-05-11,C101650,Apparel,3,13.68,Paid Ads,UK
INV901998,2024-08-15,C101066,Office Supplies,3,12.63,Email,germany
INV900614,2023-11-26,C100314,Toys,4,20.44,Organic Search,united kingdom
INV901177,2023-10-16,C100613,Electronics,2,238.45,Email,france
INV902624,2024-12-08,C101412,Office Supplies,5,27.8,Paid Ads,USA
INV902721,2023-07-06,C101461,Books,2,34.21,Organic Search,united kingdom
INV900558,2024-06-15,C100290,Electronics,4,125.08,Paid Ads,USA
INV900920,2024-06-07,C100475,Toys,3,34.28,Organic Search,united kingdom
INV901042,2023-03-23,C100537,Home & Kitchen,3,18.92,Paid Ads, United Kingdom
INV903157,2024-01-12,C101714,Apparel,3,14.88,Organic Search,United Kingdom
INV901226,2024-06-24,C100644,Toys,3,8.5,Paid Ads,DE
INV900578,2024-06-21,,Apparel,2,76.05,Organic Search,Ireland
INV900324,2024-06-12,C100173,Apparel,1,3572.60865669127,Social, United Kingdom
INV902380,2023-05-02,C101290,Toys,4,27.63,Organic Search,Ireland
INV900170,2024-01-03,,Toys,5,11.49,Email,united states
INV902817,2023-06-22,C101501,Electronics,2,312.87,Referral,united states
INV902203,2024-02-22,C101183,Apparel,2,66.45,Organic Search,DE
INV903111,2024-09-05,C101679,Beauty,2,5.17,Social,United Kingdom
INV902721,2023-07-06,C101461,Electronics,4,492.85,Organic Search,united kingdom
INV901101,2023-11-28,C100575,Beauty,1,59.27,Paid Ads,united states
INV901950,2024-04-26,C101035,Office Supplies,2,38.69,Organic Search,Ireland
INV903305,2023-05-11,C101786,Books,2,33.56,Organic Search,US
INV903281,2024-03-09,C101773,Books,3,19.68,Paid Ads, United Kingdom
INV901108,2024-02-27,C100577,Apparel,3,29.15,Social,DE
INV903031,2023-04-08,C101636,Toys,4,30.92,Referral, United Kingdom
INV902835,2024-12-26,C101510,Sports & Outdoors,5,186.39,Email,france
INV900581,2023-10-11,C100300,Apparel,4,74.5,Paid Ads,United States
INV902679,2024-03-23,C101448,Beauty,2,46.57,Organic Search,germany
INV903098,2024-12-26,C101671,Office Supplies,3,16.17,Paid Ads, United Kingdom
INV900034,2023-04-23,C100017,Books,5,26.79,Organic Search,Ireland
INV903100,2024-03-09,C101674,Apparel,3,40.74,Paid Ads,DE
INV900916,2023-11-27,C100473,Sports & Outdoors,4,59.31,Referral,ireland
INV902001,2024-01-24,C101067,Apparel,4,15.74,Referral,UK
INV900507,2024-09-28,C100260,Books,3,33.45,Organic Search,USA
INV900497,2023-06-09,C100255,Books,1,30.67,Organic Search,UK
INV900556,2023-11-25,C100288,Electronics,2,270.18,Organic Search,UK
INV902951,2023-12-09,C101575,Office Supplies,2,12.86,Organic Search,United Kingdom
INV900614,2023-11-26,C100314,Apparel,5,44.44,Organic Search,united kingdom
INV902884,2023-06-26,C101533,Office Supplies,5,7.05,Paid Ads,united states
INV901172,2023-10-14,C100611,Electronics,3,169.93,Organic Search,ireland
INV901452,2024-11-10,C100774,Home & Kitchen,4,129.28,Referral,DE
INV901646,2023-04-18,C100869,Home & Kitchen,4,96.96,Referral,UK
INV901078,2023-05-03,C100567,Books,5,11.7,Organic Search,United States
INV900136,2023-08-03,C100067,Sports & Outdoors,3,124.5,Organic Search,France
INV901498,2023-07-25,C100798,Books,3,26.52,Social,UK
INV902504,2024-08-25,C101341,Home & Kitchen,2,59.74,Organic Search,united states
INV903327,2024-06-10,C101799,Electronics,5,130.69,Referral,US
INV901264,2024-08-09,C100661,Apparel,1,70.5,Email,UK
INV901059,2023-11-22,C100551,Beauty,2,46.38,Email,Germany
INV902676,2023-08-11,C101444,Books,1,32.94,Email,germany
INV903014,2023-12-21,C101626,Beauty,2,54.21,Social,UK
INV901299,2024-12-01,C100682,Sports & Outdoors,4,20.85,Paid Ads,Ireland
INV900889,2024-10-15,C100450,Books,1,5.21,Referral,UK
INV902961,2023-12-22,C101581,Sports & Outdoors,2,74.14,Organic Search,United Kingdom
INV902509,2024-05-01,C101343,Beauty,5,19.64,Organic Search,ireland
INV902155,2023-11-08,C101154,Electronics,5,531.06,Paid Ads,France
INV902242,2024-06-14,C101201,Toys,5,22.46,Organic Search,United States
INV901636,2024-05-19,C100865,Electronics,2,339.77,Organic Search,US
INV902278,2024-06-05,C101220,Books,5,24.03,Organic Search,UK
INV903173,2023-03-14,C101720,Home & Kitchen,3,88.09,Referral,UK
INV901375,2024-06-09,C100733,Apparel,2,12.7,Email,united kingdom
INV900804,2023-10-01,C100410,Office Supplies,4,38.66,Paid Ads,UK
INV902577,2024-07-12,C101389,Electronics,4,64.53,Organic Search,United Kingdom
INV902960,2023-06-12,,Apparel,4,27.05,Organic Search,United Kingdom
INV902933,2023-12-03,C101565,Electronics,4,355.11,Email,germany
INV903056,2023-05-05,C101652,Toys,1,22.13,Email,France
INV902045,2023-04-25,C101089,Office Supplies,1,33.63,Organic Search,France
INV903058,2024-07-19,C101652,Books,5,11.21,Email,france
INV902207,2023-11-11,C101184,Sports & Outdoors,2,64.26,Email,ireland
INV900999,2023-02-13,C100517,Sports & Outdoors,5,95.96,Paid Ads,united kingdom
INV903102,2023-04-04,C101676,Sports & Outdoors,5,35.69,Email,france
INV902530,2023-08-04,C101358,Toys,2,19.95,Organic Search, United Kingdom
INV902867,2023-05-16,,Toys,5,52.43,Referral,UK
INV902705,2024-12-20,C101456,Electronics,5,85.76,Paid Ads,Ireland
INV902857,2024-01-11,C101518,Sports & Outdoors,4,190.24,Organic Search,Ireland
INV901519,2023-07-18,C100807,Electronics,5,316.31,Paid Ads,US
INV900237,2024-11-15,C100121,Beauty,2,55.35,Email,france
INV901425,2024-06-27,C100761,Toys,4,13.22,Email,USA
INV903199,2024-04-27,C101730,Toys,3,51.51,Organic Search,United Kingdom
INV900577,2024-06-16,C100298,Apparel,4,82.24,Organic Search,Ireland
INV901644,2024-05-19,C100868,Apparel,4,53.04,Organic Search,united states
INV900574,2024-04-16,C100297,Sports & Outdoors,4,133.45,Email,UK
INV901047,2023-03-19,C100541,Electronics,3,414.17,Organic Search,Germany
INV902332,2023-05-22,C101266,Apparel,1,82.56,Referral,Germany
INV903082,2024-05-17,C101661,Books,1,20.84,Email,DE
INV902325,2024-05-23,C101263,Apparel,4,83.94,Paid Ads,UK
INV903199,2024-04-27,C101730,Books,3,17.09,Organic Search,United Kingdom
INV900985,2024-01-11,C100509,Apparel,2,63.14,Email, United Kingdom
INV900446,2024-11-04,C100233,Office Supplies,3,38.87,Email,United States
INV900364,2023-10-24,,Electronics,5,555.18,Organic Search,Ireland
INV901806,2023-11-21,C100963,Electronics,2,596.01,Paid Ads,france
INV900166,2024-06-28,,Books,4,10.38,Paid Ads,Ireland
INV902168,2024-06-10,C101162,Books,2,30.03,Paid Ads,france
INV902615,2024-11-21,C101408,Apparel,5,51.69,Paid Ads,Ireland
INV902817,2023-06-22,C101501,Toys,2,9.59,Referral,united states
INV901354,2023-11-07,C100718,Home & Kitchen,4,125.86,Social, United Kingdom
INV900202,2024-08-06,C100107,Apparel,1,83.92,Organic Search,France
INV902583,2023-12-14,C101391,Beauty,1,25.73,Email,united states
INV902967,2024-11-08,C101588,Sports & Outdoors,3,154.16,Organic Search,ireland
INV900296,2024-08-09,C100160,Toys,4,18.87,Social, United Kingdom
INV900785,2023-10-22,C100404,Apparel,2,63.0,Referral,france
INV900235,2024-05-22,C100121,Office Supplies,1,16.14,Email,France
INV902859,2024-06-28,C101518,Office Supplies,1,38.97,Organic Search,ireland
INV902200,2024-06-06,C101182,Home & Kitchen,5,132.54,Email,France
INV900281,2024-11-27,C100148,Office Supplies,5,37.3,Referral,united states
INV901043,2023-03-25,C100537,Books,4,25.04,Paid Ads,united kingdom
INV902579,2023-07-26,C101390,Toys,2,59.93,Social,United Kingdom
INV900002,2023-02-17,C100000,Sports & Outdoors,5,71.1,Paid Ads,france
INV901782,2024-08-28,C100948,Toys,4,56.58,Paid Ads,UK
INV901029,2023-08-16,C100533,Sports & Outdoors,5,70.98,Organic Search, United Kingdom
INV900840,2024-03-14,C100428,Electronics,3,179.74,Organic Search,france
INV902281,2024-12-06,C101222,Home & Kitchen,1,76.5,Organic Search,united kingdom
INV901914,2024-07-16,C101012,Office Supplies,1,25.46,Social,ireland
INV903172,2023-12-19,C101719,Books,3,5.3,Social,germany
INV903045,2024-07-28,C101647,Books,2,14.77,Organic Search,united states
INV902489,2023-11-19,C101339,Home & Kitchen,1,97.99,Paid Ads,united states
INV901278,2024-09-21,,Home & Kitchen,4,25.49,Organic Search,France
INV900484,2024-12-15,C100246,Toys,5,49.07,Email,UK
INV900412,2023-03-22,C100220,Sports & Outdoors,4,96.22,Email,ireland
INV901933,2024-03-06,C101025,Toys,4,38.95,Organic Search,United States
INV903135,2024-03-06,C101702,Sports & Outdoors,4,147.6,Paid Ads,United Kingdom
INV900409,2024-04-13,C100218,Beauty,4,31.11,Organic Search,united kingdom
INV902971,2023-10-26,C101591,Toys,3,58.93,Paid Ads, United Kingdom
INV901837,2024-03-26,C100975,Home & Kitchen,3,21.24,Referral,US
INV903218,2024-03-08,,Office Supplies,1,18.5,Organic Search,united kingdom
INV900248,2023-02-12,C100132,Beauty,4,18.99,Paid Ads,DE
INV900757,2023-10-18,C100389,Sports & Outdoors,4,144.72,Paid Ads,ireland
INV902504,2024-08-25,C101341,Sports & Outdoors,5,118.98,Organic Search,united states
INV901336,2023-03-17,C100706,Beauty,2,6.18,Social,DE
INV901736,2023-12-02,C100914,Office Supplies,4,28.73,Referral,France
INV900429,2024-07-04,C100226,Books,2,18.07,Paid Ads,france
INV901792,2023-09-05,C100953,Sports & Outdoors,1,144.25,Referral,United Kingdom
INV902492,2024-02-14,C101339,Books,4,21.14,Paid Ads,USA
INV900116,2024-06-15,C100055,Beauty,2,57.0,Referral,USA
INV902006,2023-08-18,C101071,Home & Kitchen,5,106.39,Social,Ireland
INV902065,2024-12-14,C101100,Sports & Outdoors,2,42.19,Referral, United Kingdom
INV900312,2024-09-14,C100168,Apparel,4,8.85,Organic Search,ireland
INV900419,2024-03-28,,Office Supplies,3,32.12,Referral,united kingdom
INV902569,2024-12-11,C101377,Office Supplies,3,31.47,Organic Search,germany
INV902494,2024-07-10,C101339,Home & Kitchen,2,21.37,Paid Ads,USA
INV902271,2024-06-04,C101213,Sports & Outdoors,2,79.4,Email,UK
INV903115,2023-11-06,C101681,Beauty,2,41.67,Referral,united kingdom
INV903274,2023-10-05,C101767,Toys,1,64.22,Organic Search,France
INV901539,2023-06-28,C100816,Toys,4,56.15,Paid Ads,france
INV902825,2024-10-22,,Toys,3,47.4,Paid Ads,UK
INV900663,2023-05-02,C100348,Electronics,2,314.61,Referral,Ireland
INV902587,2024-04-18,C101393,Toys,5,54.97,Organic Search, United Kingdom
INV901499,2023-11-21,C100798,Home & Kitchen,3,149.29,Social,United Kingdom
INV900538,2023-10-23,C100278,Sports & Outdoors,5,99.28,Organic Search,France
INV902286,2024-07-23,C101230,Books,5,14.46,Organic Search,DE
INV902249,2024-09-26,C101203,Office Supplies,4,18.34,Social,Germany
INV901844,2024-10-06,C100981,Electronics,1,70.39,Email,UK
INV901154,2024-02-25,C100598,Toys,4,47.45,Paid Ads,DE
INV902444,2024-03-14,C101318,Toys,5,65.5,Social, United Kingdom
INV900664,2024-03-13,,Office Supplies,5,20.62,Referral,Ireland
INV902493,2024-04-27,C101339,Home & Kitchen,3,45.4,Paid Ads,US
INV900400,2024-12-03,C100216,Home & Kitchen,1,77.97,Organic Search,UK
INV900353,2024-06-07,C100190,Toys,1,35.25,Organic Search,United Kingdom
INV901007,2024-04-18,C100518,Electronics,-2,377.79,Referral,UK
INV900140,2023-12-22,C100072,Sports & Outdoors,1,71.01,Organic Search,USA
INV900913,2024-07-27,C100470,Toys,4,29.17,Organic Search,ireland
INV901144,2023-12-23,C100596,Toys,1,15.12,Referral,USA
INV900116,2024-06-15,C100055,Apparel,3,43.61,Referral,USA
INV900744,2023-08-01,,Home & Kitchen,5,84.06,Social,united kingdom
INV901974,2023-08-24,C101051,Sports & Outdoors,2,169.77,Organic Search,DE
INV902235,2024-08-20,C101196,Electronics,5,184.02,Organic Search,UK
INV902114,2024-08-11,C101125,Office Supplies,3,37.76,Paid Ads,DE
INV901572,2023-10-01,C100831,Toys,5,17.78,Organic Search,UK
INV900070,2023-09-18,C100038,Beauty,4,38.6,Referral,france
INV900800,2023-01-22,C100409,Home & Kitchen,4,128.01,Social,Ireland
INV902086,2024-12-22,C101112,Sports & Outdoors,2,23.61,Organic Search,DE
INV902692,2023-06-20,C101451,Beauty,4,50.29,Referral,Germany
INV900139,2023-05-23,C100071,Books,3,30.55,Organic Search,USA
INV902096,2024-10-03,C101116,Sports & Outdoors,5,141.36,Organic Search,Germany
INV900650,2024-12-11,C100335,Beauty,1,57.08,Organic Search,France
INV902276,2024-03-06,C101220,Home & Kitchen,5,32.76,Organic Search,united kingdom
INV901626,2024-08-22,C100860,Electronics,4,82.94,Paid Ads,France
INV902300,2024-08-01,C101241,Books,5,17.63,Paid Ads,United Kingdom
INV902092,2023-11-22,C101115,Office Supplies,5,3.08,Paid Ads,united kingdom
INV902589,2024-07-24,C101393,Beauty,1,58.03,Organic Search, United Kingdom
INV901483,2023-11-23,C100786,Books,4,16.06,Paid Ads,france
INV901122,2023-11-09,C100584,Office Supplies,2,17.41,Email, United Kingdom
INV900552,2024-08-17,C100285,Office Supplies,3,12.33,Referral, United Kingdom
INV900129,2024-10-24,C100062,Office Supplies,2,43.91,Organic Search,United Kingdom
INV900769,2024-06-19,C100395,Beauty,5,38.87,Paid Ads,UK
INV903010,2024-03-15,C101617,Office Supplies,1,25.9,Organic Search,united states
INV901924,2023-12-10,C101019,Beauty,4,36.92,Social,DE
INV902720,2024-12-22,C101460,Books,1,19.19,Referral,Germany
INV900485,2023-11-17,C100247,Books,4,15.2,Referral,US
INV900423,2024-03-01,C100224,Electronics,5,467.45,Paid Ads,united kingdom
INV901075,2024-08-17,C100564,Home & Kitchen,1,115.22,Email, United Kingdom
INV901976,2023-11-26,C101051,Sports & Outdoors,1,194.96,Organic Search,DE
INV902830,2024-07-20,C101509,Sports & Outdoors,4,180.96,Social, United Kingdom
INV902759,2023-12-09,C101477,Toys,4,41.83,Email,ireland
INV902580,2023-12-11,,Home & Kitchen,3,78.36,Social,UK
INV902562,2023-09-10,C101373,Electronics,2,511.78,Referral,UK
INV903300,2024-09-02,C101784,Apparel,5,13.31,Organic Search,USA
INV901796,2024-06-03,C100953,Apparel,1,17.79,Referral, United Kingdom
INV901995,2024-05-03,C101064,Office Supplies,3,24.64,Email, United Kingdom
INV901705,2024-10-17,C100892,Office Supplies,2,5.33,Organic Search,United States
INV901988,2024-01-19,C101059,Books,1,6.44,Email,united kingdom
INV901792,2023-09-05,C100953,Electronics,1,461.23,Referral,United Kingdom
INV901984,2023-03-04,C101054,Electronics,5,115.5,Social,germany
INV902323,2023-12-15,,Books,1,28.13,Paid Ads,france
INV901490,2024-04-23,C100791,Beauty,4,57.24,Social,UK
INV903053,2023-11-27,C101650,Home & Kitchen,4,55.7,Paid Ads,UK
INV902635,2024-08-25,C101421,Office Supplies,1,15.13,Organic Search,united states
INV902258,2024-09-18,C101209,Home & Kitchen,1,51.89,Organic Search,United States
INV901777,2023-04-27,C100944,Electronics,5,258.95,Organic Search,united kingdom
INV900633,2023-04-14,C100327,Sports & Outdoors,4,100.87,Paid Ads,united states
INV900424,2024-05-16,C100224,Books,5,26.16,Paid Ads,United Kingdom
INV902606,2024-09-21,C101403,Sports & Outdoors,3,86.41,Paid Ads,United Kingdom
INV902108,2024-11-09,C101122,Home & Kitchen,2,24.96,Organic Search,germany
INV901269,2024-03-23,C100663,Office Supplies,3,8.47,Social,Germany
INV901767,2024-03-13,C100938,Electronics,5,233.28,Referral,United States
INV903045,2024-07-28,C101647,Books,4,31.04,Organic Search,united states
INV901835,2023-07-07,C100975,Office Supplies,3,42.86,Referral,United States
INV900371,2023-08-28,C100200,Beauty,1,25.18,Organic Search,united kingdom
INV901377,2023-05-10,,Beauty,3,44.23,Social,UK
INV902789,2024-04-25,C101486,Beauty,1,36.05,Social,United Kingdom
INV903074,2024-06-23,C101656,Toys,1,63.73,Organic Search,ireland
INV901460,2024-08-15,C100780,Electronics,5,133.68,Email,germany
INV903209,2024-04-11,C101732,Electronics,4,385.3,Referral,US
INV902999,2024-02-01,C101612,Home & Kitchen,-4,104.97,Organic Search,UK
INV902975,2024-03-14,C101594,Office Supplies,3,3.99,Referral,United States
INV901102,2024-06-06,C100575,Electronics,2,488.72,Paid Ads,United States
INV902364,2023-02-06,C101285,Books,3,14.21,Organic Search,United Kingdom
INV901686,2024-09-14,C100884,Office Supplies,4,40.79,Organic Search,ireland
INV901438,2024-08-23,C100766,Books,5,23.41,Referral,france
INV901264,2024-08-09,C100661,Home & Kitchen,4,81.33,Email,UK
INV902506,2023-07-21,C101342,Books,3,10.41,Paid Ads,UK
INV902650,2023-04-01,C101431,Electronics,3,156.98,Paid Ads,france
INV901781,2023-11-16,C100947,Apparel,1,27.79,Email,united kingdom
INV901196,2023-07-20,C100622,Apparel,3,81.92,Referral,france
INV901800,2023-12-10,C100956,Toys,3,29.0,Organic Search,UK
INV903193,2023-06-07,C101729,Apparel,2,76.33,Organic Search,UK
INV902434,2024-03-14,C101316,Sports & Outdoors,1,92.74,Organic Search, United Kingdom
INV900809,2024-08-18,C100411,Electronics,2,433.24,Social,united kingdom
INV902622,2024-12-09,C101411,Toys,5,13.18,Organic Search,USA
INV902102,2023-01-20,C101120,Sports & Outdoors,4,113.19,Email,united states
INV900245,2024-09-20,C100128,Books,4,24.34,Email,united states
INV903282,2024-03-23,C101773,Home & Kitchen,5,58.73,Paid Ads, United Kingdom
INV902470,2023-10-08,C101329,Books,4,23.19,Email,Ireland
INV903146,2023-09-22,C101708,Books,1,31.85,Email,USA
INV903298,2024-06-08,C101784,Apparel,5,30.77,Organic Search,USA
INV900119,2024-08-07,C100056,Office Supplies,3,33.3,Referral,united states
INV901903,2024-07-08,C101011,Toys,2,17.97,Organic Search,USA
INV902786,2023-09-15,C101486,Apparel,1,52.75,Social,United Kingdom
INV902500,2024-03-23,C101340,Home & Kitchen,1,114.34,Organic Search,DE
INV903228,2023-12-09,C101739,Toys,5,13.78,Organic Search,united kingdom
INV901783,2023-06-03,C100949,Beauty,3,13.38,Referral,US
INV900952,2023-08-22,C100494,Home & Kitchen,3,76.17,Referral,france
INV902886,2024-09-12,C101533,Toys,3,35.58,Paid Ads,united states
INV902389,2023-06-10,C101296,Electronics,3,414.94,Organic Search,united kingdom
INV902632,2024-09-25,C101418,Home & Kitchen,4,90.15,Paid Ads,United Kingdom
INV900120,2024-09-16,C100056,Apparel,2,60.18,Referral,united states
INV903270,2024-04-14,C101766,Beauty,4,26.85,Referral,United Kingdom
INV902966,2023-07-05,C101587,Office Supplies,3,20.89,Referral,united kingdom
INV902106,2023-08-06,C101122,Office Supplies,4,43.57,Organic Search,germany
INV901291,2023-11-18,C100678,Books,5,23.04,Social,DE
INV900831,2024-06-28,C100423,Electronics,5,512.39,Referral,germany
INV900864,2023-03-12,C100442,Books,2,28.65,Paid Ads,Ireland
INV902462,2024-02-07,C101326,Home & Kitchen,5,74.51,Email,France
INV902879,2024-11-21,C101529,Books,3,34.66,Referral,United Kingdom
INV902670,2024-05-25,C101441,Electronics,1,491.67,Organic Search,DE
INV900179,2023-10-20,C100095,Beauty,1,10.78,Paid Ads,Germany
INV902732,2024-11-08,C101463,Sports & Outdoors,1,21.93,Referral,United Kingdom
INV902617,2023-07-15,C101409,Beauty,4,25.45,Referral,germany
INV901660,2023-12-25,C100876,Toys,4,29.1,Email,US
INV900025,2024-08-19,C100013,Books,1,23.87,Social,UK
INV901698,2024-02-26,C100887,Office Supplies,2,31.9,Email,Germany
INV900352,2024-06-28,C100189,Books,4,13.51,Paid Ads,UK
INV901725,2023-04-18,C100909,Toys,5,29.35,Organic Search,united kingdom
INV900008,2023-03-13,C100006,Office Supplies,2,21.88,Paid Ads,United States
INV901987,2023-09-13,C101059,Beauty,1,8.22,Email,united kingdom
INV901129,2024-12-06,C100588,Beauty,1,35.67,Referral, United Kingdom
INV900933,2024-11-06,C100483,Books,2,29.47,Social,united kingdom
INV902913,2023-12-04,C101554,Toys,5,46.29,Email,USA
INV901089,2024-07-26,C100569,Sports & Outdoors,2,148.5,Organic Search,UK
INV900440,2023-08-02,C100232,Home & Kitchen,4,38.46,Organic Search,DE
INV900891,2024-11-23,C100450,Office Supplies,3,29.34,Referral,united kingdom
INV902095,2024-08-19,C101116,Apparel,5,49.02,Organic Search,germany
INV900864,2023-03-12,C100442,Apparel,3,27.31,Paid Ads,Ireland
INV903018,2024-10-16,C101627,Apparel,4,36.47,Social,USA
INV902910,2024-08-19,C101553,Books,1,13.72,Referral,DE
INV902259,2024-11-22,C101209,Books,2,13.55,Organic Search,united states
INV901144,2023-12-23,C100596,Electronics,2,421.25,Referral,USA
INV902168,2024-06-10,C101162,Apparel,5,67.67,Paid Ads,france
INV900443,2024-05-13,C100233,Electronics,2,539.43,Email,united states
INV902256,2023-06-12,C101208,Sports & Outdoors,5,47.96,Paid Ads,DE
INV902634,2024-08-22,,Apparel,1,32.96,Organic Search,Ireland
INV902108,2024-11-09,C101122,Home & Kitchen,3,101.47,Organic Search,germany
INV901448,2024-11-23,,Office Supplies,2,11.33,Email,DE
INV903150,2024-09-23,C101712,Office Supplies,1,9.04,Paid Ads,US
INV900876,2023-07-06,C100446,Home & Kitchen,2,51.02,Paid Ads,france
INV902327,2023-08-20,C101264,Sports & Outdoors,4,44.07,Referral, United Kingdom
INV902496,2023-11-21,C101340,Office Supplies,5,8.7,Organic Search,germany
INV902529,2023-06-28,C101358,Sports & Outdoors,1,150.72,Organic Search,United Kingdom
INV900811,2023-03-26,C100413,Apparel,5,19.04,Organic Search,france
INV901964,2023-12-25,C101043,Electronics,5,156.41,Organic Search,germany
INV903278,2023-12-25,C101770,Home & Kitchen,2,117.36,Email,Ireland
INV903092,2024-05-03,C101669,Sports & Outdoors,2,38.57,Social,Germany
INV901865,2024-04-08,C100990,Sports & Outdoors,4,91.06,Organic Search,United Kingdom
INV901801,2024-02-18,C100956,Toys,4,30.1,Organic Search,united kingdom
INV901589,2024-05-12,C100843,Toys,5,33.29,Social,united kingdom
INV902493,2024-04-27,C101339,Books,2,16.24,Paid Ads,US
INV900039,2024-09-21,C100018,Beauty,3,16.85,Organic Search, United Kingdom
INV902505,2023-04-07,C101342,Toys,3,67.8,Paid Ads,United Kingdom
INV900528,2023-03-28,C100271,Beauty,4,59.85,Email,France
INV900424,2024-05-16,C100224,Office Supplies,3,29.17,Paid Ads,United Kingdom
INV901804,2024-12-28,C100961,Electronics,2,186.59,Social,ireland
INV901084,2023-12-27,C100567,Books,1,23.03,Organic Search,United States
INV900948,2024-01-25,C100493,Apparel,3,65.8,Organic Search,france
INV900009,2023-04-15,C100006,Books,2,9.6,Paid Ads,USA
INV903287,2023-07-08,C101778,Beauty,4,42.16,Email,united states
INV900445,2024-10-12,C100233,Electronics,1,203.29,Email,United States
INV900844,2023-11-19,C100433,Home & Kitchen,2,28.19,Social,UK
INV901438,2024-08-23,C100766,Apparel,3,35.77,Referral,france
INV900874,2024-08-11,C100445,Apparel,4,47.5,Email,france
INV900174,2024-09-17,C100090,Home & Kitchen,3,117.16,Email,US
INV900955,2023-04-07,C100496,Sports & Outdoors,1,65.72,Paid Ads,Germany
INV901325,2023-04-18,C100702,Apparel,3,68.73,Email,germany
INV901005,2024-01-09,C100518,Home & Kitchen,2,61.88,Referral, United Kingdom
INV901362,2024-07-09,C100722,Office Supplies,1,17.86,Referral,France
INV903041,2023-12-11,C101643,Toys,1,19.63,Organic Search,United Kingdom
INV900100,2024-08-05,C100049,Sports & Outdoors,4,190.51,Paid Ads,united kingdom
INV900911,2024-11-15,C100468,Office Supplies,5,19.34,Organic Search,united kingdom
INV902588,2024-05-15,C101393,Apparel,2,47.15,Organic Search,United Kingdom
INV901804,2024-12-28,C100961,Sports & Outdoors,2,140.59,Social,ireland
INV903001,2024-05-13,C101613,Apparel,4,65.88,Organic Search,USA
INV901596,2023-12-03,C100845,Books,4,23.67,Email,Germany
INV901665,2024-10-08,C100877,Sports & Outdoors,2,140.27,Paid Ads,united kingdom
INV903191,2023-10-19,C101728,Electronics,2,405.62,Organic Search,united kingdom
INV901562,2024-06-23,C100827,Electronics,4,374.96,Referral,united kingdom
INV902251,2024-10-20,C101204,Apparel,4,78.95,Email,United Kingdom
INV901977,2023-11-13,C101051,Office Supplies,4,26.84,Organic Search,Germany
INV900139,2023-05-23,C100071,Electronics,4,349.45,Organic Search,USA
INV902402,2023-09-06,C101299,Sports & Outdoors,3,165.51,Email,united kingdom
INV901625,2024-05-03,C100859,Beauty,4,8.01,Social,Germany
INV901959,2024-08-04,C101039,Books,5,8.5,Organic Search,germany
INV901276,2024-06-05,C100666,Toys,3,17.7,Organic Search,France
INV901833,2023-05-20,C100974,Beauty,4,28.8,Social,USA
INV902397,2024-03-28,C101298,Electronics,1,404.55,Organic Search,united kingdom
INV900997,2024-07-24,C100516,Electronics,-1,332.14,Paid Ads, United Kingdom
INV902541,2023-06-01,C101363,Sports & Outdoors,3,122.26,Organic Search,Germany
INV902487,2024-09-15,C101338,Apparel,4,88.64,Paid Ads,United Kingdom
INV900167,2024-07-28,C100088,Electronics,3,226.85,Paid Ads,ireland
INV901001,2023-11-18,C100518,Books,3,23.02,Referral,UK
INV903233,2023-05-01,C101744,Electronics,1,367.64,Organic Search,United Kingdom
INV901952,2024-08-15,C101035,Office Supplies,2,44.46,Organic Search,ireland
INV900932,2024-08-18,C100483,Sports & Outdoors,3,96.8,Social,united kingdom
INV902675,2023-05-13,C101444,Office Supplies,2,38.06,Email,DE
INV901836,2023-11-02,C100975,Books,4,10.26,Referral,USA
INV903184,2024-08-23,C101722,Books,3,11.95,Organic Search,france
INV900906,2024-12-04,C100461,Beauty,4,21.55,Paid Ads,Ireland
INV901483,2023-11-23,C100786,Books,2,34.92,Paid Ads,france
INV901009,2023-08-04,C100520,Apparel,1,81.92,Email,united kingdom
INV902671,2024-09-28,C101442,Electronics,3,199.84,Email,United Kingdom
INV900132,2023-09-27,C100064,Apparel,5,38.93,Social,UK
INV903230,2023-12-26,C101740,Toys,4,34.32,Email,UK
INV902959,2023-05-23,C101581,Home & Kitchen,3,95.21,Organic Search,UK
INV903313,2023-11-22,C101794,Home & Kitchen,4,38.2,Referral, United Kingdom
INV901317,2024-02-06,C100694,Home & Kitchen,4,23.9,Referral,USA
INV902122,2024-05-22,C101134,Sports & Outdoors,2,56.63,Organic Search,United Kingdom
INV900971,2023-11-08,C100506,Office Supplies,2,25.63,Social, United Kingdom
INV902990,2024-10-20,C101605,Electronics,5,556.79,Organic Search,united kingdom
INV901367,2024-12-14,C100725,Apparel,5,83.44,Email,Germany
INV902899,2023-12-21,C101545,Electronics,5,57.21,Paid Ads,United Kingdom
INV902938,2024-10-21,C101566,Toys,3,34.35,Referral,DE
INV901559,2024-03-12,,Office Supplies,3,32.81,Paid Ads,united kingdom
INV901154,2024-02-25,C100598,Beauty,3,17.61,Paid Ads,DE
INV903294,2024-08-18,C101783,Books,1,24.65,Paid Ads,united kingdom
INV900486,2024-07-15,C100248,Electronics,3,593.0,Paid Ads,ireland
INV900772,2024-11-03,C100395,Apparel,5,40.39,Paid Ads, United Kingdom
INV901337,2023-12-20,C100707,Electronics,2,286.44,Organic Search,UK
INV902676,2023-08-11,,Apparel,1,68.94,Email,germany
INV902937,2024-08-14,C101566,Office Supplies,4,31.96,Referral,germany
INV902908,2024-03-13,C101553,Beauty,4,5.86,Referral,germany
INV900928,2023-05-05,C100479,Books,5,25.45,Paid Ads,DE
INV902062,2023-11-14,C101100,Toys,4,33.64,Referral,United Kingdom
INV901463,2023-04-24,C100782,Sports & Outdoors,3,135.4,Email,US
INV902134,2024-11-19,C101142,Home & Kitchen,1,66.46,Email,France
INV903245,2024-03-19,C101754,Beauty,4,49.28,Paid Ads,Germany
INV901648,2024-12-11,C100869,Electronics,4,101.44,Referral,United Kingdom
INV902498,2024-01-12,C101340,Books,2,5.46,Organic Search,Germany
INV901033,2023-10-25,C100535,Books,2,6.89,Social,united kingdom
INV900741,2023-05-24,,Toys,4,42.31,Social,United Kingdom
INV901633,2024-11-28,C100863,Beauty,5,12.55,Organic Search,united kingdom
INV902221,2023-12-27,C101188,Beauty,2,10.87,Email,ireland
INV901413,2024-01-23,C100757,Toys,5,45.11,Referral,Ireland
INV900148,2023-07-24,C100077,Electronics,4,209.2,Paid Ads,germany
INV903019,2023-03-09,C101629,Beauty,5,43.39,Email,Ireland
INV900740,2023-04-17,C100385,Books,4,9.77,Social,united kingdom
INV903226,2023-09-08,C101738,Apparel,4,37.79,Referral,united kingdom
INV900345,2023-09-01,C100185,Home & Kitchen,1,29.43,Email,United Kingdom
INV900275,2024-10-04,C100144,Toys,5,10.23,Organic Search, United Kingdom
INV903030,2024-03-15,C101634,Beauty,4,31.62,Social,US
INV900233,2024-11-13,C100120,Books,3,14.57,Referral,united kingdom
INV902903,2023-11-03,C101552,Apparel,5,26.93,Email,UK
INV902637,2024-03-08,C101422,Apparel,4,22.45,Paid Ads,US
INV901383,2024-12-22,C100740,Sports & Outdoors,5,31.81,Referral,United Kingdom
INV900450,2023-12-10,C100234,Sports & Outdoors,5,100.51,Social,france
INV902682,2023-06-15,C101449,Apparel,4,89.25,Organic Search,UK
INV901818,2024-05-03,C100967,Sports & Outdoors,3,175.5,Organic Search,united kingdom
INV900185,2024-10-21,C100097,Beauty,4,49.01,Organic Search,UK
INV902579,2023-07-26,C101390,Sports & Outdoors,1,88.65,Social,United Kingdom
INV902360,2024-07-06,C101281,Electronics,5,560.33,Social,DE
INV900138,2024-10-01,C100067,Electronics,2,557.98,Organic Search,france
INV901097,2023-11-17,C100573,Home & Kitchen,1,12.99,Paid Ads,france
INV902705,2024-12-20,C101456,Electronics,5,90.49,Paid Ads,Ireland
INV901134,2024-11-25,C100590,Beauty,2,30.42,Organic Search,united kingdom
INV902411,2024-01-06,C101304,Books,4,34.64,Paid Ads,DE
INV900750,2023-11-01,C100386,Books,2,19.21,Paid Ads,UK
INV900386,2024-03-06,C100210,Home & Kitchen,1,92.22,Organic Search,france
INV902434,2024-03-14,C101316,Office Supplies,3,26.19,Organic Search, United Kingdom
INV900287,2024-01-20,C100154,Home & Kitchen,3,131.27,Organic Search,united states
INV900033,2023-04-06,C100017,Home & Kitchen,5,62.45,Organic Search,Ireland
INV901193,2023-11-21,C100621,Books,5,5.68,Paid Ads,germany
INV902706,2023-10-17,C101457,Beauty,4,31.0,Paid Ads, United Kingdom
INV900394,2023-11-10,C100213,Toys,3,64.36,Social,france
INV901121,2023-10-07,C100584,Electronics,4,567.45,Email,united kingdom
INV901131,2024-12-09,C100589,Beauty,1,37.8,Paid Ads,germany
INV902831,2024-12-19,C101509,Toys,4,42.59,Social,UK
INV902189,2023-12-04,C101177,Books,2,28.36,Organic Search,ireland
INV901812,2024-03-03,C100965,Office Supplies,5,17.42,Referral,united kingdom
INV900498,2023-10-11,C100255,Home & Kitchen,5,60.75,Organic Search, United Kingdom
INV900080,2024-04-06,C100042,Beauty,5,5.55,Organic Search,united kingdom
INV903196,2023-09-27,C101729,Toys,5,15.84,Organic Search,united kingdom
INV901013,2023-12-11,C100520,Office Supplies,3,42.93,Email,united kingdom
INV903135,2024-03-06,C101702,Home & Kitchen,5,17.33,Paid Ads,United Kingdom
INV902432,2023-12-28,C101315,Sports & Outdoors,4,78.65,Organic Search,DE
INV901052,2023-02-12,C100545,Toys,5,51.7,Paid Ads,DE
INV901999,2024-08-18,C101066,Home & Kitchen,4,11.08,Email,Germany
INV900329,2024-08-27,C100176,Toys,-5,39.9,Paid Ads,United Kingdom
INV902061,2023-10-02,C101100,Sports & Outdoors,1,179.38,Referral,United Kingdom
INV900248,2023-02-12,C100132,Sports & Outdoors,3,69.8,Paid Ads,DE
INV900004,2024-06-01,C100005,Office Supplies,2,6.11,Email,Germany
INV901900,2024-04-24,C101011,Office Supplies,3,43.3,Organic Search,United States
INV902088,2023-06-02,C101113,Sports & Outdoors,4,101.86,Paid Ads,UK
INV902760,2023-05-17,,Beauty,5,51.51,Organic Search,France
INV901029,2023-08-16,C100533,Toys,2,10.46,Organic Search, United Kingdom
INV902410,2024-10-21,C101303,Electronics,3,576.78,Organic Search, United Kingdom
INV901206,2024-02-03,C100633,Electronics,3,590.29,Email,UK
INV900736,2023-04-18,C100384,Beauty,4,31.46,Social,US
INV902717,2023-12-26,C101459,Electronics,1,489.98,Organic Search, United Kingdom
INV901199,2024-11-21,C100624,Apparel,4,71.41,Email,france
INV902869,2023-05-17,C101523,Apparel,2,57.48,Organic Search,UK
INV902376,2024-02-11,C101288,Office Supplies,2,42.65,Organic Search,ireland
INV900137,2024-10-10,C100067,Home & Kitchen,2,79.25,Organic Search,France
INV903126,2023-09-22,C101693,Beauty,2,43.36,Organic Search,france
INV901997,2024-07-17,C101066,Home & Kitchen,4,67.21,Email,DE
INV901089,2024-07-26,C100569,Beauty,5,24.92,Organic Search,UK
INV900775,2023-04-05,C100397,Apparel,2,12.43,Organic Search,United Kingdom
INV901254,2023-10-13,C100659,Electronics,2,359.47,Referral,france
INV902640,2024-02-08,C101423,Toys,3,37.51,Organic Search, United Kingdom
INV902349,2024-10-04,C101276,Electronics,1,50.43,Paid Ads,united kingdom
INV901509,2024-04-12,C100802,Toys,1,62.28,Paid Ads,united kingdom
INV900837,2024-05-26,C100427,Apparel,3,43.2,Paid Ads,UK
INV900086,2023-06-18,,Home & Kitchen,5,89.5,Paid Ads,United Kingdom
INV900980,2024-02-18,C100508,Apparel,-3,46.25,Referral,UK
INV902203,2024-02-22,C101183,Beauty,3,38.13,Organic Search,DE
INV900581,2023-10-11,C100300,Office Supplies,3,3.8,Paid Ads,United States
INV901077,2023-05-21,C100566,Beauty,5,30.04,Paid Ads,UK
INV901452,2024-11-10,C100774,Electronics,5,85.54,Referral,DE
INV901472,2023-07-19,C100783,Books,1,14.04,Organic Search,Germany
INV903073,2024-03-01,C101655,Electronics,2,397.95,Email,france
INV903280,2023-08-02,C101772,Books,3,28.71,Paid Ads,France
INV903000,2024-04-26,C101613,Toys,3,35.99,Organic Search,United States
INV902585,2024-10-18,C101392,Books,3,11.78,Email,USA
INV902082,2024-01-14,C101110,Toys,4,67.0,Organic Search,germany
INV901910,2024-02-25,,Electronics,4,398.82,Social,Ireland
INV900680,2023-06-12,C100352,Beauty,2,33.13,Organic Search,france
INV900500,2023-06-11,C100257,Books,1,19.67,Organic Search, United Kingdom
INV901766,2023-12-14,C100938,Books,-4,27.14,Referral,USA
INV900592,2023-03-24,C100305,Books,1,30.18,Organic Search,US
INV902763,2023-07-07,C101478,Apparel,4,12.44,Organic Search,France
INV901942,2023-12-26,C101030,Electronics,2,179.56,Email,Ireland
INV900967,2023-10-18,C100505,Beauty,5,30.82,Organic Search,united kingdom
INV901851,2024-12-10,C100983,Sports & Outdoors,4,191.52,Email,germany
INV902047,2023-12-11,C101089,Apparel,2,63.04,Organic Search,France
INV900046,2023-12-12,C100022,Home & Kitchen,5,105.73,Email, United Kingdom
INV901543,2024-01-05,C100817,Office Supplies,3,30.79,Email,united kingdom
INV902071,2023-04-02,C101105,Sports & Outdoors,2,186.21,Referral,United Kingdom
INV902045,2023-04-25,C101089,Electronics,1,145.92,Organic Search,France
INV900815,2023-06-03,C100413,Toys,5,42.66,Organic Search,France
INV901157,2024-06-05,C100601,Sports & Outdoors,3,26.0,Social, United Kingdom
INV901223,2024-07-13,C100641,Apparel,1,42.81,Organic Search,US
INV901731,2024-08-06,C100910,Home & Kitchen,2,115.95,Organic Search,France
INV902404,2024-06-09,C101300,Beauty,4,20.15,Organic Search,france
INV900901,2024-12-11,C100455,Office Supplies,3,7.43,Organic Search, United Kingdom
INV902017,2023-09-15,,Sports & Outdoors,1,92.16,Organic Search,germany
INV900157,2023-08-24,C100082,Books,1,21.57,Email,France
INV903125,2024-10-17,C101691,Electronics,1,269.74,Referral,US
INV901225,2024-11-12,C100642,Sports & Outdoors,5,84.44,Paid Ads,united kingdom
INV900502,2024-04-20,C100257,Electronics,3,205.87,Organic Search, United Kingdom
INV900648,2024-08-12,C100335,Office Supplies,1,30.28,Organic Search,France
INV901782,2024-08-28,C100948,Apparel,5,74.14,Paid Ads,UK
INV901332,2023-12-14,C100705,Home & Kitchen,2,52.1,Organic Search,US
INV900168,2023-11-15,C100090,Books,2,31.4,Email,US
INV903167,2024-04-20,C101718,Toys,4,62.84,Referral,united kingdom
INV901376,2024-11-16,C100733,Beauty,2,34.31,Email,United Kingdom
INV902572,2024-06-14,C101379,Beauty,2,50.7,Email,Germany
INV901212,2023-07-07,C100636,Home & Kitchen,4,13.79,Referral,Germany
INV902628,2023-09-28,C101417,Sports & Outdoors,5,165.33,Referral,USA
INV901298,2024-10-28,C100682,Electronics,2,112.77,Paid Ads,ireland
INV903283,2024-06-02,C101773,Home & Kitchen,3,120.37,Paid Ads,UK
INV901850,2024-12-24,C100983,Beauty,4,21.64,Email,Germany
INV901670,2023-09-19,C100880,Beauty,4,37.66,Organic Search,United States
INV902841,2023-09-27,C101513,Electronics,1,323.08,Paid Ads,United Kingdom
INV900697,2023-03-04,C100358,Home & Kitchen,4,139.48,Paid Ads,united kingdom
INV902881,2023-01-08,C101531,Toys,3,54.75,Email,united kingdom
INV902606,2024-09-21,C101403,Office Supplies,1,6.56,Paid Ads,United Kingdom
INV902223,2023-01-21,C101189,Sports & Outdoors,2,30.51,Paid Ads,united kingdom
INV902426,2024-08-23,C101312,Toys,3,10.05,Referral,ireland
INV900477,2023-07-13,C100245,Books,2,6.99,Paid Ads, United Kingdom
INV902165,2024-04-22,C101159,Sports & Outdoors,4,167.44,Organic Search,united kingdom
INV902990,2024-10-20,C101605,Apparel,5,55.4,Organic Search,united kingdom
INV901113,2024-06-02,C100581,Books,3,24.96,Organic Search,united kingdom
INV903187,2024-04-11,C101725,Sports & Outdoors,5,155.28,Paid Ads, United Kingdom
INV901126,2024-05-04,C100588,Office Supplies,3,16.08,Referral,United Kingdom
INV902335,2023-01-28,C101269,Sports & Outdoors,5,147.45,Paid Ads, United Kingdom
INV902744,2024-08-13,C101470,Sports & Outdoors,2,166.03,Paid Ads,Ireland
INV901374,2024-06-01,C100733,Office Supplies,1,6.61,Email,united kingdom
INV900282,2024-07-18,C100150,Toys,2,16.09,Email,united kingdom
INV900573,2024-02-28,C100297,Beauty,4,50.89,Email,United Kingdom
INV903103,2023-04-02,C101676,Home & Kitchen,2,107.73,Email,France
INV902912,2023-10-26,C101554,Sports & Outdoors,1,168.33,Email,United States
INV901790,2023-09-22,C100951,Beauty,1,9.71,Social, United Kingdom
INV901944,2024-01-22,C101030,Beauty,2,53.75,Email,Ireland
INV902547,2023-01-23,C101365,Toys,5,49.02,Organic Search,United States
INV900903,2024-06-08,C100460,Home & Kitchen,2,112.78,Email,Ireland
INV900650,2024-12-11,C100335,Home & Kitchen,4,109.64,Organic Search,France
INV900822,2024-05-03,C100415,Apparel,4,38.63,Email,France
INV901434,2024-08-21,C100765,Books,2,14.95,Referral,United States
INV900285,2024-11-03,C100152,Electronics,4,129.58,Organic Search,USA
INV901570,2023-05-04,C100831,Toys,3,19.62,Organic Search, United Kingdom
INV901784,2023-09-07,C100949,Apparel,2,14.98,Referral,United States
INV902345,2024-06-23,C101275,Apparel,1,12.83,Paid Ads,UK
INV903140,2024-11-26,C101706,Office Supplies,2,23.77,Email,ireland
INV902373,2023-09-19,C101288,Electronics,5,334.65,Organic Search,ireland
INV903179,2024-08-15,C101720,Beauty,2,12.32,Referral,united kingdom
INV900724,2023-11-22,C100375,Sports & Outdoors,3,192.17,Paid Ads,ireland
INV902096,2024-10-03,C101116,Toys,1,19.8,Organic Search,Germany
INV900078,2024-10-08,C100041,Home & Kitchen,3,28.08,Referral,United States
INV901502,2023-11-21,C100799,Books,5,17.16,Email,US
INV900208,2024-05-05,C100111,Beauty,3,26.65,Paid Ads,USA
INV901028,2023-05-21,C100531,Beauty,2,51.13,Email,United Kingdom
INV901750,2024-07-28,C100924,Sports & Outdoors,5,61.74,Email,France
INV903259,2024-11-19,C101763,Books,5,28.85,Organic Search,ireland
INV900255,2024-08-27,C100133,Home & Kitchen,3,44.6,Social,United States
INV901776,2024-01-13,C100943,Toys,1,57.42,Social, United Kingdom
INV900091,2024-12-07,C100044,Office Supplies,1,33.93,Paid Ads, United Kingdom
INV901000,2023-10-08,C100518,Books,5,21.75,Referral, United Kingdom
INV900605,2024-02-07,C100310,Toys,3,52.15,Referral,UK
INV900871,2023-12-10,C100443,Beauty,5,32.16,Paid Ads,united kingdom
INV902762,2023-06-16,C101478,Apparel,1,9.84,Organic Search,france
INV901694,2023-04-23,C100887,Books,5,32.42,Email,DE
INV901376,2024-11-16,C100733,Sports & Outdoors,1,198.85,Email,United Kingdom
INV900476,2023-04-23,C100245,Electronics,4,591.18,Paid Ads, United Kingdom
INV901497,2024-07-05,C100797,Beauty,2,43.26,Referral,United States
INV901409,2024-10-04,C100754,Toys,4,66.26,Social,ireland
INV903143,2023-05-10,C101708,Sports & Outdoors,3,65.5,Email,US
INV901010,2023-08-11,C100520,Beauty,2,15.21,Email,UK
INV902989,2024-08-22,C101605,Apparel,3,35.5,Organic Search,United Kingdom
INV903273,2024-12-22,C101766,Apparel,3,45.52,Referral, United Kingdom
INV901488,2023-08-07,C100790,Home & Kitchen,4,56.61,Referral,DE
INV902955,2023-04-23,C101578,Toys,3,34.0,Paid Ads,UK
INV901918,2023-11-28,C101013,Apparel,3,51.51,Paid Ads,United States
INV901183,2024-12-22,C100614,Apparel,1,73.66,Referral,united kingdom
INV901559,2024-03-12,C100826,Toys,4,28.83,Paid Ads,united kingdom
INV900720,2023-06-23,C100375,Apparel,5,60.0,Paid Ads,ireland
INV901645,2024-10-09,C100868,Office Supplies,4,12.7,Organic Search,United States
INV902217,2023-12-10,C101187,Home & Kitchen,5,90.66,Paid Ads,US
INV901674,2024-06-23,C100881,Office Supplies,5,32.75,Referral,United States
INV901137,2023-11-12,C100592,Books,2,17.55,Email,DE
INV901280,2024-11-25,,Beauty,5,31.45,Paid Ads,united kingdom
INV901137,2023-11-12,C100592,Apparel,4,62.95,Email,DE
INV901120,2023-10-28,C100584,Electronics,2,571.9,Email,UK
INV901355,2023-03-10,C100720,Electronics,2,484.45,Organic Search,US
INV900135,2024-12-21,C100066,Toys,5,9.62,Social,DE
INV901225,2024-11-12,C100642,Beauty,4,11.19,Paid Ads,united kingdom
INV903094,2024-07-16,C101669,Apparel,4,29.73,Social,DE
INV901874,2024-08-13,C100995,Home & Kitchen,3,72.44,Organic Search,DE
INV900953,2024-06-20,C100495,Apparel,4,27.66,Organic Search,United Kingdom
INV903099,2024-06-11,C101673,Electronics,2,595.6,Referral,United Kingdom
INV901437,2024-08-11,C100766,Electronics,1,329.42,Referral,France
INV901347,2024-07-07,C100714,Apparel,4,13.6,Referral,United Kingdom
INV900087,2023-11-23,C100044,Home & Kitchen,3,81.97,Paid Ads,united kingdom
INV902470,2023-10-08,C101329,Books,2,28.22,Email,Ireland
INV902376,2024-02-11,C101288,Sports & Outdoors,4,42.96,Organic Search,ireland
INV900044,2023-08-15,C100021,Books,2,10.86,Referral,US
INV900494,2023-07-17,C100253,Toys,2,64.0,Organic Search,Ireland
INV900366,2023-11-13,C100196,Home & Kitchen,4,21.12,Organic Search,Ireland
INV901223,2024-07-13,C100641,Electronics,4,316.87,Organic Search,US
INV903142,2024-11-28,C101707,Electronics,2,313.04,Organic Search,UK
INV900798,2023-12-28,C100407,Beauty,2,35.37,Email,France
INV901025,2024-07-25,C100525,Apparel,5,27.3,Paid Ads,US
INV902061,2023-10-02,C101100,Home & Kitchen,4,67.91,Referral,United Kingdom
INV901516,2023-03-04,C100807,Sports & Outdoors,2,100.51,Paid Ads,USA
INV901087,2024-07-09,C100567,Home & Kitchen,4,77.28,Organic Search,United States
INV901110,2024-05-05,C100577,Books,2,34.76,Social,germany
INV903029,2023-12-17,C101634,Home & Kitchen,2,26.84,Social,USA
INV903310,2023-05-04,C101787,Electronics,4,485.89,Email,united kingdom
INV900829,2023-12-15,C100423,Toys,1,33.36,Referral,germany
INV901267,2023-08-16,C100663,Home & Kitchen,1,89.99,Social,germany
INV902977,2024-05-07,C101598,Toys,2,37.34,Referral,germany
INV900021,2024-09-20,C100011,Office Supplies,3,35.14,Referral, United Kingdom
INV900023,2024-11-18,C100012,Electronics,2,135.18,Social,united kingdom
INV901354,2023-11-07,C100718,Apparel,3,19.17,Social, United Kingdom
INV902791,2023-12-15,C101488,Electronics,3,249.46,Email,UK
INV900046,2023-12-12,C100022,Office Supplies,1,32.51,Email, United Kingdom
INV902342,2024-05-13,C101273,Sports & Outdoors,5,111.37,Organic Search, United Kingdom
INV900757,2023-10-18,C100389,Electronics,4,86.25,Paid Ads,ireland
INV900641,2023-11-09,C100332,Sports & Outdoors,1,180.43,Organic Search,UK
INV900631,2024-05-28,C100326,Books,1,23.46,Paid Ads,United Kingdom
INV900456,2024-08-15,C100234,Sports & Outdoors,1,85.79,Social,france
INV901059,2023-11-22,C100551,Apparel,5,9.13,Email,Germany
INV902670,2024-05-25,C101441,Books,3,12.71,Organic Search,DE
INV901830,2024-04-19,C100973,Apparel,4,28.82,Social, United Kingdom
INV900377,2023-12-13,C100204,Beauty,1,47.97,Organic Search,United Kingdom
INV902088,2023-06-02,C101113,Home & Kitchen,4,12.78,Paid Ads,UK
INV900172,2024-07-24,C100090,Apparel,1,83.97,Email,united states
INV901035,2023-11-08,C100536,Electronics,3,591.4,Organic Search,Ireland
INV902378,2024-07-12,C101288,Toys,2,44.55,Organic Search,ireland
INV901127,2024-06-07,C100588,Home & Kitchen,3,133.4,Referral,UK
INV901007,2024-04-18,C100518,Office Supplies,2,37.61,Referral,UK
INV902308,2024-11-16,C101245,Sports & Outdoors,5,138.75,Social,US
INV900954,2024-10-09,C100495,Apparel,2,15.09,Organic Search,united kingdom
INV901068,2023-03-19,C100561,Office Supplies,1,12.85,Paid Ads,France
INV902022,2024-09-11,C101075,Home & Kitchen,1,116.68,Organic Search,Germany
INV901112,2023-05-14,C100580,Apparel,3,49.18,Paid Ads,france
INV900685,2024-08-19,C100355,Home & Kitchen,5,93.7,Referral,germany
INV900246,2024-12-28,C100131,Apparel,1,13.16,Email,germany
INV901889,2023-11-03,C101007,Home & Kitchen,5,133.78,Organic Search,france
INV901598,2023-04-17,C100846,Books,1,29.03,Email,Germany
INV900270,2023-10-11,C100142,Home & Kitchen,5,142.58,Email,germany
INV903215,2024-01-02,C101736,Books,1,21.2,Paid Ads,USA
INV901207,2023-12-04,C100634,Sports & Outdoors,1,54.69,Organic Search,united kingdom
INV900770,2024-06-12,C100395,Office Supplies,2,38.13,Paid Ads, United Kingdom
INV902294,2023-09-25,C101237,Beauty,4,38.24,Referral,France
INV901654,2024-10-17,C100874,Toys,4,50.43,Email,united kingdom
INV902339,2023-03-18,C101271,Apparel,1,21.65,Organic Search,united kingdom
INV902932,2024-03-08,C101564,Beauty,3,9.89,Organic Search,france
INV902192,2023-11-13,C101178,Toys,1,60.97,Organic Search,United Kingdom
INV902175,2023-02-26,C101166,Office Supplies,4,4.82,Paid Ads,DE
INV902491,2023-12-09,C101339,Books,3,12.41,Paid Ads,United States
INV902508,2023-12-05,C101343,Electronics,5,360.75,Organic Search,ireland
INV901103,2024-08-23,C100575,Electronics,1,260.95,Paid Ads,US
INV900705,2024-03-18,C100366,Sports & Outdoors,3,76.85,Organic Search,UK
INV902923,2024-12-07,C101555,Electronics,2,478.15,Paid Ads, United Kingdom
INV901654,2024-10-17,C100874,Electronics,5,451.49,Email,united kingdom
INV902123,2024-05-01,C101134,Office Supplies,3,27.84,Organic Search,United Kingdom
INV902408,2024-06-04,C101303,Beauty,1,28.92,Organic Search, United Kingdom
INV901848,2024-03-20,C100983,Books,3,7.22,Email,germany
INV902954,2024-07-23,C101577,Books,4,31.75,Organic Search,united states
INV902044,2024-12-28,,Office Supplies,1,7.95,Email,UK
INV901479,2024-02-01,C100784,Home & Kitchen,1,138.94,Organic Search,france
INV901225,2024-11-12,C100642,Office Supplies,2,23.93,Paid Ads,united kingdom
INV900169,2023-12-26,C100090,Sports & Outdoors,2,117.4,Email,US
INV900461,2023-08-01,C100238,Sports & Outdoors,4,140.37,Organic Search, United Kingdom
INV901151,2024-05-18,C100597,Toys,3,67.81,Email,DE
INV900672,2024-04-09,C100350,Beauty,3,51.45,Organic Search,US
INV901885,2023-07-05,C101004,Toys,4,10.32,Email,UK
INV901143,2024-12-24,C100595,Beauty,1,53.77,Email,Ireland
INV902312,2023-05-27,C101250,Beauty,1,16.98,Email,Germany
INV902248,2024-11-10,C101202,Apparel,5,28.96,Referral,france
INV902540,2023-05-09,C101363,Office Supplies,5,43.19,Organic Search,germany
INV902295,2023-11-22,C101237,Sports & Outdoors,1,47.06,Referral,france
INV901094,2023-12-14,C100572,Office Supplies,1,22.79,Organic Search,France
INV900143,2024-10-09,C100073,Sports & Outdoors,2,89.18,Social,UK
INV902089,2023-06-26,C101113,Beauty,4,15.23,Paid Ads,UK
INV900664,2024-03-13,C100348,Toys,4,7.29,Referral,Ireland
INV902353,2024-11-24,C101277,Books,2,30.81,Referral,united kingdom
INV901938,2023-11-15,C101029,Home & Kitchen,2,150.0,Paid Ads,US
INV900318,2023-11-28,C100170,Electronics,1,377.43,Referral,France
INV902680,2023-04-17,,Toys,5,22.61,Organic Search,UK
INV901706,2024-08-14,C100893,Books,1,9.03,Email,united kingdom
INV902561,2024-12-02,C101372,Sports & Outdoors,2,35.59,Referral,UK
INV901808,2024-07-28,C100964,Electronics,4,222.26,Email,United Kingdom
INV900320,2023-10-10,C100171,Beauty,1,34.91,Email,germany
INV900457,2024-08-15,C100234,Sports & Outdoors,4,35.38,Social,France
INV903237,2024-11-03,C101745,Electronics,-5,332.33,Referral,Germany
INV902532,2023-11-12,C101358,Apparel,1,22.03,Organic Search, United Kingdom
INV900877,2023-08-20,C100446,Books,5,27.0,Paid Ads,france
INV902041,2024-08-22,C101085,Sports & Outdoors,3,69.2,Social,ireland
INV901241,2024-09-26,C100653,Books,2,33.27,Paid Ads,united kingdom
INV900187,2023-04-02,C100101,Books,3,16.71,Paid Ads,Germany
INV902138,2024-06-02,C101144,Electronics,3,485.45,Social,ireland
INV900435,2024-07-10,C100230,Home & Kitchen,1,46.86,Social,germany
INV900757,2023-10-18,C100389,Toys,3,37.65,Paid Ads,ireland
INV901780,2023-06-11,C100947,Books,3,10.88,Email,United Kingdom
INV900376,2023-10-27,C100204,Office Supplies,4,15.89,Organic Search,UK
INV901744,2024-09-01,C100920,Office Supplies,3,42.58,Social,france
INV902370,2023-12-08,C101287,Beauty,4,12.99,Paid Ads,Germany
INV902510,2024-08-01,C101345,Sports & Outdoors,3,61.56,Organic Search, United Kingdom
INV901302,2024-05-18,C100686,Toys,2,64.09,Paid Ads,germany
INV903157,2024-01-12,,Office Supplies,4,3.62,Organic Search,United Kingdom
INV901916,2023-07-18,C101013,Office Supplies,5,24.55,Paid Ads,USA
INV902478,2024-07-19,C101331,Sports & Outdoors,2,188.79,Email,united kingdom
INV903214,2024-06-02,C101735,Sports & Outdoors,1,196.09,Paid Ads,germany
INV900692,2024-06-01,C100357,Apparel,1,52.77,Referral,United Kingdom
INV902284,2023-05-19,C101228,Apparel,2,24.54,Organic Search,united kingdom
INV900397,2024-09-13,C100213,Electronics,-3,127.81,Social,france
INV902137,2023-08-24,C101144,Office Supplies,5,34.89,Social,ireland
INV901946,2024-08-23,C101033,Home & Kitchen,2,117.95,Referral,germany
INV901949,2024-07-01,C101034,Home & Kitchen,3,85.87,Email,united kingdom
INV900098,2024-11-12,C100048,Toys,3,14.61,Referral,germany
INV900646,2024-07-24,C100335,Beauty,5,32.24,Organic Search,france
INV900261,2024-04-15,C100136,Books,5,17.77,Paid Ads,france
INV900212,2024-12-04,C100111,Sports & Outdoors,5,110.61,Paid Ads,USA
INV901521,2023-12-16,C100807,Office Supplies,4,44.65,Paid Ads,United States
INV902145,2023-10-06,C101152,Home & Kitchen,5,88.62,Paid Ads,united kingdom
INV901807,2024-08-04,C100963,Electronics,2,358.82,Paid Ads,France
INV901157,2024-06-05,C100601,Home & Kitchen,4,143.76,Social, United Kingdom
INV901082,2023-09-28,C100567,Office Supplies,5,36.57,Organic Search,USA
INV901846,2023-12-17,C100982,Office Supplies,4,13.77,Paid Ads,germany
INV903107,2023-12-13,,Toys,1,7.5,Email,France
INV901247,2023-11-13,C100655,Electronics,2,425.81,Referral,UK
INV902350,2024-10-23,,Toys,4,7.39,Paid Ads,United Kingdom
INV902716,2023-11-28,C101459,Office Supplies,3,5.13,Organic Search,united kingdom
INV902838,2024-05-17,C101512,Books,2,9.87,Paid Ads,DE
INV900940,2024-06-22,C100488,Sports & Outdoors,2,195.42,Social,United Kingdom
INV901060,2023-07-03,C100553,Apparel,4,66.08,Social,Germany
INV901763,2023-05-24,C100936,Electronics,2,366.28,Organic Search,US
INV900826,2024-08-08,C100420,Sports & Outdoors,1,87.81,Paid Ads,United Kingdom
INV902731,2024-03-11,C101463,Home & Kitchen,5,122.96,Referral, United Kingdom
INV901815,2024-05-15,C100965,Sports & Outdoors,5,24.28,Referral,UK
INV903157,2024-01-12,C101714,Home & Kitchen,3,97.23,Organic Search,United Kingdom
INV901578,2024-02-19,C100832,Books,5,31.35,Email,DE
INV901880,2024-04-24,C101001,Toys,4,16.7,Organic Search, United Kingdom
INV900935,2023-11-03,C100485,Sports & Outdoors,4,97.84,Organic Search,United Kingdom
INV901592,2023-08-28,C100844,Beauty,5,9.56,Email,united kingdom
INV900124,2023-04-24,C100057,Office Supplies,5,18.62,Paid Ads,france
INV901555,2024-11-23,C100824,Sports & Outdoors,1,122.66,Paid Ads,germany
INV901916,2023-07-18,C101013,Beauty,2,5.03,Paid Ads,USA
INV902212,2023-10-06,C101185,Books,3,27.15,Organic Search, United Kingdom
INV901910,2024-02-25,C101012,Books,4,17.94,Social,Ireland
INV900520,2024-05-02,C100268,Beauty,4,11.33,Referral,Germany
INV902864,2024-03-11,,Beauty,-3,47.46,Organic Search,united kingdom
INV903039,2024-05-27,C101640,Toys,1,10.48,Paid Ads,UK
INV901689,2024-06-28,C100885,Electronics,4,462.66,Referral,USA
INV902675,2023-05-13,C101444,Home & Kitchen,5,84.87,Email,DE
INV902596,2023-09-03,C101398,Apparel,2,10.27,Organic Search,france
INV903177,2024-05-01,C101720,Home & Kitchen,5,95.12,Referral,united kingdom
INV901406,2024-08-11,C100753,Books,2,,Organic Search,United Kingdom
INV901657,2024-04-09,C100875,Office Supplies,5,34.85,Paid Ads, United Kingdom
INV900208,2024-05-05,C100111,Beauty,4,6.98,Paid Ads,USA
INV900395,2024-03-01,C100213,Apparel,3,51.09,Social,France
INV902188,2023-06-25,C101177,Apparel,2,18.69,Organic Search,Ireland
INV902551,2024-05-21,C101369,Office Supplies,1,14.99,Referral,United Kingdom
INV901846,2023-12-17,C100982,Beauty,5,41.45,Paid Ads,germany
INV902547,2023-01-23,C101365,Electronics,5,397.35,Organic Search,United States
INV900936,2023-12-12,C100485,Books,1,25.63,Organic Search,united kingdom
INV900841,2024-05-16,C100432,Home & Kitchen,5,123.35,Paid Ads,United Kingdom
INV901940,2023-10-28,C101030,Sports & Outdoors,1,124.37,Email,ireland
INV900214,2023-12-18,C100114,Electronics,1,569.81,Paid Ads,UK
INV902183,2023-07-15,C101176,Home & Kitchen,4,130.09,Social,united kingdom
INV901150,2024-04-24,C100597,Books,3,403.3699946920005,Email,Germany
INV901372,2024-10-16,C100731,Apparel,5,69.49,Referral,Germany
INV903110,2023-11-23,,Home & Kitchen,4,65.27,Social,UK
INV900398,2023-09-24,C100215,Books,4,13.25,Organic Search,UK
INV900209,2024-05-21,C100111,Books,5,32.2,Paid Ads,USA
INV903269,2023-12-16,C101766,Sports & Outdoors,5,175.78,Referral,United Kingdom
INV901619,2023-10-05,C100856,Apparel,5,41.03,Organic Search,Germany
INV903077,2024-08-23,C101657,Home & Kitchen,1,148.98,Organic Search,United Kingdom
INV900277,2024-07-12,C100145,Electronics,1,445.98,Paid Ads,DE
INV901384,2023-07-26,C100743,Electronics,4,275.55,Organic Search,United Kingdom
INV901605,2024-07-06,C100851,Office Supplies,2,43.29,Organic Search,DE
INV900349,2024-09-21,C100186,Toys,2,65.26,Referral,united kingdom
INV901243,2023-12-15,C100654,Home & Kitchen,1,49.69,Organic Search,germany
INV901046,2024-05-22,C100540,Home & Kitchen,5,27.89,Organic Search,United States
INV902327,2023-08-20,C101264,Sports & Outdoors,1,35.76,Referral, United Kingdom
INV902675,2023-05-13,C101444,Apparel,5,59.47,Email,DE
INV902365,2023-03-23,C101285,Apparel,3,30.72,Organic Search, United Kingdom
INV901008,2024-07-05,C100518,Toys,5,7.84,Referral,United Kingdom
INV901349,2024-11-10,C100714,Toys,2,42.94,Referral, United Kingdom
INV900179,2023-10-20,C100095,Books,3,29.28,Paid Ads,Germany
INV902114,2024-08-11,C101125,Toys,1,58.08,Paid Ads,DE
INV900894,2024-05-08,C100452,Home & Kitchen,2,68.4,Organic Search,united kingdom
INV900061,2023-04-09,C100032,Toys,1,64.82,Paid Ads,germany
INV901161,2023-11-07,C100605,Apparel,1,79.71,Paid Ads,United Kingdom
INV901133,2024-11-20,C100590,Apparel,3,36.02,Organic Search,UK
INV903121,2023-07-28,C101689,Beauty,1,36.44,Paid Ads,Germany
INV903270,2024-04-14,C101766,Office Supplies,3,5.91,Referral,United Kingdom
INV901852,2023-12-28,C100984,Beauty,1,38.09,Paid Ads, United Kingdom
INV901738,2024-03-24,C100916,Books,1,25.14,Referral,United Kingdom
INV902885,2023-12-22,C101533,Books,1,20.3,Paid Ads,US
INV900121,2024-12-13,C100056,Electronics,2,427.92,Referral,United States
INV902826,2023-10-28,C101507,Toys,2,12.36,Organic Search,UK
INV900994,2024-10-01,C100514,Books,5,9.39,Organic Search, United Kingdom
INV901705,2024-10-17,C100892,Books,4,14.38,Organic Search,United States
INV900619,2024-09-14,C100318,Apparel,3,72.3,Email,UK
INV902244,2024-12-02,C101201,Toys,1,68.8,Organic Search,united states
INV900216,2024-05-11,C100115,Toys,-3,29.25,Organic Search,Germany
INV903318,2023-12-12,C101795,Office Supplies,1,29.96,Organic Search, United Kingdom
INV900338,2023-10-06,C100182,Electronics,2,428.35,Social,DE
INV902571,2024-03-11,C101379,Apparel,2,33.07,Email,DE
INV902822,2023-12-27,C101504,Sports & Outdoors,4,75.26,Referral,United States
INV900952,2023-08-22,C100494,Beauty,1,42.98,Referral,france
INV901537,2024-10-06,C100815,Beauty,2,30.51,Referral,US
INV900961,2024-02-02,C100501,Apparel,5,85.38,Organic Search,Ireland
INV901744,2024-09-01,C100920,Office Supplies,3,14.81,Social,france
INV901165,2024-08-23,C100608,Sports & Outdoors,5,142.17,Organic Search,DE
INV902849,2024-08-28,C101515,Apparel,3,65.67,Organic Search, United Kingdom
INV901618,2023-10-15,C100856,Toys,4,28.04,Organic Search,DE
INV902311,2024-07-08,C101247,Office Supplies,1,30.96,Social, United Kingdom
INV901538,2023-02-23,C100816,Office Supplies,3,43.4,Paid Ads,France
INV901277,2024-06-28,C100666,Books,5,16.79,Organic Search,france
INV902222,2023-01-06,C101189,Home & Kitchen,4,39.92,Paid Ads,united kingdom
INV900393,2023-09-05,C100213,Electronics,1,427.1,Social,France
INV902855,2023-12-11,C101518,Books,4,23.18,Organic Search,ireland
INV901088,2023-12-06,C100569,Toys,1,56.39,Organic Search,UK
INV900991,2024-06-16,C100513,Books,4,13.64,Social,Germany
INV901782,2024-08-28,C100948,Apparel,3,61.25,Paid Ads,UK
INV900062,2024-12-25,C100032,Office Supplies,2,41.94,Paid Ads,Germany
INV902631,2024-06-01,C101418,Toys,2,55.91,Paid Ads,united kingdom
INV900817,2023-12-09,C100413,Beauty,4,47.47,Organic Search,france
INV901849,2024-04-01,C100983,Beauty,2,40.19,Email,Germany
INV902142,2023-08-25,C101150,Sports & Outdoors,4,153.6,Social,germany
INV902952,2024-02-25,C101576,Electronics,4,171.41,Organic Search,UK
INV900113,2023-08-10,C100055,Sports & Outdoors,-1,85.89,Referral,United States
INV902160,2023-07-03,C101159,Beauty,-5,53.12,Organic Search,united kingdom
INV902100,2023-10-09,C101119,Office Supplies,2,31.13,Paid Ads,united states
INV900316,2024-06-27,C100169,Apparel,1,38.83,Paid Ads, United Kingdom
INV900474,2024-12-15,C100244,Books,2,10.3,Paid Ads,united kingdom
INV902347,2024-02-01,C101276,Beauty,4,28.3,Paid Ads, United Kingdom
INV901173,2023-10-21,C100611,Home & Kitchen,2,35.63,Organic Search,ireland
INV901202,2023-12-22,C100629,Beauty,5,9.41,Organic Search,United Kingdom
INV900410,2024-11-01,C100218,Books,1,19.81,Organic Search,United Kingdom
INV900150,2024-08-07,C100080,Electronics,1,471.77,Social,united kingdom
INV901555,2024-11-23,C100824,Electronics,2,81.38,Paid Ads,germany
INV901709,2024-03-19,,Sports & Outdoors,1,52.46,Organic Search,Ireland
INV903069,2023-09-17,C101655,Electronics,4,350.59,Email,france
INV901358,2023-07-17,C100720,Electronics,4,292.04,Organic Search,US
INV900879,2024-11-08,C100447,Sports & Outdoors,3,51.88,Paid Ads,France
INV903192,2023-03-18,C101729,Home & Kitchen,1,30.31,Organic Search,UK
INV900051,2024-10-23,C100027,Home & Kitchen,5,119.29,Referral,United Kingdom
INV900610,2024-04-19,C100312,Apparel,1,18.82,Paid Ads,US
INV900531,2023-10-23,C100276,Electronics,5,149.67,Paid Ads,France
INV902011,2024-07-26,C101073,Sports & Outdoors,2,67.46,Paid Ads,USA
INV901038,2024-02-18,C100536,Office Supplies,1,41.32,Organic Search,ireland
INV903128,2024-05-03,C101695,Office Supplies,1,28.98,Social,DE
INV902791,2023-12-15,C101488,Electronics,2,581.24,Email,UK
INV902813,2024-10-28,C101499,Apparel,5,46.8,Paid Ads, United Kingdom
INV902468,2024-03-21,C101328,Toys,4,30.79,Organic Search,Germany
INV900415,2023-10-28,C100221,Books,3,19.58,Organic Search,UK
INV901481,2024-08-08,C100784,Apparel,1,63.08,Organic Search,france
INV902778,2024-06-26,C101485,Electronics,4,62.73,Referral,United States
INV900790,2024-05-23,C100404,Apparel,3,79.82,Referral,france
INV900096,2024-04-07,C100048,Sports & Outdoors,5,105.72,Referral,DE
INV901402,2023-06-19,C100752,Books,3,16.02,Organic Search,united kingdom
INV900965,2023-07-27,C100504,Toys,2,37.62,Organic Search,ireland
INV901382,2024-12-04,C100740,Home & Kitchen,5,115.77,Referral,United Kingdom
INV901305,2023-09-14,C100688,Electronics,2,529.71,Organic Search,DE
INV902803,2023-12-01,C101494,Sports & Outdoors,5,114.85,Paid Ads,united kingdom
INV900378,2024-04-24,,Electronics,4,91.36,Referral,France
INV900018,2023-11-04,C100010,Sports & Outdoors,1,60.17,Referral,Ireland
INV903120,2023-02-19,C101689,Apparel,3,79.77,Paid Ads,DE
INV900857,2024-09-05,C100440,Apparel,5,67.35,Organic Search,United Kingdom
INV902309,2024-07-22,C101246,Toys,2,37.36,Organic Search,United Kingdom
INV903002,2024-07-20,C101613,Beauty,3,59.03,Organic Search,US
INV900435,2024-07-10,C100230,Home & Kitchen,5,14.08,Social,germany
INV902875,2023-06-18,C101528,Electronics,4,390.72,Email,germany
INV902291,2023-04-09,C101237,Apparel,3,70.25,Referral,France
INV903272,2024-11-25,C101766,Toys,2,8.54,Referral,United Kingdom
INV902954,2024-07-23,C101577,Home & Kitchen,5,101.71,Organic Search,united states
INV902553,2023-11-07,C101371,Beauty,4,49.28,Email,France
INV900845,2024-12-06,C100433,Office Supplies,3,39.25,Social,UK
INV901610,2024-10-15,C100852,Apparel,5,10.93,Referral,UK
INV903301,2024-09-22,C101784,Sports & Outdoors,-3,70.23,Organic Search,United States
INV901558,2023-03-08,C100825,Home & Kitchen,2,66.23,Organic Search,germany
INV901053,2024-10-07,C100545,Sports & Outdoors,1,160.96,Paid Ads,germany
INV902037,2023-12-08,C101083,Beauty,3,8.45,Organic Search, United Kingdom
INV900704,2023-12-13,C100366,Office Supplies,4,28.18,Organic Search,united kingdom
INV901263,2024-06-17,C100660,Books,5,27.15,Social,united kingdom
INV902791,2023-12-15,C101488,Office Supplies,1,43.84,Email,UK
INV901833,2023-05-20,C100974,Sports & Outdoors,3,51.43,Social,USA
INV902766,2023-09-11,C101479,Sports & Outdoors,2,175.05,Email,united states
INV901279,2024-06-28,C100667,Apparel,1,86.96,Organic Search,france
INV901795,2023-11-22,C100953,Toys,4,51.28,Referral,United Kingdom
INV901316,2023-12-04,C100694,Apparel,4,31.6,Referral,USA
INV902108,2024-11-09,C101122,Toys,4,54.96,Organic Search,germany
INV902773,2023-09-26,C101484,Books,5,28.51,Organic Search,Ireland
INV900013,2023-05-01,C100008,Beauty,4,28.62,Organic Search, United Kingdom
INV903111,2024-09-05,C101679,Books,4,27.92,Social,United Kingdom
INV901575,2023-12-25,C100831,Sports & Outdoors,4,14.69,Organic Search,United Kingdom
INV901537,2024-10-06,C100815,Home & Kitchen,2,16.79,Referral,US
INV900311,2023-12-27,C100168,Home & Kitchen,4,123.88,Organic Search,ireland
INV900161,2024-04-18,C100085,Toys,5,65.29,Social,France
INV900089,2024-09-18,C100044,Beauty,3,31.75,Paid Ads,United Kingdom
INV903004,2023-03-14,C101614,Apparel,5,14.42,Organic Search,united kingdom
INV900307,2023-09-10,C100167,Sports & Outdoors,1,85.96,Email,Germany
INV902704,2024-10-06,C101456,Sports & Outdoors,4,80.13,Paid Ads,ireland
INV900681,2023-09-28,C100352,Sports & Outdoors,2,18.27,Organic Search,france
INV901981,2024-11-04,C101053,Books,2,28.97,Social,US
INV901803,2023-07-11,C100960,Toys,-2,50.85,Paid Ads,united kingdom
INV901342,2024-05-21,C100711,Sports & Outdoors,5,188.82,Referral, United Kingdom
INV900317,2023-06-04,C100170,Electronics,2,347.47,Referral,France
INV903288,2023-09-15,C101778,Toys,1,1688.178125933187,Email,united states
INV901703,2023-12-13,C100892,Electronics,3,487.84,Organic Search,united states
INV900335,2024-09-13,C100180,Beauty,5,26.67,Organic Search,united kingdom
INV901529,2024-10-25,C100811,Sports & Outdoors,1,111.51,Paid Ads,France
INV901553,2024-02-11,C100824,Electronics,2,382.47,Paid Ads,Germany
INV903111,2024-09-05,C101679,Office Supplies,5,9.26,Social,United Kingdom
INV902302,2024-08-10,C101242,Office Supplies,3,34.14,Referral,united kingdom
INV900859,2023-07-25,C100441,Sports & Outdoors,2,59.98,Referral,UK
INV902792,2023-12-15,C101488,Books,1,,Email,United Kingdom
INV901070,2024-03-14,C100562,Home & Kitchen,3,104.0,Organic Search, United Kingdom
INV900167,2024-07-28,C100088,Sports & Outdoors,5,151.44,Paid Ads,ireland
INV901454,2023-09-03,C100776,Beauty,3,59.41,Email,united states
INV903047,2024-08-22,C101648,Home & Kitchen,3,149.88,Organic Search,germany
INV900094,2024-06-13,C100046,Office Supplies,2,12.46,Email, United Kingdom
INV902866,2024-05-08,C101521,Home & Kitchen,1,104.8,Organic Search,UK
INV900858,2024-10-14,C100440,Home & Kitchen,1,66.11,Organic Search,UK
INV901114,2024-06-22,C100581,Beauty,4,19.35,Organic Search,United Kingdom
INV903310,2023-05-04,C101787,Apparel,2,52.23,Email,united kingdom
INV901998,2024-08-15,C101066,Electronics,4,145.38,Email,germany
INV901087,2024-07-09,C100567,Books,4,12.98,Organic Search,United States
INV901015,2024-02-17,C100520,Apparel,1,22.93,Email,United Kingdom
INV903147,2024-03-27,C101708,Home & Kitchen,2,10.6,Email,United States
INV901552,2024-07-21,C100821,Apparel,1,50.27,Organic Search,united states
INV900251,2023-09-23,C100132,Books,2,11.46,Paid Ads,DE
INV903265,2024-07-03,C101765,Office Supplies,1,8.66,Referral,United Kingdom
INV901478,2023-12-17,C100784,Apparel,4,59.81,Organic Search,france
INV900636,2023-12-27,,Home & Kitchen,1,41.28,Organic Search,UK
INV901773,2023-10-03,C100941,Home & Kitchen,5,127.58,Paid Ads,united kingdom
INV902125,2023-03-25,C101135,Electronics,4,509.27,Referral,DE
INV901199,2024-11-21,C100624,Office Supplies,2,3.72,Email,france
INV901338,2024-02-02,C100707,Office Supplies,4,33.61,Organic Search,united kingdom
INV903233,2023-05-01,C101744,Apparel,2,53.15,Organic Search,United Kingdom
INV902224,2023-02-26,,Electronics,5,401.32,Paid Ads,united kingdom
INV900112,2023-07-08,C100055,Home & Kitchen,3,19.02,Referral,USA
INV901163,2024-05-15,C100606,Books,5,10.68,Email,UK
INV902485,2023-11-01,C101337,Beauty,4,53.98,Paid Ads,USA
INV900349,2024-09-21,C100186,Toys,1,22.24,Referral,united kingdom
INV900674,2023-09-17,C100351,Apparel,4,19.34,Organic Search, United Kingdom
INV903310,2023-05-04,C101787,Toys,2,34.42,Email,united kingdom
INV900733,2024-10-19,C100382,Sports & Outdoors,3,34.35,Paid Ads,france
INV903134,2024-03-11,C101701,Home & Kitchen,5,77.58,Email,USA
INV900763,2023-04-08,C100391,Beauty,5,16.47,Email,Ireland
INV900976,2023-07-12,C100508,Home & Kitchen,1,129.86,Referral, United Kingdom
INV902513,2024-09-24,C101346,Home & Kitchen,5,53.65,Organic Search, United Kingdom
INV902328,2023-10-05,C101264,Apparel,1,52.83,Referral,united kingdom
INV902438,2024-06-11,C101317,Electronics,4,76.37,Social,germany
INV900660,2024-09-25,C100347,Electronics,1,470.39,Organic Search,france
INV902676,2023-08-11,,Apparel,4,11.59,Email,germany
INV902158,2024-11-13,C101156,Toys,2,41.14,Social,USA
INV901266,2023-05-17,C100663,Books,5,26.04,Social,DE
INV901255,2024-01-18,C100659,Beauty,3,17.07,Referral,France
INV902563,2024-03-21,C101373,Toys,4,47.08,Referral,United Kingdom
INV901326,2023-05-09,C100702,Books,1,33.64,Email,Germany
INV901262,2024-06-02,C100660,Sports & Outdoors,1,117.96,Social,united kingdom
INV902875,2023-06-18,C101528,Electronics,4,390.72,Email,germany
INV901529,2024-10-25,C100811,Home & Kitchen,2,44.91,Paid Ads,France
INV900112,2023-07-08,C100055,Toys,5,37.37,Referral,USA
INV900669,2023-12-04,C100349,Office Supplies,5,14.99,Social,UK
INV902905,2024-04-03,C101552,Apparel,2,16.93,Email,United Kingdom
INV901361,2024-08-23,C100721,Home & Kitchen,3,60.23,Paid Ads,UK
INV901182,2024-12-21,C100614,Books,1,21.86,Referral,United Kingdom
INV900732,2024-08-11,C100382,Books,1,5.86,Paid Ads,france
INV903290,2024-07-27,C101778,Beauty,2,38.3,Email,US
INV901211,2023-06-23,C100636,Sports & Outdoors,3,145.88,Referral,germany
INV900299,2024-03-12,C100161,Electronics,1,47.83,Email,DE
INV900551,2024-08-24,C100285,Beauty,4,47.85,Referral,UK
INV900544,2024-01-08,C100281,Beauty,4,27.1,Organic Search,UK
INV902913,2023-12-04,C101554,Electronics,2,506.71,Email,USA
INV901583,2024-07-20,C100837,Office Supplies,3,3.72,Organic Search,germany
INV902307,2024-10-17,C101245,Toys,3,21.43,Social,United States
INV901911,2024-03-16,C101012,Office Supplies,2,3.74,Social,ireland
INV902348,2024-08-07,C101276,Sports & Outdoors,5,,Paid Ads,United Kingdom
INV900660,2024-09-25,C100347,Apparel,4,9.07,Organic Search,france
INV902906,2024-11-13,C101552,Home & Kitchen,1,30.32,Email,united kingdom
INV902536,2023-06-11,C101360,Beauty,1,12.44,Email,Ireland
INV900381,2024-11-23,C100207,Sports & Outdoors,4,132.58,Paid Ads,UK
INV900729,2023-08-04,C100379,Office Supplies,3,37.63,Paid Ads,united kingdom
INV901886,2024-08-09,C101005,Home & Kitchen,3,79.59,Paid Ads, United Kingdom
INV900691,2023-11-24,C100356,Toys,4,11.11,Referral,France
INV901496,2024-07-25,C100797,Books,3,16.33,Referral,US
INV900839,2023-09-02,C100428,Toys,4,25.29,Organic Search,france
INV902009,2024-05-25,C101072,Beauty,1,6.13,Email,france
INV902044,2024-12-28,C101087,Office Supplies,5,22.98,Email,UK
INV901011,2023-09-22,C100520,Office Supplies,3,34.18,Email, United Kingdom
INV900717,2023-02-07,C100375,Home & Kitchen,3,128.96,Paid Ads,ireland
INV901219,2024-05-15,C100640,Toys,4,9.68,Referral,United Kingdom
INV901083,2023-11-20,C100567,Sports & Outdoors,1,160.84,Organic Search,United States
INV900561,2023-12-25,C100295,Electronics,4,312.93,Organic Search,germany
INV900283,2023-06-08,,Office Supplies,5,43.57,Organic Search,Germany
INV901739,2024-06-03,C100916,Beauty,4,6.34,Referral, United Kingdom
INV901648,2024-12-11,C100869,Electronics,3,594.69,Referral,United Kingdom
INV901541,2023-06-07,C100817,Beauty,-2,45.9,Email, United Kingdom
INV903117,2023-11-14,C101685,Sports & Outdoors,5,188.38,Paid Ads,Ireland
INV902104,2023-07-21,C101121,Electronics,4,483.92,Organic Search,France
INV900987,2024-11-04,C100510,Sports & Outdoors,3,173.6,Referral,UK
INV902472,2024-07-09,C101329,Electronics,1,520.53,Email,ireland
INV900610,2024-04-19,C100312,Sports & Outdoors,2,64.06,Paid Ads,US
INV902482,2024-12-18,C101335,Office Supplies,2,29.46,Referral,united kingdom
INV901672,2023-12-21,,Apparel,2,29.37,Organic Search,US
INV901224,2024-06-06,C100642,Beauty,4,59.91,Paid Ads,UK
INV900442,2024-04-08,C100233,Sports & Outdoors,3,118.71,Email,USA
INV902782,2024-12-28,C101485,Electronics,5,92.51,Referral,united states
INV900005,2024-07-02,C100005,Home & Kitchen,2,52.09,Email,germany
INV900780,2024-12-06,C100400,Electronics,1,311.84,Organic Search,Ireland
INV901370,2024-05-04,,Electronics,4,273.8,Paid Ads,Germany
INV901926,2024-07-05,C101022,Books,2,17.46,Paid Ads,USA
INV901381,2024-08-07,C100739,Office Supplies,4,30.01,Email,DE
INV900976,2023-07-12,C100508,Office Supplies,3,4.04,Referral, United Kingdom
INV901902,2024-07-13,C101011,Sports & Outdoors,1,153.16,Organic Search,united states
INV902513,2024-09-24,C101346,Apparel,1,67.9,Organic Search, United Kingdom
INV902254,2023-12-04,C101206,Home & Kitchen,5,115.45,Email,United States
INV901956,2024-05-08,,Toys,2,40.53,Email,france
INV902404,2024-06-09,C101300,Office Supplies,2,25.97,Organic Search,france
INV901902,2024-07-13,C101011,Sports & Outdoors,4,152.54,Organic Search,united states
INV900503,2024-11-02,C100257,Electronics,1,378.57,Organic Search,united kingdom
INV901705,2024-10-17,C100892,Office Supplies,2,5.33,Organic Search,United States
INV900828,2023-12-14,C100423,Books,2,33.99,Referral,germany
INV900404,2023-09-27,C100218,Sports & Outdoors,2,113.3,Organic Search,UK
INV901475,2024-01-07,C100783,Books,1,14.75,Organic Search,DE
INV901522,2023-08-11,C100808,Sports & Outdoors,3,29.1,Referral,france
INV901601,2024-12-20,C100848,Home & Kitchen,4,47.98,Paid Ads,united kingdom
INV902103,2023-01-10,C101120,Toys,3,49.54,Email,USA
INV903214,2024-06-02,,Home & Kitchen,3,139.43,Paid Ads,germany
INV902697,2023-02-04,C101452,Sports & Outdoors,2,132.27,Organic Search,DE
INV901544,2024-07-13,C100818,Electronics,4,487.07,Email,Germany
INV900403,2023-08-21,C100217,Electronics,1,283.03,Referral,USA
INV900678,2023-12-03,C100351,Toys,1,44.22,Organic Search,united kingdom
INV903315,2023-06-07,C101795,Beauty,5,48.52,Organic Search,united kingdom
INV902773,2023-09-26,C101484,Home & Kitchen,5,137.32,Organic Search,Ireland
INV902996,2023-06-19,C101609,Sports & Outdoors,1,176.72,Email,france
INV902520,2024-07-26,C101350,Home & Kitchen,4,88.83,Paid Ads,ireland
INV902658,2023-12-08,C101433,Apparel,3,36.06,Organic Search,germany
INV902717,2023-12-26,C101459,Office Supplies,1,38.49,Organic Search, United Kingdom
INV901361,2024-08-23,C100721,Office Supplies,2,16.07,Paid Ads,UK
INV900878,2024-08-19,C100447,Beauty,3,12.15,Paid Ads,france
INV901394,2024-11-26,C100749,Home & Kitchen,2,102.99,Referral,United States
INV902749,2024-04-23,C101472,Electronics,4,329.35,Organic Search,ireland
INV903307,2024-07-20,C101786,Books,5,34.21,Organic Search,United States
INV901990,2024-05-18,C101060,Office Supplies,2,26.71,Email,Ireland
INV902464,2024-06-10,C101326,Electronics,1,510.16,Email,france
INV900503,2024-11-02,C100257,Office Supplies,3,36.21,Organic Search,united kingdom
INV903013,2024-05-07,C101623,Apparel,4,47.69,Email,united kingdom
INV901710,2024-01-27,C100896,Books,3,11.74,Paid Ads,united states
INV901221,2024-11-03,C100640,Apparel,3,84.84,Referral,UK
INV901811,2024-01-08,C100965,Beauty,5,14.76,Referral,United Kingdom
INV900961,2024-02-02,C100501,Toys,4,9.68,Organic Search,Ireland
INV902714,2024-01-05,C101458,Electronics,2,331.82,Social,DE
INV900926,2024-02-22,C100478,Office Supplies,2,17.92,Email,United Kingdom
INV900551,2024-08-24,C100285,Toys,5,63.47,Referral,UK
INV902922,2024-11-03,C101555,Sports & Outdoors,4,13.38,Paid Ads,united kingdom
INV902126,2023-07-06,C101135,Apparel,3,20.39,Referral,DE
INV901727,2024-06-13,C100910,Apparel,3,38.35,Organic Search,france
INV901268,2023-12-06,C100663,Office Supplies,2,30.01,Social,DE
INV900761,2024-03-03,C100390,Beauty,5,32.68,Paid Ads,USA
INV901286,2024-10-17,C100673,Beauty,-5,9.4,Referral,United Kingdom
INV900135,2024-12-21,C100066,Sports & Outdoors,5,35.12,Social,DE
INV901641,2024-07-09,C100866,Sports & Outdoors,4,160.63,Social,US
INV902319,2024-01-26,C101258,Sports & Outdoors,2,42.18,Paid Ads,United Kingdom
INV900056,2023-10-03,C100030,Apparel,4,84.46,Organic Search,UK
INV900656,2024-07-25,C100344,Office Supplies,-3,42.93,Paid Ads,USA
INV902982,2023-07-17,C101600,Books,3,23.34,Organic Search,germany
INV901758,2023-06-22,C100932,Apparel,3,46.82,Paid Ads,DE
INV901403,2024-06-07,C100752,Electronics,2,91.91,Organic Search,United Kingdom
INV902449,2024-08-02,C101319,Sports & Outdoors,4,173.36,Organic Search,France
INV901092,2023-08-20,C100572,Beauty,4,41.93,Organic Search,France
INV900344,2024-08-27,C100183,Beauty,1,59.97,Referral,UK
INV903229,2024-01-25,C101739,Office Supplies,3,26.2,Organic Search,UK
INV901403,2024-06-07,C100752,Electronics,2,91.91,Organic Search,United Kingdom
INV900568,2024-12-02,C100296,Electronics,4,40.96,Organic Search,France
INV901519,2023-07-18,C100807,Toys,3,28.81,Paid Ads,US
INV902462,2024-02-07,C101326,Home & Kitchen,5,79.38,Email,France
INV900998,2024-12-26,,Home & Kitchen,1,136.19,Paid Ads,United Kingdom
INV900063,2024-06-15,C100034,Books,2,13.27,Referral,united kingdom
INV902842,2024-01-13,C101513,Books,4,24.22,Paid Ads,United Kingdom
INV900042,2024-01-20,C100020,Sports & Outdoors,5,66.64,Organic Search,germany
INV900650,2024-12-11,C100335,Toys,1,29.22,Organic Search,France
INV900178,2023-08-16,C100093,Apparel,4,14.96,Organic Search,Ireland
INV900480,2024-04-02,C100246,Toys,5,21.29,Email,united kingdom
INV902182,2024-02-20,C101174,Apparel,4,14.17,Paid Ads,Ireland
INV900265,2023-05-08,C100141,Sports & Outdoors,5,64.18,Email,Germany
INV902087,2024-12-09,C101112,Home & Kitchen,5,119.9,Organic Search,Germany
INV902870,2024-08-21,,Electronics,5,522.27,Organic Search,UK
INV902193,2023-12-06,C101178,Books,1,19.15,Organic Search,United Kingdom
INV900499,2024-06-02,C100256,Toys,1,67.04,Organic Search, United Kingdom
INV901771,2023-09-15,C100941,Beauty,3,20.79,Paid Ads, United Kingdom
INV900687,2024-09-17,C100355,Sports & Outdoors,1,61.97,Referral,DE
INV901813,2024-03-05,C100965,Beauty,1,25.04,Referral, United Kingdom
INV900847,2023-12-14,C100436,Apparel,1,74.5,Organic Search,USA
INV902934,2024-01-14,,Office Supplies,2,32.81,Email,germany
INV901456,2023-08-06,C100778,Electronics,2,300.04,Referral,ireland
INV901352,2024-12-27,C100715,Beauty,5,32.63,Organic Search,UK
INV901932,2024-03-07,C101025,Apparel,3,73.31,Organic Search,united states
INV903320,2024-09-16,C101796,Beauty,2,57.53,Referral,germany
INV903302,2023-12-24,C101785,Home & Kitchen,1,10.2,Email,United Kingdom
INV901581,2024-05-08,C100836,Electronics,-5,182.08,Referral,UK
INV902742,2023-07-09,C101469,Office Supplies,1,40.6,Paid Ads,DE
INV902521,2023-12-06,C101352,Toys,5,40.37,Paid Ads,DE
INV902933,2023-12-03,C101565,Books,5,8.67,Email,germany
INV900255,2024-08-27,C100133,Sports & Outdoors,4,149.04,Social,United States
INV900909,2023-04-25,C100466,Apparel,1,75.41,Organic Search,united kingdom
INV902996,2023-06-19,C101609,Home & Kitchen,5,148.04,Email,france
INV903279,2024-03-03,C101771,Home & Kitchen,2,74.5,Paid Ads,UK
INV902768,2024-09-15,C101479,Sports & Outdoors,1,185.46,Email,United States
INV900461,2023-08-01,C100238,Home & Kitchen,2,35.74,Organic Search, United Kingdom
INV902614,2023-12-22,C101408,Books,5,8.67,Paid Ads,Ireland
INV900233,2024-11-13,C100120,Beauty,4,6.41,Referral,united kingdom
INV902438,2024-06-11,C101317,Toys,5,31.87,Social,germany
INV902948,2024-11-08,C101573,Toys,5,63.86,Paid Ads,United States
INV902160,2023-07-03,C101159,Toys,3,24.62,Organic Search,united kingdom
INV903109,2023-11-04,C101677,Books,3,18.99,Referral,United Kingdom
INV903224,2023-05-12,C101738,Toys,4,11.31,Referral,UK
INV901989,2024-04-24,C101060,Office Supplies,5,3.89,Email,Ireland
INV902863,2024-12-21,C101520,Home & Kitchen,5,144.12,Organic Search,UK
INV902279,2024-08-14,C101222,Books,1,9.71,Organic Search,UK
INV903123,2024-07-12,C101689,Home & Kitchen,3,73.0,Paid Ads,Germany
INV902452,2023-11-01,C101322,Toys,5,11.25,Paid Ads,United Kingdom
INV901106,2024-11-04,C100576,Toys,3,40.38,Paid Ads,germany
INV902447,2023-09-07,C101319,Toys,1,12.72,Organic Search,france
INV900778,2023-10-07,C100398,Apparel,1,77.36,Email,United Kingdom
INV901418,2024-03-15,C100759,Apparel,5,72.45,Organic Search,united states
INV901019,2023-11-14,C100521,Toys,4,67.74,Paid Ads,USA
INV900773,2023-02-27,C100396,Apparel,3,25.9,Organic Search,UK
INV901083,2023-11-20,C100567,Office Supplies,1,34.58,Organic Search,United States
INV900642,2023-11-23,C100332,Home & Kitchen,2,10.72,Organic Search, United Kingdom
INV900809,2024-08-18,C100411,Home & Kitchen,5,117.57,Social,united kingdom
INV903259,2024-11-19,C101763,Electronics,5,55.25,Organic Search,ireland
INV901205,2024-01-16,C100633,Beauty,4,6.01,Email,UK
INV902628,2023-09-28,C101417,Office Supplies,1,44.44,Referral,USA
INV901285,2024-02-28,C100672,Electronics,2,508.8,Paid Ads,US
INV900181,2023-09-10,C100096,Books,5,17.97,Email,France
INV900925,2023-04-19,C100477,Home & Kitchen,5,34.22,Referral,United Kingdom
INV902138,2024-06-02,C101144,Apparel,4,63.21,Social,ireland
INV900629,2024-12-22,C100324,Beauty,2,44.01,Organic Search,United Kingdom
INV902298,2024-04-10,C101241,Sports & Outdoors,3,44.94,Paid Ads,United Kingdom
INV900611,2023-07-23,C100313,Electronics,3,504.34,Paid Ads,france
INV902569,2024-12-11,C101377,Toys,4,69.71,Organic Search,germany
INV902107,2024-02-13,C101122,Office Supplies,5,36.26,Organic Search,germany
INV902848,2023-12-13,C101514,Books,4,,Paid Ads,Germany
INV900050,2024-03-09,C100025,Office Supplies,1,9.0,Organic Search,United States
INV901098,2023-02-06,C100574,Apparel,2,50.63,Paid Ads,France
INV902447,2023-09-07,C101319,Electronics,4,78.28,Organic Search,france
INV900357,2024-07-24,C100191,Beauty,4,59.36,Email,Ireland
INV903127,2023-10-03,C101693,Books,4,29.98,Organic Search,France
INV901761,2024-07-21,C100935,Sports & Outdoors,4,85.95,Organic Search,United Kingdom
INV900717,2023-02-07,C100375,Office Supplies,3,10.98,Paid Ads,ireland
INV902687,2024-04-09,C101449,Toys,3,16.93,Organic Search, United Kingdom
INV903080,2023-12-06,C101659,Electronics,4,262.37,Organic Search,United States
INV900053,2023-09-18,C100029,Toys,5,42.13,Email,united states
INV900513,2024-01-01,C100265,Toys,4,39.73,Referral,DE
INV900619,2024-09-14,C100318,Books,5,6.43,Email,UK
INV902345,2024-06-23,C101275,Books,4,32.28,Paid Ads,UK
INV901725,2023-04-18,C100909,Books,5,19.36,Organic Search,united kingdom
INV902613,2023-04-07,C101408,Apparel,2,48.72,Paid Ads,Ireland
INV900578,2024-06-21,C100298,Office Supplies,4,39.46,Organic Search,Ireland
INV903281,2024-03-09,C101773,Home & Kitchen,4,131.63,Paid Ads, United Kingdom
INV902160,2023-07-03,C101159,Beauty,5,41.32,Organic Search,united kingdom
INV901140,2024-05-13,C100595,Sports & Outdoors,1,144.68,Email,Ireland
INV900203,2023-12-01,C100108,Electronics,3,386.85,Email, United Kingdom
INV900747,2023-12-02,C100385,Toys,5,56.37,Social,United Kingdom
INV901426,2024-11-25,C100761,Electronics,3,514.71,Email,USA
INV901366,2023-05-03,C100725,Toys,3,31.21,Email,germany
INV901470,2023-06-21,C100783,Office Supplies,5,6.95,Organic Search,germany
INV900713,2023-11-15,C100372,Sports & Outdoors,2,95.09,Paid Ads,US
INV900190,2023-09-12,C100101,Toys,1,32.93,Paid Ads,germany
INV902320,2024-08-12,C101259,Beauty,3,38.42,Organic Search,united kingdom
INV900662,2023-04-24,C100348,Books,4,29.87,Referral,Ireland
INV901743,2024-07-13,C100920,Home & Kitchen,3,120.94,Social,France
INV900016,2023-05-28,C100009,Beauty,1,30.65,Organic Search,France
INV901149,2024-04-18,C100597,Books,5,13.6,Email,Germany
INV901459,2024-08-28,C100780,Apparel,2,52.98,Email,DE
INV902372,2023-07-23,C101288,Sports & Outdoors,1,33.52,Organic Search,Ireland
INV901036,2023-11-18,C100536,Office Supplies,-1,30.74,Organic Search,ireland
INV901511,2024-07-16,C100803,Office Supplies,4,9.83,Email,France
INV902255,2024-10-06,C101207,Electronics,3,294.61,Social,US
INV903262,2024-04-24,C101764,Apparel,3,75.23,Paid Ads,UK
INV902147,2024-01-20,C101152,Toys,2,66.21,Paid Ads,United Kingdom
INV900778,2023-10-07,C100398,Toys,4,63.73,Email,United Kingdom
INV902226,2023-08-04,C101189,Beauty,2,17.95,Paid Ads, United Kingdom
INV900500,2023-06-11,C100257,Sports & Outdoors,4,52.36,Organic Search, United Kingdom
INV900870,2024-10-23,C100442,Home & Kitchen,2,19.88,Paid Ads,ireland
INV900890,2024-10-19,C100450,Office Supplies,3,13.99,Referral, United Kingdom
INV900080,2024-04-06,C100042,Books,2,20.0,Organic Search,united kingdom
INV902207,2023-11-11,C101184,Apparel,1,27.47,Email,ireland
INV902703,2024-10-20,C101456,Sports & Outdoors,3,198.47,Paid Ads,Ireland
INV902493,2024-04-27,C101339,Home & Kitchen,2,95.71,Paid Ads,US
INV900636,2023-12-27,C100329,Books,3,15.12,Organic Search,UK
INV901352,2024-12-27,C100715,Electronics,3,327.16,Organic Search,UK
INV901986,2023-07-23,C101059,Beauty,2,42.22,Email,UK
INV900753,2023-04-28,C100389,Apparel,3,29.48,Paid Ads,Ireland
INV902079,2023-12-20,C101109,Home & Kitchen,1,142.07,Email,USA
INV901446,2024-06-05,C100770,Toys,5,19.08,Organic Search,DE
INV902577,2024-07-12,C101389,Sports & Outdoors,3,32.28,Organic Search,United Kingdom
INV902091,2023-12-28,C101114,Books,2,24.32,Paid Ads,DE
INV900954,2024-10-09,C100495,Beauty,3,59.64,Organic Search,united kingdom
INV903092,2024-05-03,C101669,Toys,5,7.54,Social,Germany
INV903057,2024-05-13,C101652,Beauty,3,26.49,Email,France
INV900475,2023-02-01,C100245,Books,2,24.34,Paid Ads,united kingdom
INV902627,2023-09-14,C101417,Electronics,4,376.66,Referral,US
INV900137,2024-10-10,C100067,Sports & Outdoors,3,135.25,Organic Search,France
INV902806,2024-04-18,C101497,Beauty,1,38.06,Organic Search,US
INV903284,2023-07-08,C101776,Office Supplies,2,35.79,Paid Ads,germany
INV901987,2023-09-13,,Office Supplies,4,40.51,Email,united kingdom
INV902711,2023-08-02,C101458,Sports & Outdoors,1,77.89,Social,germany
INV901228,2023-07-16,C100645,Home & Kitchen,2,26.87,Paid Ads,france
INV900819,2023-01-26,C100414,Sports & Outdoors,4,193.49,Organic Search,DE
INV901295,2023-10-25,C100681,Toys,1,61.15,Organic Search,US
INV900004,2024-06-01,C100005,Books,5,14.64,Email,Germany
INV900535,2024-07-01,C100276,Office Supplies,4,41.42,Paid Ads,france
INV901818,2024-05-03,C100967,Apparel,2,8.91,Organic Search,united kingdom
INV901325,2023-04-18,C100702,Home & Kitchen,5,115.58,Email,germany
INV902548,2023-10-27,C101365,Books,1,20.31,Organic Search,USA
INV900047,2024-04-21,C100024,Beauty,4,12.45,Organic Search,United Kingdom
INV903159,2024-01-19,C101716,Electronics,3,549.46,Organic Search,DE
INV901933,2024-03-06,,Home & Kitchen,1,59.1,Organic Search,United States
INV902520,2024-07-26,C101350,Books,1,31.15,Paid Ads,ireland
INV903245,2024-03-19,C101754,Sports & Outdoors,3,98.14,Paid Ads,Germany
INV900357,2024-07-24,C100191,Apparel,4,66.63,Email,Ireland
INV903121,2023-07-28,C101689,Electronics,2,251.23,Paid Ads,Germany
INV901791,2024-05-08,,Electronics,3,299.36,Paid Ads,united kingdom
INV901203,2024-05-04,C100630,Sports & Outdoors,2,174.95,Organic Search,Ireland
INV900804,2023-10-01,C100410,Beauty,2,54.67,Paid Ads,UK
INV903007,2023-11-14,C101615,Sports & Outdoors,5,45.47,Referral,france
INV902878,2024-07-19,C101529,Office Supplies,4,6.24,Referral, United Kingdom
INV901984,2023-03-04,C101054,Toys,4,7.95,Social,germany
INV900474,2024-12-15,C100244,Sports & Outdoors,3,87.91,Paid Ads,united kingdom
INV901156,2024-08-27,C100600,Beauty,3,24.34,Email,Ireland
INV900808,2023-07-28,C100411,Home & Kitchen,4,128.75,Social,UK
INV901825,2023-07-25,C100969,Toys,5,69.35,Referral,DE
INV900043,2024-03-10,C100020,Toys,2,60.27,Organic Search,germany
INV902502,2024-12-22,C101340,Home & Kitchen,2,75.1,Organic Search,DE
INV902978,2024-11-03,C101598,Books,2,30.33,Referral,DE
INV900635,2023-05-06,C100328,Office Supplies,4,4.23,Social,france
INV903163,2024-08-13,C101717,Books,2,7.06,Referral,UK
INV902140,2024-12-02,C101148,Electronics,1,172.15,Organic Search,United Kingdom
INV901665,2024-10-08,C100877,Apparel,2,27.99,Paid Ads,united kingdom
INV900500,2023-06-11,C100257,Electronics,5,475.06,Organic Search, United Kingdom
INV902689,2024-05-21,C101450,Books,3,21.95,Organic Search,UK
INV900128,2024-08-19,C100060,Sports & Outdoors,3,97.73,Paid Ads,France
INV901888,2024-12-17,C101006,Office Supplies,5,4.83,Paid Ads,united kingdom
INV902418,2023-09-23,C101308,Beauty,4,28.76,Organic Search,United Kingdom
INV902045,2023-04-25,C101089,Beauty,4,13.72,Organic Search,France
INV902339,2023-03-18,C101271,Books,2,17.62,Organic Search,united kingdom
INV900792,2023-12-16,C100405,Sports & Outdoors,1,21.36,Social,france
INV902919,2023-06-23,C101555,Toys,4,8.2,Paid Ads,United Kingdom
INV902010,2024-02-06,C101073,Sports & Outdoors,4,163.49,Paid Ads,United States
INV902156,2023-12-21,C101154,Apparel,2,15.07,Paid Ads,france
INV901274,2024-06-18,C100665,Beauty,4,55.06,Paid Ads,United Kingdom
INV902710,2023-07-16,C101458,Sports & Outdoors,3,22.53,Social,germany
INV901743,2024-07-13,C100920,Electronics,5,111.29,Social,France
INV900504,2024-11-14,C100257,Office Supplies,1,24.65,Organic Search, United Kingdom
INV901767,2024-03-13,C100938,Home & Kitchen,5,131.73,Referral,United States
INV901764,2023-03-03,C100937,Electronics,1,522.6,Paid Ads,UK
INV900540,2023-03-08,C100279,Beauty,3,19.68,Organic Search,United States
INV902700,2023-12-10,C101454,Apparel,2,13.76,Paid Ads,DE
INV901766,2023-12-14,C100938,Electronics,4,295.57,Referral,USA
INV903122,2024-07-02,C101689,Office Supplies,1,8.62,Paid Ads,Germany
INV901648,2024-12-11,C100869,Electronics,2,320.1,Referral,United Kingdom
INV902035,2024-12-04,C101082,Home & Kitchen,4,19.95,Referral,Ireland
INV902278,2024-06-05,C101220,Sports & Outdoors,3,95.46,Organic Search,UK
INV900436,2024-11-08,C100231,Electronics,3,80.71,Paid Ads, United Kingdom
INV902601,2024-11-14,C101399,Home & Kitchen,4,29.1,Email,Ireland
INV901224,2024-06-06,C100642,Office Supplies,4,7.44,Paid Ads,UK
INV902169,2024-07-14,C101162,Beauty,1,14.95,Paid Ads,france
INV903160,2024-01-13,C101716,Apparel,2,76.83,Organic Search,germany
INV901482,2024-08-14,C100784,Sports & Outdoors,4,31.53,Organic Search,france
INV902263,2023-11-04,C101212,Electronics,4,232.88,Organic Search,united states
INV902449,2024-08-02,C101319,Office Supplies,5,13.88,Organic Search,France
INV902925,2024-12-10,C101558,Toys,1,13.26,Organic Search,Ireland
INV900372,2023-12-12,C100200,Beauty,4,7.46,Organic Search,United Kingdom
INV901297,2024-08-25,C100682,Office Supplies,1,8.92,Paid Ads,ireland
INV901535,2024-04-16,C100814,Electronics,3,208.49,Organic Search,Ireland
INV901944,2024-01-22,C101030,Beauty,4,15.11,Email,Ireland
INV903048,2024-08-18,C101649,Apparel,5,44.48,Organic Search,USA
INV901497,2024-07-05,C100797,Home & Kitchen,2,104.77,Referral,United States
INV903007,2023-11-14,C101615,Apparel,1,17.1,Referral,france
INV901759,2024-11-04,C100932,Beauty,2,37.84,Paid Ads,germany
INV901536,2024-05-10,,Office Supplies,3,27.76,Organic Search,Ireland
INV900290,2023-12-07,C100156,Sports & Outdoors,1,156.48,Social,France
INV901216,2023-07-12,C100637,Office Supplies,1,7.71,Email,United States
INV900073,2024-04-01,C100038,Toys,5,52.27,Referral,france
INV900403,2023-08-21,C100217,Office Supplies,4,41.06,Referral,USA
INV903239,2024-08-06,C101746,Electronics,5,387.94,Email, United Kingdom
INV902153,2023-10-25,C101154,Toys,3,59.94,Paid Ads,france
INV901068,2023-03-19,C100561,Apparel,2,80.7,Paid Ads,France
INV901260,2023-06-07,C100660,Toys,5,44.71,Social,United Kingdom
INV900616,2024-01-25,C100314,Office Supplies,1,8.57,Organic Search,UK
INV900945,2024-07-13,C100491,Apparel,3,36.02,Referral,UK
INV902244,2024-12-02,C101201,Home & Kitchen,2,82.53,Organic Search,united states
INV900149,2024-04-22,C100079,Electronics,4,276.02,Organic Search,united kingdom
INV902909,2024-07-24,C101553,Office Supplies,2,26.69,Referral,DE
INV900186,2023-06-12,C100099,Books,3,10.29,Organic Search,US
INV901828,2023-06-11,C100970,Electronics,3,302.66,Organic Search,United Kingdom
INV902277,2024-05-03,C101220,Office Supplies,4,15.6,Organic Search,United Kingdom
INV900743,2023-07-12,C100385,Books,5,33.43,Social,united kingdom
INV900571,2023-11-13,C100297,Beauty,3,5.03,Email,UK
INV901014,2024-02-25,C100520,Books,5,34.82,Email,UK
INV900728,2023-06-02,C100379,Apparel,4,50.45,Paid Ads,united kingdom
INV900117,2023-11-15,C100056,Office Supplies,3,6.91,Referral,USA
INV900318,2023-11-28,C100170,Toys,3,32.96,Referral,France
INV900006,2024-11-04,C100005,Office Supplies,3,17.85,Email,germany
INV902774,2023-11-03,C101484,Office Supplies,5,12.26,Organic Search,ireland
INV901216,2023-07-12,C100637,Home & Kitchen,1,3781.7634687537884,Email,United States
INV900256,2024-12-16,C100133,Sports & Outdoors,4,119.41,Social,USA
INV902915,2024-05-09,C101554,Apparel,1,70.78,Email,united states
INV902321,2024-09-27,C101260,Beauty,1,38.52,Paid Ads,united kingdom
INV903137,2024-08-18,C101704,Toys,2,27.5,Organic Search,DE
INV900402,2023-07-08,C100217,Books,5,28.83,Referral,United States
INV902564,2024-06-26,C101374,Beauty,1,6.2,Referral,united kingdom
INV902374,2023-10-01,C101288,Office Supplies,2,17.77,Organic Search,ireland
INV901218,2024-07-02,,Toys,5,37.73,Paid Ads,Germany
INV901711,2024-05-20,,Home & Kitchen,2,15.81,Organic Search,USA
INV902914,2024-05-06,C101554,Books,1,12.2,Email,US
INV902195,2024-12-09,C101179,Electronics,4,313.13,Organic Search,United Kingdom
INV901974,2023-08-24,C101051,Toys,2,7.66,Organic Search,DE
INV901415,2024-03-22,C100757,Toys,2,20.29,Referral,Ireland
INV902879,2024-11-21,C101529,Beauty,5,14.83,Referral,United Kingdom
INV901392,2023-05-20,C100749,Apparel,3,70.46,Referral,United States
INV902807,2024-10-13,,Apparel,3,10.1,Organic Search,US
INV901189,2024-04-14,C100619,Office Supplies,5,6.14,Organic Search,united kingdom
INV900607,2024-04-07,C100310,Toys,5,20.59,Referral,united kingdom
INV901457,2023-09-17,C100778,Beauty,1,46.82,Referral,Ireland
INV900332,2023-12-28,C100179,Home & Kitchen,4,37.42,Paid Ads, United Kingdom
INV901336,2023-03-17,C100706,Books,1,17.23,Social,DE
INV901237,2023-12-17,C100650,Sports & Outdoors,1,185.75,Organic Search, United Kingdom
INV900595,2023-11-07,C100306,Home & Kitchen,4,43.0,Email,DE
INV902885,2023-12-22,C101533,Sports & Outdoors,1,124.37,Paid Ads,US
INV903320,2024-09-16,C101796,Electronics,5,350.5,Referral,germany
INV901701,2023-08-19,C100890,Office Supplies,2,7.61,Referral,United States
INV900916,2023-11-27,C100473,Beauty,3,17.11,Referral,ireland
INV900676,2023-10-03,C100351,Books,5,27.92,Organic Search,united kingdom
INV903060,2024-02-28,C101653,Electronics,2,144.53,Social,UK
INV900421,2023-05-27,C100223,Sports & Outdoors,2,50.26,Organic Search,France
INV902040,2024-11-06,C101084,Home & Kitchen,2,27.08,Email,DE
INV902518,2024-07-21,C101348,Sports & Outdoors,5,195.34,Paid Ads,united kingdom
INV900288,2024-03-10,C100155,Books,5,7.68,Email,ireland
INV902096,2024-10-03,C101116,Apparel,3,50.97,Organic Search,Germany
INV900527,2023-02-09,C100271,Beauty,4,25.67,Email,France
INV901113,2024-06-02,C100581,Sports & Outdoors,2,57.5,Organic Search,united kingdom
INV901561,2024-12-16,C100826,Books,5,5.52,Paid Ads, United Kingdom
INV903059,2023-12-03,C101653,Beauty,1,42.58,Social,United Kingdom
INV902478,2024-07-19,C101331,Sports & Outdoors,1,67.16,Email,united kingdom
INV900555,2023-10-04,C100286,Office Supplies,1,7.97,Paid Ads,UK
INV902953,2024-07-05,C101577,Electronics,1,,Organic Search,USA
INV902573,2024-12-28,C101386,Beauty,4,5.7,Referral,DE
INV901883,2024-09-13,,Home & Kitchen,2,91.23,Organic Search,france
INV902643,2024-05-27,C101423,Sports & Outdoors,1,196.49,Organic Search, United Kingdom
INV901638,2024-07-11,C100865,Home & Kitchen,3,28.12,Organic Search,United States
INV902004,2023-08-06,C101068,Apparel,4,48.84,Paid Ads,france
INV900701,2024-07-16,C100361,Sports & Outdoors,1,117.46,Paid Ads,germany
INV901430,2024-11-18,C100763,Beauty,3,42.92,Organic Search,UK
INV901389,2023-09-21,C100747,Apparel,2,87.97,Referral,US
INV903314,2023-05-02,C101795,Office Supplies,4,44.5,Organic Search,united kingdom
INV901689,2024-06-28,C100885,Books,4,6.07,Referral,USA
INV901503,2024-01-10,,Toys,4,25.42,Email,USA
INV900797,2023-08-25,C100407,Toys,2,65.94,Email,France
INV902588,2024-05-15,,Apparel,5,51.88,Organic Search,United Kingdom
INV902036,2023-12-22,C101083,Beauty,5,20.22,Organic Search,united kingdom
INV903212,2024-04-09,C101735,Apparel,5,83.34,Paid Ads,Germany
INV900647,2024-08-24,C100335,Office Supplies,3,33.37,Organic Search,France
INV900453,2024-02-27,C100234,Books,3,23.39,Social,France
INV902159,2024-06-19,C101157,Beauty,1,19.13,Paid Ads,germany
INV900465,2023-12-05,C100241,Sports & Outdoors,5,153.61,Referral,United Kingdom
INV901534,2024-01-25,C100813,Toys,4,26.67,Referral,ireland
INV903300,2024-09-02,C101784,Books,2,34.98,Organic Search,USA
INV902127,2024-07-22,C101136,Beauty,2,17.6,Social,France
INV902822,2023-12-27,C101504,Home & Kitchen,3,15.87,Referral,United States
INV900152,2023-09-10,C100081,Books,4,25.55,Referral,United Kingdom
INV902463,2024-03-08,C101326,Home & Kitchen,4,92.85,Email,France
INV900365,2023-10-13,C100196,Toys,1,63.47,Organic Search,ireland
INV900076,2024-06-12,C100041,Home & Kitchen,4,118.74,Referral,United States
INV901239,2024-09-27,C100651,Toys,5,57.82,Paid Ads,united kingdom
INV902841,2023-09-27,C101513,Toys,4,32.4,Paid Ads,United Kingdom
INV902809,2023-10-08,C101498,Books,4,23.36,Organic Search,UK
INV901310,2023-03-12,C100694,Office Supplies,5,39.1,Referral,USA
INV900736,2023-04-18,C100384,Apparel,4,80.08,Social,US
INV900499,2024-06-02,,Apparel,5,82.82,Organic Search, United Kingdom
INV903236,2024-11-07,C101745,Beauty,3,28.59,Referral,germany
INV901514,2024-08-20,C100805,Beauty,5,8.73,Social,DE
INV900947,2024-11-06,C100492,Electronics,2,379.6,Organic Search,Germany
INV900520,2024-05-02,C100268,Sports & Outdoors,2,51.72,Referral,Germany
INV902335,2023-01-28,C101269,Apparel,5,30.34,Paid Ads, United Kingdom
INV900458,2024-04-23,C100235,Electronics,2,216.2,Organic Search,germany
INV901579,2023-04-18,C100833,Sports & Outdoors,3,12.11,Organic Search, United Kingdom
INV900117,2023-11-15,C100056,Beauty,4,28.12,Referral,USA
INV900338,2023-10-06,C100182,Home & Kitchen,1,108.06,Social,DE
INV903291,2024-07-25,C101779,Beauty,2,40.61,Paid Ads,ireland
INV903285,2023-07-24,C101776,Apparel,5,77.15,Paid Ads,Germany
INV903180,2024-11-27,C101720,Office Supplies,1,42.2,Referral,united kingdom
INV902424,2023-07-12,C101311,Apparel,1,41.32,Paid Ads,United Kingdom
INV902562,2023-09-10,C101373,Books,4,29.98,Referral,UK
INV902171,2024-09-16,C101162,Sports & Outdoors,5,199.61,Paid Ads,france
INV900530,2024-04-05,C100275,Electronics,5,498.93,Referral,United States
INV901240,2024-05-23,C100653,Apparel,2,73.48,Paid Ads,united kingdom
INV903091,2024-04-21,C101669,Home & Kitchen,5,14.56,Social,DE
INV902427,2024-06-02,C101313,Home & Kitchen,1,131.48,Paid Ads, United Kingdom
INV902568,2024-11-12,C101377,Beauty,3,48.91,Organic Search,Germany
INV902636,2024-10-22,C101421,Sports & Outdoors,2,110.9,Organic Search,united states
INV902787,2023-11-24,C101486,Electronics,2,454.29,Social, United Kingdom
INV900671,2023-12-18,C100350,Home & Kitchen,4,147.46,Organic Search,USA
INV901301,2024-11-06,C100683,Apparel,1,31.28,Organic Search,DE
INV902289,2024-12-15,C101232,Books,3,12.83,Social,DE
INV902460,2024-11-03,C101324,Office Supplies,4,16.97,Referral,United States
INV901651,2023-03-07,C100873,Home & Kitchen,1,65.48,Referral,germany
INV900723,2023-11-17,C100375,Apparel,2,13.23,Paid Ads,ireland
INV903250,2023-12-12,C101759,Books,5,15.99,Organic Search,united states
INV900065,2024-12-25,C100035,Beauty,1,13.21,Organic Search,DE
INV900152,2023-09-10,C100081,Toys,1,45.33,Referral,United Kingdom
INV902770,2024-08-24,C101481,Beauty,4,42.38,Organic Search,UK
INV902635,2024-08-25,C101421,Beauty,4,48.87,Organic Search,united states
INV900713,2023-11-15,C100372,Toys,2,8.1,Paid Ads,US
INV901405,2024-08-07,C100753,Beauty,4,39.06,Organic Search,united kingdom
INV902988,2023-09-02,C101604,Sports & Outdoors,4,63.27,Organic Search,united kingdom
INV900984,2024-10-14,C100508,Home & Kitchen,1,64.97,Referral,UK
INV901062,2023-09-05,C100553,Beauty,5,46.99,Social,DE
INV901650,2024-12-12,C100872,Books,3,30.1,Email,united kingdom
INV902412,2024-02-07,C101304,Electronics,4,246.71,Paid Ads,DE
INV901757,2024-05-08,C100930,Sports & Outdoors,1,69.66,Paid Ads,UK
INV901874,2024-08-13,C100995,Books,5,29.27,Organic Search,DE
INV901560,2024-03-09,C100826,Books,4,17.22,Paid Ads,UK
INV901508,2024-03-18,C100802,Home & Kitchen,1,107.88,Paid Ads, United Kingdom
INV901658,2024-09-28,C100875,Toys,4,43.83,Paid Ads, United Kingdom
INV900431,2024-11-21,C100227,Home & Kitchen,5,15.27,Email,germany
INV900200,2024-12-09,C100104,Books,5,34.29,Email,UK
INV900282,2024-07-18,C100150,Home & Kitchen,2,40.9,Email,united kingdom
INV900662,2023-04-24,C100348,Toys,5,56.26,Referral,Ireland
INV901666,2023-12-09,C100878,Toys,3,28.42,Paid Ads,US
INV902485,2023-11-01,C101337,Office Supplies,4,24.64,Paid Ads,USA
INV901473,2023-08-01,C100783,Electronics,5,166.52,Organic Search,germany
INV900970,2024-07-27,C100505,Books,4,30.08,Organic Search, United Kingdom
INV902743,2024-06-06,C101470,Toys,1,56.31,Paid Ads,ireland
INV901983,2023-03-05,C101054,Beauty,1,15.03,Social,germany
INV901349,2024-11-10,C100714,Sports & Outdoors,5,195.91,Referral, United Kingdom
INV900777,2023-10-18,C100398,Books,1,5.42,Email, United Kingdom
INV902574,2024-12-20,C101386,Sports & Outdoors,3,99.81,Referral,germany
INV900106,2023-12-11,C100053,Office Supplies,5,22.84,Organic Search,united kingdom
INV902308,2024-11-16,C101245,Beauty,2,40.33,Social,US
INV902473,2023-10-26,C101330,Toys,3,67.1,Paid Ads,DE
INV902848,2023-12-13,C101514,Books,4,32.74,Paid Ads,Germany
INV903053,2023-11-27,C101650,Toys,2,31.49,Paid Ads,UK
INV902801,2024-06-08,C101493,Toys,5,34.47,Organic Search,united states
INV903017,2023-12-22,C101627,Apparel,1,18.27,Social,USA
INV901313,2023-08-03,C100694,Electronics,5,398.1,Referral,US
INV900739,2023-03-03,C100385,Office Supplies,4,4.7,Social, United Kingdom
INV902857,2024-01-11,C101518,Office Supplies,4,24.13,Organic Search,Ireland
INV901644,2024-05-19,C100868,Electronics,4,128.04,Organic Search,united states
INV900204,2024-08-06,C100109,Toys,2,59.8,Paid Ads,UK
INV903259,2024-11-19,C101763,Office Supplies,3,37.03,Organic Search,ireland
INV902525,2024-03-04,C101356,Toys,2,26.61,Social, United Kingdom
INV900706,2024-10-18,,Office Supplies,4,18.95,Social,United Kingdom
INV900365,2023-10-13,C100196,Home & Kitchen,5,104.06,Organic Search,ireland
INV900623,2024-12-18,C100319,Home & Kitchen,1,12.43,Organic Search,UK
INV903041,2023-12-11,C101643,Beauty,4,59.81,Organic Search,United Kingdom
INV902077,2023-01-27,C101109,Home & Kitchen,5,146.73,Email,United States
INV900022,2024-11-19,C100012,Books,4,17.53,Social, United Kingdom
INV902585,2024-10-18,C101392,Home & Kitchen,5,145.3,Email,USA
INV902522,2023-10-02,C101355,Office Supplies,3,27.05,Paid Ads,USA
INV901957,2023-09-12,C101038,Beauty,2,16.47,Organic Search,US
INV900011,2023-10-27,C100006,Sports & Outdoors,4,79.35,Paid Ads,US
INV901671,2023-09-03,C100880,Sports & Outdoors,3,121.48,Organic Search,US
INV901896,2023-08-14,C101010,Electronics,3,489.37,Organic Search,US
INV902160,2023-07-03,C101159,Beauty,4,12.82,Organic Search,united kingdom
INV901236,2024-06-18,C100647,Office Supplies,3,13.1,Referral,DE
INV900888,2024-08-23,C100450,Apparel,3,68.12,Referral,UK
INV902099,2024-11-12,C101118,Home & Kitchen,5,24.35,Email,France
INV900771,2024-07-20,C100395,Toys,3,14.95,Paid Ads,United Kingdom
INV902722,2023-12-17,C101462,Toys,5,30.8,Paid Ads,United States
INV901991,2024-03-25,C101063,Home & Kitchen,5,86.39,Organic Search,united kingdom
INV901071,2024-12-20,C100562,Sports & Outdoors,2,129.56,Organic Search,UK
INV900105,2023-12-09,C100052,Office Supplies,1,33.04,Organic Search,United States
INV901527,2024-07-16,C100811,Electronics,2,505.78,Paid Ads,france
INV901662,2024-05-13,C100877,Electronics,3,305.16,Paid Ads,United Kingdom
INV901688,2024-04-08,C100885,Toys,2,41.25,Referral,united states
INV902413,2024-08-28,C101304,Home & Kitchen,2,146.42,Paid Ads,germany
INV902804,2024-08-26,C101495,Electronics,5,439.24,Social,germany
INV903174,2023-05-09,C101720,Electronics,3,167.44,Referral,united kingdom
INV900885,2023-07-25,C100449,Beauty,1,15.65,Organic Search,united kingdom
INV902647,2024-11-12,C101426,Toys,1,61.77,Organic Search,germany
INV902549,2024-07-12,C101365,Home & Kitchen,4,140.92,Organic Search,United States
INV901105,2024-11-13,C100575,Toys,3,30.68,Paid Ads,US
INV901986,2023-07-23,C101059,Office Supplies,5,34.75,Email,UK
INV902210,2024-09-07,C101184,Home & Kitchen,4,62.7,Email,ireland
INV902778,2024-06-26,C101485,Electronics,4,62.73,Referral,United States
INV902906,2024-11-13,C101552,Apparel,1,64.75,Email,united kingdom
INV901482,2024-08-14,C100784,Apparel,3,58.84,Organic Search,france
INV902173,2023-01-18,C101166,Books,1,32.92,Paid Ads,DE
INV903272,2024-11-25,C101766,Toys,1,9.76,Referral,United Kingdom
INV900643,2023-12-17,C100332,Beauty,1,38.14,Organic Search,United Kingdom
INV900958,2023-12-03,C100496,Books,3,24.19,Paid Ads,germany
INV901418,2024-03-15,C100759,Beauty,4,24.37,Organic Search,united states
INV900302,2024-05-09,C100161,Sports & Outdoors,5,185.98,Email,Germany
INV903202,2024-09-20,C101730,Apparel,4,42.41,Organic Search, United Kingdom
INV902860,2024-06-20,C101520,Home & Kitchen,2,74.52,Organic Search,United Kingdom
INV903249,2024-11-27,C101758,Home & Kitchen,3,89.46,Organic Search,United Kingdom
INV902618,2023-09-17,C101409,Home & Kitchen,4,67.55,Referral,DE
INV902702,2023-05-12,C101455,Home & Kitchen,5,63.44,Referral,United Kingdom
INV903039,2024-05-27,C101640,Books,2,24.39,Paid Ads,UK
INV901772,2023-10-03,C100941,Beauty,5,42.09,Paid Ads,united kingdom
INV902471,2023-10-07,C101329,Office Supplies,2,3.61,Email,Ireland
INV900384,2024-12-17,C100208,Beauty,2,22.07,Social,Ireland
INV902769,2023-10-12,C101481,Home & Kitchen,4,66.79,Organic Search,united kingdom
INV900710,2024-12-09,C100371,Books,4,29.05,Paid Ads,Ireland
INV900363,2023-08-13,C100196,Beauty,3,7.24,Organic Search,Ireland
INV902135,2024-11-10,C101142,Office Supplies,2,17.2,Email,France
INV903170,2024-11-25,C101718,Apparel,2,27.36,Referral,united kingdom
INV901022,2024-12-03,C100522,Books,5,12.05,Paid Ads,United States
INV902137,2023-08-24,C101144,Toys,2,35.56,Social,ireland
INV900345,2023-09-01,C100185,Beauty,1,42.65,Email,United Kingdom
INV900829,2023-12-15,C100423,Books,5,28.37,Referral,germany
INV900775,2023-04-05,C100397,Beauty,3,58.55,Organic Search,United Kingdom
INV900390,2024-08-03,C100212,Sports & Outdoors,5,64.34,Email,Germany
INV901047,2023-03-19,C100541,Electronics,1,121.77,Organic Search,Germany
INV901882,2024-07-01,C101003,Office Supplies,4,12.7,Organic Search,France
INV902305,2024-08-13,C101245,Home & Kitchen,1,58.6,Social,USA
INV903231,2023-03-23,C101743,Beauty,2,59.95,Referral,Ireland
INV901011,2023-09-22,,Office Supplies,3,33.65,Email, United Kingdom
INV901243,2023-12-15,C100654,Beauty,5,48.91,Organic Search,germany
INV902873,2023-04-06,C101525,Sports & Outdoors,4,198.82,Email,United States
INV903165,2023-12-04,C101718,Sports & Outdoors,1,48.19,Referral,United Kingdom
INV902680,2023-04-17,C101449,Beauty,2,33.49,Organic Search,UK
INV902239,2023-11-10,C101201,Books,2,23.66,Organic Search,united states
INV902464,2024-06-10,C101326,Sports & Outdoors,4,35.26,Email,france
INV902708,2023-12-11,C101457,Office Supplies,2,7.05,Paid Ads,United Kingdom
INV900594,2023-07-07,C100306,Toys,5,65.91,Email,Germany
INV903074,2024-06-23,C101656,Beauty,3,54.01,Organic Search,ireland
INV902201,2023-09-18,C101183,Home & Kitchen,5,87.54,Organic Search,Germany
INV900485,2023-11-17,C100247,Toys,5,36.62,Referral,US
INV900757,2023-10-18,C100389,Toys,2,22.61,Paid Ads,ireland
INV901159,2023-03-21,C100603,Beauty,5,20.06,Paid Ads,Ireland
INV900114,2023-08-04,C100055,Apparel,2,15.81,Referral,United States
INV901548,2023-02-13,C100820,Sports & Outdoors,3,102.97,Organic Search,DE
INV902897,2023-12-26,C101541,Beauty,1,51.25,Organic Search,USA
INV902545,2023-11-20,C101363,Beauty,3,23.42,Organic Search,DE
INV902230,2024-07-19,C101191,Sports & Outdoors,1,93.69,Referral,France
INV900963,2024-08-03,,Home & Kitchen,-4,105.42,Social,Ireland
INV900755,2023-06-01,C100389,Electronics,5,68.69,Paid Ads,Ireland
INV901953,2024-08-21,C101035,Office Supplies,2,26.8,Organic Search,Ireland
INV900739,2023-03-03,C100385,Apparel,2,50.79,Social, United Kingdom
INV900020,2024-09-21,C100011,Apparel,5,57.98,Referral,UK
INV901401,2023-04-26,,Electronics,1,386.58,Organic Search,United Kingdom
INV902825,2024-10-22,,Office Supplies,4,34.46,Paid Ads,UK
INV900149,2024-04-22,C100079,Beauty,5,45.57,Organic Search,united kingdom
INV903307,2024-07-20,C101786,Home & Kitchen,3,77.86,Organic Search,United States
INV900276,2024-12-05,C100144,Beauty,2,7.85,Organic Search,UK
INV901198,2024-01-18,C100624,Apparel,2,41.59,Email,france
INV901651,2023-03-07,C100873,Electronics,1,425.07,Referral,germany
INV903148,2024-06-17,C101710,Beauty,2,32.58,Referral, United Kingdom
INV901877,2023-12-14,C100997,Home & Kitchen,3,123.68,Organic Search,UK
INV902718,2024-04-01,C101460,Toys,2,69.68,Referral,germany
INV900267,2023-06-09,C100142,Beauty,3,31.64,Email,DE
INV902624,2024-12-08,,Office Supplies,2,5.84,Paid Ads,USA
INV902607,2023-10-10,C101404,Toys,1,60.24,Paid Ads,ireland
INV902476,2024-05-18,C101331,Office Supplies,5,9.43,Email, United Kingdom
INV901351,2024-08-27,C100715,Home & Kitchen,2,105.75,Organic Search, United Kingdom
INV900362,2023-07-02,C100196,Home & Kitchen,5,140.5,Organic Search,ireland
INV902267,2024-05-06,C101212,Toys,4,17.0,Organic Search,united states
INV902122,2024-05-22,C101134,Books,1,30.06,Organic Search,United Kingdom
INV901058,2024-02-21,C100549,Home & Kitchen,4,76.37,Organic Search,DE
INV901805,2023-07-10,C100963,Books,5,23.63,Paid Ads,France
INV900935,2023-11-03,C100485,Sports & Outdoors,4,97.84,Organic Search,United Kingdom
INV902539,2023-09-03,C101362,Electronics,2,396.31,Paid Ads,united kingdom
INV900935,2023-11-03,C100485,Apparel,1,85.01,Organic Search,United Kingdom
INV900499,2024-06-02,C100256,Beauty,5,9.52,Organic Search, United Kingdom
INV902013,2023-04-20,C101075,Toys,3,44.04,Organic Search,germany
INV900431,2024-11-21,C100227,Toys,4,60.3,Email,germany
INV900050,2024-03-09,C100025,Sports & Outdoors,3,196.13,Organic Search,United States
INV901545,2024-07-12,C100818,Beauty,2,44.99,Email,Germany
INV902331,2023-02-14,C101265,Home & Kitchen,1,14.84,Organic Search, United Kingdom
INV901122,2023-11-09,C100584,Beauty,5,41.98,Email, United Kingdom
INV901311,2023-03-27,C100694,Sports & Outdoors,4,120.18,Referral,United States
INV901659,2023-12-03,C100876,Beauty,4,23.26,Email,USA
INV902523,2023-07-03,C101356,Sports & Outdoors,2,75.77,Social,UK
INV900214,2023-12-18,C100114,Beauty,2,57.45,Paid Ads,UK
INV901775,2024-07-28,C100941,Books,1,24.99,Paid Ads, United Kingdom
INV902052,2023-12-24,C101091,Electronics,1,169.31,Email, United Kingdom
INV900628,2024-12-12,C100324,Home & Kitchen,4,146.37,Organic Search,united kingdom
INV900449,2023-12-02,C100234,Books,2,33.03,Social,France
INV900396,2024-03-12,C100213,Electronics,5,421.97,Social,France
INV903184,2024-08-23,C101722,Beauty,1,51.14,Organic Search,france
INV901843,2024-04-13,C100980,Beauty,4,53.09,Paid Ads,France
INV902730,2024-01-12,C101463,Books,2,14.16,Referral, United Kingdom
INV901908,2023-08-11,C101012,Toys,5,59.91,Social,Ireland
INV900492,2024-06-18,C100251,Office Supplies,5,27.98,Referral,united states
INV901300,2024-10-17,C100683,Apparel,4,12.2,Organic Search,Germany
INV901556,2023-02-21,C100825,Home & Kitchen,5,109.84,Organic Search,Germany
INV902049,2023-11-13,C101090,Sports & Outdoors,4,88.63,Organic Search,United Kingdom
INV900038,2024-08-03,C100018,Apparel,3,78.53,Organic Search,United Kingdom
INV900858,2024-10-14,C100440,Toys,1,57.93,Organic Search,UK
INV901692,2024-03-24,C100886,Office Supplies,5,7.06,Paid Ads,united kingdom
INV902970,2023-08-23,C101591,Books,4,18.51,Paid Ads,UK
INV902789,2024-04-25,C101486,Office Supplies,1,25.6,Social,United Kingdom
INV900276,2024-12-05,C100144,Home & Kitchen,3,15.6,Organic Search,UK
INV900972,2024-07-12,C100506,Electronics,1,494.95,Social,united kingdom
INV903200,2024-05-03,C101730,Electronics,2,296.22,Organic Search,UK
INV901068,2023-03-19,C100561,Sports & Outdoors,4,112.93,Paid Ads,France
INV901940,2023-10-28,C101030,Toys,3,34.7,Email,ireland
INV903029,2023-12-17,C101634,Home & Kitchen,1,33.86,Social,USA
INV900299,2024-03-12,C100161,Office Supplies,3,27.46,Email,DE
INV900056,2023-10-03,C100030,Books,5,6.47,Organic Search,UK
INV900559,2024-11-13,C100292,Apparel,3,62.01,Referral,United Kingdom
INV901117,2023-03-04,C100582,Books,1,26.75,Paid Ads,United Kingdom
INV900903,2024-06-08,C100460,Sports & Outdoors,3,22.15,Email,Ireland
INV901357,2023-05-20,C100720,Toys,1,32.36,Organic Search,united states
INV900342,2024-05-15,C100183,Books,3,11.63,Referral,United Kingdom
INV900284,2023-08-19,C100151,Toys,4,44.68,Organic Search,Germany
INV901533,2023-10-17,C100813,Home & Kitchen,4,120.05,Referral,ireland
INV902213,2023-11-06,C101185,Beauty,2,31.8,Organic Search, United Kingdom
INV902788,2023-11-20,C101486,Toys,4,45.36,Social,united kingdom
INV900990,2024-06-11,C100513,Home & Kitchen,5,107.97,Social,germany
INV900776,2023-04-20,C100397,Beauty,3,13.55,Organic Search,UK
INV900874,2024-08-11,C100445,Home & Kitchen,2,104.83,Email,france
INV901774,2024-01-18,C100941,Books,4,8.81,Paid Ads,UK
INV902130,2024-03-13,C101138,Beauty,5,45.89,Email,united states
INV901325,2023-04-18,C100702,Electronics,2,236.29,Email,germany
INV900057,2023-11-16,,Office Supplies,3,15.3,Organic Search,United Kingdom
INV902063,2024-01-05,C101100,Apparel,1,25.36,Referral, United Kingdom
INV902612,2023-04-28,C101408,Books,5,25.15,Paid Ads,Ireland
INV902381,2023-12-27,C101290,Apparel,1,73.82,Organic Search,Ireland
INV900864,2023-03-12,C100442,Toys,2,57.74,Paid Ads,Ireland
INV901292,2023-12-24,C100678,Home & Kitchen,5,146.68,Social,DE
INV902231,2023-11-14,C101194,Electronics,3,542.34,Social,ireland
INV902920,2023-10-22,C101555,Apparel,1,43.29,Paid Ads,united kingdom
INV901607,2024-09-08,C100851,Home & Kitchen,2,86.62,Organic Search,germany
INV901461,2024-09-22,C100780,Apparel,4,72.75,Email,germany
INV901928,2023-02-27,C101025,Electronics,1,512.98,Organic Search,US
INV903064,2023-05-11,C101654,Apparel,4,76.79,Organic Search,US
INV901236,2024-06-18,C100647,Home & Kitchen,3,31.86,Referral,DE
INV902445,2024-04-04,C101318,Sports & Outdoors,4,92.98,Social,UK
INV902103,2023-01-10,C101120,Apparel,5,13.3,Email,USA
INV902722,2023-12-17,C101462,Books,1,15.77,Paid Ads,United States
INV902240,2023-12-09,C101201,Sports & Outdoors,1,40.74,Organic Search,USA
INV902027,2023-08-25,,Books,1,8.42,Social,United Kingdom
INV900184,2024-07-26,C100097,Books,3,24.82,Organic Search, United Kingdom
INV900128,2024-08-19,C100060,Toys,1,42.0,Paid Ads,France
INV903190,2024-05-02,C101727,Home & Kitchen,1,129.32,Paid Ads,UK
INV901233,2023-12-27,C100647,Sports & Outdoors,2,129.31,Referral,DE
INV901540,2023-05-06,C100817,Toys,4,13.69,Email,United Kingdom
INV901846,2023-12-17,C100982,Beauty,5,41.45,Paid Ads,germany
INV900897,2024-04-21,C100454,Electronics,5,155.84,Referral, United Kingdom
INV900506,2024-09-05,C100259,Beauty,5,20.99,Referral,Ireland
INV901012,2023-10-03,C100520,Sports & Outdoors,4,59.07,Email,United Kingdom
INV901346,2024-04-02,C100713,Office Supplies,4,35.58,Paid Ads,UK
INV902986,2023-08-23,C101603,Books,5,8.1,Referral,United Kingdom
INV902459,2024-11-20,C101324,Books,2,14.31,Referral,USA
INV900012,2023-11-05,C100006,Electronics,3,597.17,Paid Ads,USA
INV902823,2024-07-05,C101506,Apparel,2,44.24,Paid Ads, United Kingdom
INV901907,2023-08-08,C101012,Books,3,23.25,Social,ireland
INV900323,2024-05-06,C100173,Beauty,1,45.9,Social,united kingdom
INV902779,2024-09-07,C101485,Toys,3,46.27,Referral,US
INV900553,2024-11-11,C100285,Toys,4,21.79,Referral, United Kingdom
INV902346,2024-12-09,C101275,Electronics,4,434.42,Paid Ads,United Kingdom
INV902456,2024-07-23,C101323,Home & Kitchen,3,20.82,Organic Search,ireland
INV901065,2024-06-05,C100555,Apparel,5,29.78,Organic Search,United States
INV903093,2024-05-26,C101669,Beauty,1,55.16,Social,Germany
INV900506,2024-09-05,C100259,Toys,1,66.49,Referral,Ireland
INV900738,2023-08-27,,Books,3,27.05,Social,United States
INV901517,2023-04-04,C100807,Books,2,15.23,Paid Ads,US
INV902319,2024-01-26,,Home & Kitchen,4,88.04,Paid Ads,United Kingdom
INV902627,2023-09-14,C101417,Books,2,8.61,Referral,US
INV900927,2024-04-17,C100478,Office Supplies,4,3.52,Email, United Kingdom
INV903311,2024-06-09,C101790,Electronics,5,72.32,Social,germany
INV901384,2023-07-26,C100743,Office Supplies,3,33.85,Organic Search,United Kingdom
INV902917,2024-11-22,C101554,Office Supplies,1,30.07,Email,united states
INV903310,2023-05-04,C101787,Sports & Outdoors,2,19.23,Email,united kingdom
INV901075,2024-08-17,C100564,Office Supplies,4,17.39,Email, United Kingdom
INV902595,2023-03-19,C101398,Home & Kitchen,2,147.6,Organic Search,france
INV900059,2024-07-25,C100030,Apparel,5,89.72,Organic Search,UK
INV900928,2023-05-05,C100479,Sports & Outdoors,2,60.32,Paid Ads,DE
INV900971,2023-11-08,C100506,Beauty,5,24.22,Social, United Kingdom
INV901167,2024-11-12,C100608,Electronics,4,555.93,Organic Search,DE
INV901663,2024-06-20,C100877,Home & Kitchen,4,45.86,Paid Ads,United Kingdom
INV901762,2023-04-21,C100936,Apparel,3,80.78,Organic Search,US
INV901501,2023-10-23,C100799,Office Supplies,2,8.83,Email,united states
INV901103,2024-08-23,,Beauty,2,15.54,Paid Ads,US
INV901020,2023-07-07,,Sports & Outdoors,2,37.92,Paid Ads,United States
INV900620,2024-11-17,C100318,Books,4,19.55,Email,UK
INV900095,2024-06-02,C100046,Electronics,2,490.18,Email,UK
INV903220,2023-01-22,C101738,Toys,4,21.65,Referral,UK
INV903042,2023-10-01,C101644,Toys,2,27.9,Paid Ads,france
INV901667,2024-03-28,C100879,Toys,2,653.9483247279402,Paid Ads, United Kingdom
INV901908,2023-08-11,C101012,Office Supplies,5,13.85,Social,Ireland
INV902341,2024-02-16,C101273,Home & Kitchen,1,129.57,Organic Search, United Kingdom
INV902021,2024-08-04,C101075,Apparel,3,34.87,Organic Search,DE
INV901203,2024-05-04,C100630,Books,5,10.51,Organic Search,Ireland
INV901986,2023-07-23,C101059,Beauty,4,41.46,Email,UK
INV900423,2024-03-01,C100224,Apparel,1,55.53,Paid Ads,united kingdom
INV901856,2024-06-18,C100984,Electronics,5,135.96,Paid Ads,United Kingdom
INV900769,2024-06-19,C100395,Apparel,3,17.69,Paid Ads,UK
INV900071,2023-10-09,C100038,Home & Kitchen,4,4322.985498668812,Referral,France
INV901483,2023-11-23,C100786,Home & Kitchen,4,112.31,Paid Ads,france
INV903088,2023-11-05,C101665,Books,1,10.19,Paid Ads, United Kingdom
INV900553,2024-11-11,C100285,Home & Kitchen,1,75.43,Referral, United Kingdom
INV901927,2024-10-11,C101022,Office Supplies,2,38.47,Paid Ads,united states
INV900998,2024-12-26,C100516,Electronics,3,87.43,Paid Ads,United Kingdom
INV900783,2024-09-20,C100403,Apparel,5,10.72,Organic Search,US
INV902832,2024-12-07,C101509,Home & Kitchen,1,98.42,Social, United Kingdom
INV901816,2024-06-28,C100965,Electronics,1,592.68,Referral, United Kingdom
INV901255,2024-01-18,C100659,Home & Kitchen,4,80.47,Referral,France
INV900217,2023-01-08,C100116,Electronics,3,159.89,Email, United Kingdom
INV900038,2024-08-03,C100018,Home & Kitchen,4,40.18,Organic Search,United Kingdom
INV902834,2023-08-24,,Beauty,1,16.63,Email,France
INV902301,2024-08-06,C101241,Books,2,20.17,Paid Ads,United Kingdom
INV900018,2023-11-04,C100010,Books,4,30.58,Referral,Ireland
INV901752,2024-12-15,C100925,Office Supplies,5,11.76,Organic Search,Germany
INV902731,2024-03-11,C101463,Home & Kitchen,5,110.47,Referral, United Kingdom
INV902066,2023-11-02,C101101,Apparel,2,10.13,Paid Ads, United Kingdom
INV901289,2024-04-12,C100676,Home & Kitchen,5,123.35,Referral, United Kingdom
INV900987,2024-11-04,C100510,Books,3,8.65,Referral,UK
INV902128,2023-09-04,C101137,Sports & Outdoors,4,187.43,Organic Search,UK
INV900853,2023-11-08,C100439,Office Supplies,3,34.96,Paid Ads, United Kingdom
INV901736,2023-12-02,C100914,Beauty,2,55.91,Referral,France
INV902235,2024-08-20,C101196,Beauty,3,56.65,Organic Search,UK
INV901925,2023-04-24,C101021,Toys,4,48.22,Organic Search,Germany
INV901948,2023-11-25,C101034,Electronics,4,187.52,Email,united kingdom
INV900260,2024-05-24,C100135,Beauty,4,14.61,Email,France
INV902788,2023-11-20,C101486,Toys,1,54.89,Social,united kingdom
INV901822,2023-04-05,C100969,Apparel,2,18.5,Referral,DE
INV902359,2024-04-02,C101281,Books,5,14.22,Social,germany
INV902189,2023-12-04,C101177,Electronics,5,428.12,Organic Search,ireland
INV903065,2023-07-07,C101654,Electronics,3,466.34,Organic Search,US
INV901827,2023-06-09,C100970,Sports & Outdoors,5,77.73,Organic Search,United Kingdom
INV902453,2024-01-24,C101322,Beauty,5,29.59,Paid Ads,united kingdom
INV900223,2023-10-25,C100117,Sports & Outdoors,1,132.68,Referral,germany
INV902416,2024-03-09,C101306,Home & Kitchen,5,68.42,Email,Germany
INV901050,2024-07-02,C100544,Beauty,3,13.07,Organic Search,United Kingdom
INV903271,2024-11-17,C101766,Books,4,21.35,Referral,United Kingdom
INV903317,2023-09-27,C101795,Office Supplies,2,33.93,Organic Search,United Kingdom
INV903221,2023-03-03,C101738,Books,4,9.5,Referral,UK
INV902795,2023-03-15,C101492,Electronics,2,351.87,Paid Ads,Germany
INV900501,2023-09-25,C100257,Toys,1,24.15,Organic Search, United Kingdom
INV902532,2023-11-12,C101358,Office Supplies,2,33.62,Organic Search, United Kingdom
INV902510,2024-08-01,C101345,Toys,2,20.32,Organic Search, United Kingdom
INV902679,2024-03-23,C101448,Office Supplies,2,33.39,Organic Search,germany
INV902039,2023-11-06,C101084,Electronics,3,474.23,Email,DE
INV900517,2024-01-22,C100268,Toys,4,63.17,Referral,germany
INV902274,2024-11-27,C101213,Sports & Outdoors,1,139.17,Email, United Kingdom
INV902119,2024-02-22,C101131,Toys,4,61.69,Paid Ads,france
INV902507,2024-03-12,C101342,Electronics,1,467.68,Paid Ads,united kingdom
INV900160,2024-04-27,C100085,Apparel,4,31.46,Social,France
INV900702,2024-02-04,C100365,Office Supplies,2,18.12,Referral,DE
INV901950,2024-04-26,C101035,Office Supplies,5,34.49,Organic Search,Ireland
INV901324,2023-03-04,C100698,Office Supplies,4,11.57,Referral,France
INV902373,2023-09-19,C101288,Toys,1,11.58,Organic Search,ireland
INV901456,2023-08-06,C100778,Beauty,4,49.58,Referral,ireland
INV900328,2024-05-16,C100176,Books,1,29.3,Paid Ads,united kingdom
INV901721,2023-12-16,C100906,Books,3,24.28,Organic Search,United Kingdom
INV900498,2023-10-11,C100255,Sports & Outdoors,3,114.69,Organic Search, United Kingdom
INV900104,2023-08-23,C100052,Electronics,5,187.29,Organic Search,US
INV901542,2023-08-24,C100817,Toys,5,28.01,Email, United Kingdom
INV901331,2024-06-14,C100704,Home & Kitchen,3,130.81,Organic Search,US
INV900087,2023-11-23,C100044,Books,5,31.81,Paid Ads,united kingdom
INV900271,2024-03-22,C100142,Books,3,34.58,Email,germany
INV902246,2024-08-15,C101202,Electronics,3,421.8,Referral,France
INV900940,2024-06-22,C100488,Sports & Outdoors,5,44.67,Social,United Kingdom
INV901441,2024-08-08,C100767,Toys,1,36.69,Organic Search,United Kingdom
INV901929,2023-03-07,C101025,Home & Kitchen,2,56.84,Organic Search,US
INV903242,2024-03-11,C101749,Electronics,5,477.6,Referral,UK
INV902020,2024-03-15,C101075,Toys,4,41.97,Organic Search,germany
INV901188,2024-04-05,C100619,Home & Kitchen,3,44.95,Organic Search,united kingdom
INV900692,2024-06-01,C100357,Electronics,1,278.31,Referral,United Kingdom
INV901578,2024-02-19,C100832,Home & Kitchen,1,123.96,Email,DE
INV901994,2024-04-02,C101064,Books,1,32.22,Email, United Kingdom
INV902101,2024-03-28,C101119,Electronics,4,500.98,Paid Ads,united states
INV900496,2023-06-17,C100255,Home & Kitchen,5,44.83,Organic Search,united kingdom
INV902674,2023-03-05,C101444,Sports & Outdoors,5,30.87,Email,Germany
INV902720,2024-12-22,C101460,Books,3,21.81,Referral,Germany
INV902647,2024-11-12,C101426,Office Supplies,2,30.71,Organic Search,germany
INV901298,2024-10-28,,Home & Kitchen,1,132.29,Paid Ads,ireland
INV902275,2023-11-14,C101216,Beauty,4,51.17,Organic Search,Germany
INV902365,2023-03-23,C101285,Office Supplies,1,26.62,Organic Search, United Kingdom
INV902334,2024-10-15,C101268,Books,3,29.57,Paid Ads,germany
INV901882,2024-07-01,C101003,Office Supplies,1,42.95,Organic Search,France
INV902557,2023-10-26,C101372,Home & Kitchen,3,43.67,Referral,united kingdom
INV901082,2023-09-28,C100567,Electronics,5,573.64,Organic Search,USA
INV902640,2024-02-08,C101423,Electronics,4,506.24,Organic Search, United Kingdom
INV900436,2024-11-08,C100231,Home & Kitchen,4,52.07,Paid Ads, United Kingdom
INV900484,2024-12-15,C100246,Beauty,2,42.41,Email,UK
INV901379,2024-08-21,C100738,Beauty,5,50.56,Organic Search,United Kingdom
INV900386,2024-03-06,C100210,Apparel,1,74.02,Organic Search,france
INV902483,2023-06-16,C101337,Sports & Outdoors,4,61.78,Paid Ads,United States
INV902052,2023-12-24,C101091,Books,4,21.75,Email, United Kingdom
INV901190,2023-11-09,C100620,Beauty,5,14.56,Organic Search,United Kingdom
INV902521,2023-12-06,C101352,Sports & Outdoors,5,67.55,Paid Ads,DE
INV903177,2024-05-01,C101720,Toys,3,22.0,Referral,united kingdom
INV901786,2024-11-21,C100949,Sports & Outdoors,4,136.2,Referral,USA
INV900797,2023-08-25,,Books,2,34.63,Email,France
INV900456,2024-08-15,C100234,Office Supplies,4,37.28,Social,france
INV901869,2024-08-13,C100994,Beauty,4,19.69,Organic Search,united states
INV902493,2024-04-27,C101339,Office Supplies,2,17.28,Paid Ads,US
INV901871,2024-04-07,C100995,Electronics,2,376.04,Organic Search,DE
INV900160,2024-04-27,C100085,Home & Kitchen,3,139.73,Social,France
INV903112,2024-07-22,C101680,Beauty,4,23.14,Organic Search,Germany
INV900891,2024-11-23,C100450,Office Supplies,3,26.15,Referral,united kingdom
INV900817,2023-12-09,C100413,Apparel,5,34.1,Organic Search,france
INV902776,2024-01-27,C101484,Electronics,5,395.09,Organic Search,Ireland
INV901748,2023-09-19,C100924,Apparel,1,79.59,Email,france
INV901492,2024-11-16,C100794,Toys,1,29.71,Email,United Kingdom
INV902428,2024-07-15,C101313,Electronics,4,251.83,Paid Ads,United Kingdom
INV903302,2023-12-24,C101785,Books,3,29.36,Email,United Kingdom
INV901353,2023-10-26,C100717,Beauty,1,10.97,Paid Ads,US
INV902105,2024-01-09,C101121,Books,4,5.02,Organic Search,france
INV901388,2023-07-09,C100747,Electronics,1,470.28,Referral,USA
INV901641,2024-07-09,C100866,Toys,5,49.91,Social,US
INV903054,2023-02-17,C101652,Apparel,4,64.13,Email,France
INV900696,2023-03-18,C100358,Office Supplies,2,33.02,Paid Ads,united kingdom
INV902804,2024-08-26,C101495,Sports & Outdoors,5,19.4,Social,germany
INV902339,2023-03-18,C101271,Home & Kitchen,1,127.61,Organic Search,united kingdom
INV901972,2023-07-22,C101049,Electronics,3,218.82,Social, United Kingdom
INV900689,2023-04-20,C100356,Books,3,11.27,Referral,france
INV901693,2024-06-19,C100886,Toys,5,44.45,Paid Ads, United Kingdom
INV901522,2023-08-11,C100808,Apparel,3,68.99,Referral,france
INV902950,2023-12-22,C101575,Electronics,5,111.63,Organic Search,united kingdom
INV900769,2024-06-19,,Office Supplies,2,35.08,Paid Ads,UK
INV902833,2023-07-02,C101510,Home & Kitchen,3,16.13,Email,France
INV900901,2024-12-11,C100455,Books,5,30.03,Organic Search, United Kingdom
INV901101,2023-11-28,C100575,Electronics,3,384.75,Paid Ads,united states
INV902903,2023-11-03,C101552,Books,5,17.73,Email,UK
INV902124,2024-07-04,C101134,Toys,3,24.34,Organic Search,UK
INV902593,2024-07-25,C101396,Toys,5,41.74,Email,DE
INV900094,2024-06-13,C100046,Electronics,1,259.09,Email, United Kingdom
INV901539,2023-06-28,C100816,Home & Kitchen,4,128.7,Paid Ads,france
INV903257,2024-05-18,C101763,Home & Kitchen,3,28.68,Organic Search,Ireland
INV901443,2023-12-06,C100769,Beauty,2,32.58,Referral,Ireland
INV901861,2023-07-28,C100988,Sports & Outdoors,3,160.44,Referral,France
INV900769,2024-06-19,C100395,Toys,2,63.48,Paid Ads,UK
INV900685,2024-08-19,C100355,Apparel,1,73.47,Referral,germany
INV901510,2024-12-19,C100802,Sports & Outdoors,5,158.84,Paid Ads,UK
INV901419,2024-10-11,C100759,Toys,2,14.09,Organic Search,united states
INV902004,2023-08-06,C101068,Electronics,1,570.87,Paid Ads,france
INV902042,2024-05-16,C101086,Toys,3,34.1,Organic Search,ireland
INV900046,2023-12-12,C100022,Sports & Outdoors,4,182.16,Email, United Kingdom
INV900404,2023-09-27,C100218,Electronics,3,46.15,Organic Search,UK
INV900236,2024-07-10,C100121,Office Supplies,4,6.78,Email,france
INV902209,2023-12-24,C101184,Sports & Outdoors,3,114.54,Email,Ireland
INV900484,2024-12-15,C100246,Electronics,4,273.72,Email,UK
INV900968,2024-01-01,C100505,Apparel,2,71.05,Organic Search,United Kingdom
INV901793,2023-09-10,C100953,Electronics,2,375.06,Referral,united kingdom
INV902746,2023-09-02,C101472,Electronics,4,379.79,Organic Search,ireland
INV902092,2023-11-22,C101115,Books,4,31.23,Paid Ads,united kingdom
INV901693,2024-06-19,C100886,Office Supplies,2,41.04,Paid Ads, United Kingdom
INV900392,2024-11-13,C100212,Sports & Outdoors,3,179.63,Email,germany
INV901968,2023-07-10,C101045,Beauty,3,32.79,Social,france
INV901021,2024-12-26,C100522,Office Supplies,1,25.97,Paid Ads,United States
INV902559,2023-11-26,C101372,Office Supplies,2,29.12,Referral, United Kingdom
INV902125,2023-03-25,C101135,Apparel,3,27.59,Referral,DE
INV901282,2024-09-12,C100670,Electronics,3,249.04,Paid Ads,USA
INV901509,2024-04-12,C100802,Toys,3,6.32,Paid Ads,united kingdom
INV902558,2023-11-26,C101372,Beauty,4,38.98,Referral,UK
INV901450,2024-03-04,C100773,Toys,5,36.58,Organic Search, United Kingdom
INV901086,2024-06-10,C100567,Home & Kitchen,3,63.92,Organic Search,USA
INV901571,2023-05-15,C100831,Sports & Outdoors,1,61.04,Organic Search,UK
INV900122,2024-12-19,C100056,Toys,4,27.9,Referral,US
INV902820,2023-11-13,C101502,Books,4,22.58,Referral,united kingdom
INV901201,2024-08-04,C100628,Apparel,4,70.55,Organic Search,Germany
INV901958,2024-06-26,C101039,Toys,5,30.29,Organic Search,Germany
INV900313,2023-05-12,C100169,Books,-1,34.83,Paid Ads,United Kingdom
INV901657,2024-04-09,C100875,Apparel,3,18.91,Paid Ads, United Kingdom
INV901146,2024-05-18,C100596,Sports & Outdoors,5,194.44,Referral,United States
INV902322,2023-12-05,C101262,Home & Kitchen,3,107.98,Paid Ads,france
INV902793,2023-11-15,C101489,Electronics,4,203.51,Organic Search,germany
INV902885,2023-12-22,C101533,Toys,4,58.7,Paid Ads,US
INV902382,2024-06-03,C101291,Apparel,3,71.63,Paid Ads,germany
INV900108,2024-07-02,C100053,Beauty,1,43.95,Organic Search,united kingdom
INV901978,2024-10-06,C101051,Books,3,17.55,Organic Search,germany
INV901594,2023-12-14,C100844,Home & Kitchen,5,18.22,Email,united kingdom
INV900797,2023-08-25,C100407,Apparel,1,41.61,Email,France
INV903111,2024-09-05,,Home & Kitchen,1,140.38,Social,United Kingdom
INV900855,2023-12-07,C100439,Home & Kitchen,1,118.08,Paid Ads,UK
INV903176,2023-11-11,C101720,Home & Kitchen,4,136.38,Referral,United Kingdom
INV901388,2023-07-09,C100747,Apparel,2,48.52,Referral,USA
INV900634,2023-12-21,C100327,Books,-5,9.53,Paid Ads,United States
INV900008,2023-03-13,C100006,Sports & Outdoors,2,22.15,Paid Ads,United States
INV902302,2024-08-10,C101242,Sports & Outdoors,3,96.8,Referral,united kingdom
INV901585,2024-07-25,C100839,Sports & Outdoors,5,37.74,Referral,UK
INV901455,2023-03-23,C100777,Office Supplies,2,34.24,Paid Ads,Ireland
INV903082,2024-05-17,C101661,Electronics,5,419.9,Email,DE
INV902348,2024-08-07,C101276,Books,1,5.92,Paid Ads,United Kingdom
INV900079,2024-03-19,C100042,Office Supplies,4,9.89,Organic Search,United Kingdom
INV901814,2024-04-28,C100965,Apparel,3,49.19,Referral, United Kingdom
INV901524,2024-06-09,C100808,Sports & Outdoors,4,190.07,Referral,france
INV902667,2024-11-18,C101439,Office Supplies,2,40.53,Organic Search,United States
INV902552,2024-06-03,C101370,Office Supplies,2,40.67,Email,United Kingdom
INV901139,2024-11-13,C100594,Home & Kitchen,1,134.99,Paid Ads,Germany
INV900421,2023-05-27,C100223,Home & Kitchen,4,41.26,Organic Search,France
INV901552,2024-07-21,C100821,Sports & Outdoors,1,117.55,Organic Search,united states
INV900133,2023-11-24,C100064,Apparel,2,28.35,Social, United Kingdom
INV900089,2024-09-18,C100044,Sports & Outdoors,3,96.8,Paid Ads,United Kingdom
INV901478,2023-12-17,C100784,Home & Kitchen,3,121.52,Organic Search,france
INV903262,2024-04-24,C101764,Sports & Outdoors,1,20.27,Paid Ads,UK
INV900351,2024-01-05,C100189,Apparel,5,79.95,Paid Ads, United Kingdom
INV901579,2023-04-18,C100833,Beauty,5,11.12,Organic Search, United Kingdom
INV902481,2024-12-23,C101334,Books,2,32.53,Email,United Kingdom
INV902225,2023-05-21,C101189,Apparel,1,20.03,Paid Ads,UK
INV902379,2024-07-15,,Home & Kitchen,4,23.9,Organic Search,Ireland
INV902710,2023-07-16,C101458,Apparel,3,68.59,Social,germany
INV901232,2023-11-04,C100647,Toys,1,38.8,Referral,Germany
INV900507,2024-09-28,C100260,Office Supplies,1,32.14,Organic Search,USA
INV900696,2023-03-18,C100358,Toys,3,44.69,Paid Ads,united kingdom
INV902439,2024-07-16,C101317,Office Supplies,3,41.08,Social,DE
INV901246,2024-12-20,C100654,Home & Kitchen,3,139.25,Organic Search,Germany
INV900298,2024-09-09,C100160,Electronics,5,52.05,Social,UK
INV901766,2023-12-14,C100938,Electronics,4,295.57,Referral,USA
INV901096,2023-05-19,C100573,Home & Kitchen,5,135.66,Paid Ads,france
INV900277,2024-07-12,C100145,Office Supplies,5,15.28,Paid Ads,DE
INV900310,2023-10-25,C100168,Sports & Outdoors,2,13.87,Organic Search,ireland
INV900166,2024-06-28,C100088,Apparel,5,23.17,Paid Ads,Ireland
INV902492,2024-02-14,C101339,Toys,1,46.53,Paid Ads,USA
INV902969,2023-07-12,C101591,Apparel,1,62.43,Paid Ads,UK
INV900784,2024-11-27,C100403,Office Supplies,2,14.71,Organic Search,United States
INV902934,2024-01-14,C101565,Beauty,3,14.22,Email,germany
INV901592,2023-08-28,C100844,Beauty,5,57.36,Email,united kingdom
INV902939,2024-02-26,C101567,Sports & Outdoors,5,47.18,Paid Ads,US
INV900040,2024-10-23,C100019,Office Supplies,3,16.75,Paid Ads,Germany
INV901063,2024-08-27,C100554,Home & Kitchen,1,96.65,Paid Ads, United Kingdom
INV900163,2023-10-24,C100087,Electronics,5,102.42,Organic Search,DE
INV901474,2023-09-04,C100783,Sports & Outdoors,4,84.0,Organic Search,DE
INV902010,2024-02-06,C101073,Beauty,4,10.18,Paid Ads,United States
INV900399,2023-03-01,C100216,Beauty,1,27.93,Organic Search, United Kingdom
INV901230,2023-08-03,C100645,Electronics,4,,Paid Ads,France
INV901463,2023-04-24,,Toys,5,23.21,Email,US
INV901562,2024-06-23,C100827,Electronics,1,229.16,Referral,united kingdom
INV901680,2023-09-22,C100883,Toys,2,14.22,Organic Search,france
INV903255,2023-07-26,C101762,Home & Kitchen,3,97.04,Paid Ads,united kingdom
INV903016,2024-01-14,C101626,Apparel,5,24.88,Social,United Kingdom
INV900640,2023-09-06,C100332,Apparel,5,59.7,Organic Search,United Kingdom
INV901221,2024-11-03,C100640,Beauty,2,9.18,Referral,UK
INV902711,2023-08-02,C101458,Office Supplies,4,4.88,Social,germany
INV902395,2024-12-23,C101297,Electronics,5,446.15,Paid Ads,Germany
INV901634,2024-11-20,C100863,Apparel,3,40.51,Organic Search,united kingdom
INV901125,2024-08-09,C100586,Electronics,1,352.55,Social,france
INV902445,2024-04-04,C101318,Apparel,2,41.27,Social,UK
INV901829,2023-07-19,C100970,Apparel,3,53.47,Organic Search,UK
INV902135,2024-11-10,C101142,Home & Kitchen,2,57.36,Email,France
INV902019,2023-11-16,C101075,Sports & Outdoors,2,82.5,Organic Search,DE
INV900383,2023-12-23,C100208,Sports & Outdoors,1,139.77,Social,ireland
INV901064,2023-11-25,C100555,Books,2,8.36,Organic Search,united states
INV901369,2024-03-05,C100730,Beauty,3,53.3,Paid Ads,DE
INV901581,2024-05-08,C100836,Home & Kitchen,3,60.76,Referral,UK
INV901404,2024-09-09,,Books,3,18.74,Organic Search,UK
INV903208,2024-03-17,C101732,Apparel,3,55.5,Referral,United States
INV903150,2024-09-23,C101712,Toys,5,10.39,Paid Ads,US
INV902919,2023-06-23,C101555,Beauty,1,35.34,Paid Ads,United Kingdom
INV900494,2023-07-17,C100253,Beauty,2,50.46,Organic Search,Ireland
INV903218,2024-03-08,C101737,Electronics,4,421.26,Organic Search,united kingdom
INV902094,2024-03-27,C101115,Sports & Outdoors,1,73.54,Paid Ads,united kingdom
INV902236,2024-09-12,C101196,Electronics,4,398.1,Organic Search,united kingdom
INV900588,2024-12-12,C100302,Apparel,5,45.54,Referral,UK
INV901654,2024-10-17,C100874,Toys,5,33.44,Email,united kingdom
INV902512,2024-07-05,C101346,Beauty,4,39.27,Organic Search,United Kingdom
INV900567,2024-12-08,C100296,Office Supplies,5,31.65,Organic Search,France
INV902259,2024-11-22,C101209,Home & Kitchen,2,105.4,Organic Search,united states
INV900085,2024-03-13,C100043,Apparel,3,26.49,Paid Ads,United States
INV900090,2024-12-11,C100044,Office Supplies,5,37.79,Paid Ads,United Kingdom
INV902554,2024-01-05,C101371,Toys,4,35.23,Email,france
INV901076,2023-05-12,C100566,Home & Kitchen,4,25.33,Paid Ads,UK
INV902831,2024-12-19,C101509,Sports & Outdoors,3,26.62,Social,UK
INV903293,2023-03-05,C101782,Beauty,3,39.23,Organic Search,USA
INV901329,2023-03-10,C100704,Sports & Outdoors,2,73.36,Organic Search,US
INV903097,2024-04-04,C101671,Beauty,2,56.36,Paid Ads, United Kingdom
INV901803,2023-07-11,C100960,Toys,2,43.9,Paid Ads,united kingdom
INV900827,2024-09-18,C100420,Home & Kitchen,2,42.14,Paid Ads,United Kingdom
INV902924,2024-12-13,C101556,Home & Kitchen,1,22.69,Email,united kingdom
INV901020,2023-07-07,C100522,Apparel,1,54.71,Paid Ads,United States
INV902192,2023-11-13,C101178,Office Supplies,2,10.35,Organic Search,United Kingdom
INV901060,2023-07-03,C100553,Apparel,1,21.62,Social,Germany
INV900716,2024-12-28,C100374,Office Supplies,4,41.66,Organic Search,USA
INV900643,2023-12-17,C100332,Office Supplies,5,3.59,Organic Search,United Kingdom
INV901946,2024-08-23,C101033,Apparel,2,9.4,Referral,germany
INV903286,2023-05-27,C101777,Home & Kitchen,4,81.24,Referral,United Kingdom
INV902887,2023-04-03,C101535,Beauty,3,22.98,Social, United Kingdom
INV903176,2023-11-11,C101720,Books,2,15.1,Referral,United Kingdom
INV902458,2024-08-08,C101324,Apparel,5,33.57,Referral,United States
INV900749,2024-02-01,C100385,Electronics,1,168.92,Social,United Kingdom
INV903313,2023-11-22,C101794,Sports & Outdoors,5,53.18,Referral, United Kingdom
INV900882,2023-12-28,C100448,Books,2,6.88,Paid Ads,USA
INV901588,2023-07-20,C100840,Beauty,4,46.8,Organic Search,united states
INV903027,2023-12-22,C101632,Office Supplies,5,37.97,Email, United Kingdom
INV901794,2023-10-27,C100953,Toys,5,42.87,Referral,UK
INV900183,2024-05-17,C100097,Toys,5,33.87,Organic Search,UK
INV901446,2024-06-05,C100770,Apparel,3,37.54,Organic Search,DE
INV901760,2024-03-09,C100934,Office Supplies,3,14.21,Organic Search,Germany
INV902963,2023-11-03,C101585,Beauty,3,33.21,Paid Ads,united kingdom
INV903139,2024-11-17,C101705,Electronics,1,477.55,Organic Search,DE
INV902467,2024-03-19,C101328,Beauty,5,44.1,Organic Search,DE
INV902933,2023-12-03,C101565,Electronics,1,275.07,Email,germany
INV901113,2024-06-02,C100581,Electronics,1,391.85,Organic Search,united kingdom
INV902234,2024-07-04,C101196,Home & Kitchen,2,129.51,Organic Search,UK
INV900639,2024-07-07,C100330,Electronics,4,57.35,Organic Search,US
INV900350,2023-09-15,C100188,Apparel,5,35.99,Paid Ads,UK
INV902203,2024-02-22,C101183,Apparel,1,42.24,Organic Search,DE
INV902624,2024-12-08,C101412,Toys,2,45.47,Paid Ads,USA
INV900660,2024-09-25,C100347,Beauty,1,57.84,Organic Search,france
INV902863,2024-12-21,C101520,Toys,3,26.61,Organic Search,UK
INV902898,2023-02-28,C101542,Sports & Outdoors,-4,170.32,Organic Search,DE
INV900038,2024-08-03,C100018,Toys,1,44.2,Organic Search,United Kingdom
INV903050,2024-09-02,,Electronics,1,224.52,Organic Search,USA
INV903000,2024-04-26,C101613,Apparel,4,42.16,Organic Search,United States
INV902947,2024-08-28,C101572,Apparel,2,62.95,Email,United States
INV901567,2023-08-25,C100830,Electronics,4,578.55,Social,united kingdom
INV901382,2024-12-04,C100740,Electronics,4,542.14,Referral,United Kingdom
INV901786,2024-11-21,C100949,Books,5,25.26,Referral,USA
INV901494,2024-05-21,C100795,Office Supplies,4,27.09,Paid Ads,US
INV903133,2023-08-05,C101701,Electronics,2,389.41,Email,United States
INV902201,2023-09-18,,Apparel,4,16.93,Organic Search,Germany
INV900879,2024-11-08,C100447,Toys,3,13.11,Paid Ads,France
INV903268,2023-11-10,,Home & Kitchen,2,102.65,Referral,UK
INV900896,2023-12-14,C100454,Home & Kitchen,2,71.86,Referral, United Kingdom
INV902123,2024-05-01,C101134,Office Supplies,3,4.52,Organic Search,United Kingdom
INV900752,2023-04-25,C100389,Electronics,4,428.8,Paid Ads,Ireland
INV902928,2024-01-17,C101561,Toys,5,46.51,Email,USA
INV902248,2024-11-10,C101202,Home & Kitchen,4,74.02,Referral,france
INV901745,2024-06-11,C100922,Apparel,2,38.22,Paid Ads,Germany
INV901318,2024-09-11,C100694,Home & Kitchen,1,123.48,Referral,US
INV900269,2023-07-07,C100142,Office Supplies,4,40.2,Email,DE
INV901685,2024-08-02,C100884,Apparel,2,63.79,Organic Search,Ireland
INV901593,2023-09-20,C100844,Home & Kitchen,3,117.82,Email,united kingdom
INV902289,2024-12-15,C101232,Books,5,7.11,Social,DE
INV902121,2024-04-24,C101133,Beauty,2,18.65,Paid Ads,Germany
INV902337,2023-12-14,C101270,Beauty,5,10.22,Paid Ads,Ireland
INV902806,2024-04-18,C101497,Sports & Outdoors,1,167.16,Organic Search,US
INV901133,2024-11-20,C100590,Electronics,5,89.52,Organic Search,UK
INV900579,2023-08-06,C100300,Home & Kitchen,2,137.93,Paid Ads,United States
INV900428,2024-12-01,C100225,Beauty,5,55.68,Paid Ads,Germany
INV902886,2024-09-12,C101533,Toys,-2,11.44,Paid Ads,united states
INV902542,2023-07-07,C101363,Books,4,33.27,Organic Search,DE
INV901542,2023-08-24,C100817,Beauty,5,42.42,Email, United Kingdom
INV901802,2024-10-21,C100958,Office Supplies,3,29.15,Organic Search,United States
INV900713,2023-11-15,C100372,Sports & Outdoors,1,70.38,Paid Ads,US
INV902322,2023-12-05,C101262,Home & Kitchen,4,95.84,Paid Ads,france
INV901331,2024-06-14,C100704,Electronics,2,237.37,Organic Search,US
INV902107,2024-02-13,C101122,Electronics,3,336.68,Organic Search,germany
INV901452,2024-11-10,C100774,Books,3,22.74,Referral,DE
INV902243,2024-06-28,C101201,Office Supplies,5,30.44,Organic Search,United States
INV903119,2024-04-12,C101687,Electronics,2,118.62,Organic Search,UK
INV901970,2024-11-14,C101045,Apparel,3,73.25,Social,france
INV901345,2024-10-23,C100712,Beauty,2,23.08,Referral,Germany
INV900826,2024-08-08,C100420,Beauty,3,49.62,Paid Ads,United Kingdom
INV903250,2023-12-12,,Apparel,1,77.93,Organic Search,united states
INV901954,2023-02-02,,Toys,1,23.23,Email,france
INV901718,2024-04-15,C100904,Toys,1,58.71,Email,ireland
INV902320,2024-08-12,C101259,Apparel,5,81.28,Organic Search,united kingdom
INV900190,2023-09-12,C100101,Sports & Outdoors,3,170.07,Paid Ads,germany
INV902344,2024-10-18,C101273,Toys,1,19.25,Organic Search,United Kingdom
INV901866,2023-12-19,C100991,Toys,4,37.69,Referral,france
INV901771,2023-09-15,C100941,Toys,5,15.08,Paid Ads, United Kingdom
INV900192,2024-06-01,C100102,Beauty,1,41.73,Organic Search,UK
INV900956,2023-07-19,C100496,Apparel,1,57.82,Paid Ads,Germany
INV902995,2024-11-17,C101608,Toys,5,13.37,Paid Ads,ireland
INV900974,2023-05-07,C100507,Books,3,13.43,Organic Search,UK
INV901044,2024-01-06,C100537,Apparel,1,61.79,Paid Ads,united kingdom
INV901853,2024-01-28,C100984,Beauty,3,51.2,Paid Ads, United Kingdom
INV900874,2024-08-11,C100445,Books,4,34.82,Email,france
INV900108,2024-07-02,C100053,Home & Kitchen,1,21.43,Organic Search,united kingdom
INV901667,2024-03-28,C100879,Toys,5,17.75,Paid Ads, United Kingdom
INV900303,2023-11-19,C100162,Home & Kitchen,3,12.79,Organic Search, United Kingdom
INV901541,2023-06-07,C100817,Toys,2,62.24,Email, United Kingdom
INV902988,2023-09-02,C101604,Sports & Outdoors,2,125.95,Organic Search,united kingdom
INV902807,2024-10-13,C101497,Sports & Outdoors,1,170.79,Organic Search,US
INV901159,2023-03-21,C100603,Toys,4,25.15,Paid Ads,Ireland
INV900679,2024-04-09,C100351,Beauty,1,29.13,Organic Search, United Kingdom
INV902161,2023-09-10,C101159,Electronics,2,397.62,Organic Search,United Kingdom
INV901925,2023-04-24,C101021,Sports & Outdoors,-4,57.15,Organic Search,Germany
INV902678,2023-05-17,C101445,Toys,4,42.34,Organic Search, United Kingdom
INV902706,2023-10-17,C101457,Beauty,2,28.23,Paid Ads, United Kingdom
INV900299,2024-03-12,C100161,Toys,5,8.98,Email,DE
INV903251,2023-12-21,,Books,3,20.47,Referral,Germany
INV901322,2024-04-22,C100697,Office Supplies,4,44.32,Organic Search,united kingdom
INV903136,2024-08-17,C101704,Office Supplies,3,34.57,Organic Search,germany
INV901042,2023-03-23,C100537,Beauty,2,43.63,Paid Ads, United Kingdom
INV901876,2023-12-13,C100997,Home & Kitchen,2,73.87,Organic Search,united kingdom
INV901057,2024-09-07,C100548,Apparel,-4,49.26,Email,USA
INV900348,2023-05-16,C100186,Books,2,19.38,Referral,united kingdom
INV901059,2023-11-22,C100551,Office Supplies,5,32.02,Email,Germany
INV901758,2023-06-22,C100932,Toys,3,36.25,Paid Ads,DE
INV901198,2024-01-18,C100624,Beauty,2,49.6,Email,france
INV902753,2024-09-22,C101474,Toys,3,39.89,Paid Ads,united states
INV901143,2024-12-24,C100595,Books,4,10.01,Email,Ireland
INV901184,2024-11-03,C100615,Sports & Outdoors,2,104.1,Organic Search, United Kingdom
INV900068,2023-07-04,C100038,Home & Kitchen,-2,58.95,Referral,France
INV900908,2024-05-16,C100463,Beauty,5,20.15,Organic Search,France
INV901632,2024-10-21,,Sports & Outdoors,1,144.05,Organic Search,united kingdom
INV902413,2024-08-28,C101304,Toys,1,1732.3179401671603,Paid Ads,germany
INV902821,2023-12-18,C101504,Sports & Outdoors,4,117.31,Referral,USA
INV901497,2024-07-05,C100797,Toys,3,31.98,Referral,United States
INV901333,2023-02-04,C100706,Electronics,3,440.13,Social,germany
INV901177,2023-10-16,C100613,Apparel,4,66.14,Email,france
INV901551,2024-04-01,C100821,Office Supplies,5,17.77,Organic Search,USA
INV901626,2024-08-22,C100860,Books,4,16.84,Paid Ads,France
INV901410,2024-10-22,C100754,Toys,5,43.59,Social,ireland
INV901976,2023-11-26,C101051,Beauty,5,55.4,Organic Search,DE
INV902225,2023-05-21,C101189,Electronics,4,515.13,Paid Ads,UK
INV901303,2024-01-13,C100687,Office Supplies,5,8.25,Paid Ads,Ireland
INV900487,2023-05-24,C100250,Home & Kitchen,4,27.03,Organic Search,UK
INV901210,2024-03-01,C100635,Office Supplies,5,43.75,Paid Ads,UK
INV901134,2024-11-25,C100590,Sports & Outdoors,1,111.6,Organic Search,united kingdom
INV900538,2023-10-23,C100278,Sports & Outdoors,5,141.57,Organic Search,France
INV900812,2023-04-11,C100413,Apparel,2,89.78,Organic Search,France
INV902405,2024-07-17,C101300,Office Supplies,1,19.48,Organic Search,France
INV900371,2023-08-28,C100200,Books,3,22.98,Organic Search,united kingdom
INV901259,2023-05-21,C100660,Apparel,3,34.93,Social,united kingdom
INV903085,2023-12-09,C101663,Sports & Outdoors,5,171.84,Paid Ads,Ireland
INV902877,2024-07-09,C101529,Beauty,1,49.63,Referral,United Kingdom
INV901912,2024-04-07,C101012,Sports & Outdoors,3,124.29,Social,Ireland
INV902969,2023-07-12,C101591,Toys,2,38.48,Paid Ads,UK
INV903063,2023-04-25,C101654,Office Supplies,3,40.36,Organic Search,united states
INV901212,2023-07-07,C100636,Office Supplies,3,3.25,Referral,Germany
INV901176,2024-11-11,C100612,Beauty,5,6.2,Email,Germany
INV902321,2024-09-27,C101260,Beauty,-5,47.14,Paid Ads,united kingdom
INV900277,2024-07-12,C100145,Office Supplies,5,24.22,Paid Ads,DE
INV900719,2023-04-22,C100375,Sports & Outdoors,2,38.61,Paid Ads,Ireland
INV902591,2023-07-04,C101394,Electronics,2,141.47,Organic Search,united kingdom
INV900213,2023-11-25,C100114,Home & Kitchen,3,22.32,Paid Ads, United Kingdom
INV901292,2023-12-24,C100678,Home & Kitchen,2,42.29,Social,DE
INV900573,2024-02-28,C100297,Books,1,14.71,Email,United Kingdom
INV901058,2024-02-21,C100549,Toys,3,33.27,Organic Search,DE
INV901559,2024-03-12,C100826,Books,1,18.39,Paid Ads,united kingdom
INV902245,2024-08-24,C101202,Apparel,1,74.7,Referral,France
INV903312,2024-11-16,C101791,Sports & Outdoors,4,127.67,Paid Ads,united states
INV902050,2023-12-03,C101090,Office Supplies,3,11.61,Organic Search,United Kingdom
INV902430,2024-08-03,,Apparel,4,88.36,Social,Germany
INV902596,2023-09-03,,Electronics,4,521.44,Organic Search,france
INV901811,2024-01-08,C100965,Toys,4,49.6,Referral,United Kingdom
INV902894,2024-05-15,,Books,5,6.95,Referral,france
INV902750,2023-05-22,C101473,Office Supplies,3,34.28,Organic Search,United Kingdom
INV901905,2023-05-02,C101012,Electronics,1,214.08,Social,Ireland
INV900558,2024-06-15,C100290,Home & Kitchen,5,28.29,Paid Ads,USA
INV900982,2024-08-03,C100508,Toys,2,58.66,Referral,United Kingdom
INV901534,2024-01-25,C100813,Home & Kitchen,3,125.42,Referral,ireland
INV900994,2024-10-01,C100514,Toys,1,54.4,Organic Search, United Kingdom
INV902323,2023-12-15,,Toys,5,55.79,Paid Ads,france
INV900140,2023-12-22,C100072,Beauty,5,54.52,Organic Search,USA
INV900564,2024-06-23,C100296,Sports & Outdoors,1,194.37,Organic Search,France
INV903067,2023-05-27,C101655,Electronics,1,158.4,Email,France
INV900922,2024-05-21,C100476,Electronics,5,244.39,Email,United States
INV902675,2023-05-13,C101444,Apparel,1,34.9,Email,DE
INV902430,2024-08-03,C101314,Electronics,2,94.38,Social,Germany
INV903216,2023-06-28,C101737,Beauty,3,32.43,Organic Search,United Kingdom
INV900479,2024-12-26,C100245,Books,3,16.21,Paid Ads,UK
INV900896,2023-12-14,C100454,Home & Kitchen,3,103.78,Referral, United Kingdom
INV902724,2023-03-12,C101463,Electronics,2,431.39,Referral,united kingdom
INV902968,2023-03-18,C101589,Home & Kitchen,3,110.53,Email,France
INV900200,2024-12-09,C100104,Apparel,2,21.55,Email,UK
INV901520,2023-10-06,C100807,Office Supplies,2,17.3,Paid Ads,united states
INV901708,2024-02-23,C100895,Home & Kitchen,5,68.88,Organic Search,Ireland
INV903205,2024-10-12,C101731,Apparel,4,36.72,Paid Ads,Ireland
INV900012,2023-11-05,C100006,Beauty,5,53.22,Paid Ads,USA
INV900814,2023-05-28,C100413,Books,3,22.44,Organic Search,france
INV903318,2023-12-12,C101795,Electronics,4,204.24,Organic Search, United Kingdom
INV902257,2023-10-02,C101208,Apparel,3,48.78,Paid Ads,Germany
INV902953,2024-07-05,C101577,Office Supplies,3,20.04,Organic Search,USA
INV901199,2024-11-21,C100624,Sports & Outdoors,5,143.67,Email,france
INV903050,2024-09-02,C101649,Books,5,14.32,Organic Search,USA
INV902202,2023-10-04,C101183,Books,5,21.02,Organic Search,DE
INV902944,2023-12-16,C101571,Beauty,5,24.98,Referral,Germany
INV901759,2024-11-04,C100932,Books,3,24.74,Paid Ads,germany
INV902894,2024-05-15,C101539,Apparel,5,86.17,Referral,france
INV901338,2024-02-02,C100707,Electronics,3,265.87,Organic Search,united kingdom
INV901824,2023-05-09,C100969,Books,5,25.14,Referral,Germany
INV902873,2023-04-06,C101525,Home & Kitchen,3,125.32,Email,United States
INV900589,2024-06-09,C100303,Office Supplies,5,42.98,Email,United States
INV902590,2024-11-05,C101393,Apparel,5,36.98,Organic Search, United Kingdom
INV900777,2023-10-18,C100398,Books,5,9.41,Email, United Kingdom
INV901739,2024-06-03,C100916,Sports & Outdoors,5,114.96,Referral, United Kingdom
INV901214,2023-10-21,,Sports & Outdoors,3,199.96,Referral,germany
INV901328,2023-06-08,C100703,Apparel,3,73.06,Referral,ireland
INV902819,2023-09-14,C101502,Books,5,29.01,Referral, United Kingdom
INV900977,2023-08-26,C100508,Apparel,2,41.21,Referral, United Kingdom
INV900988,2024-05-16,C100512,Toys,3,30.83,Referral,US
INV900833,2023-11-21,C100424,Sports & Outdoors,-3,54.26,Paid Ads, United Kingdom
INV900940,2024-06-22,C100488,Home & Kitchen,2,124.07,Social,United Kingdom
INV900036,2024-05-14,C100018,Beauty,3,17.43,Organic Search,UK
INV903281,2024-03-09,C101773,Home & Kitchen,4,131.63,Paid Ads, United Kingdom
INV901894,2023-06-19,C101010,Electronics,3,295.79,Organic Search,USA
INV902052,2023-12-24,C101091,Office Supplies,4,15.36,Email, United Kingdom
INV902688,2024-05-10,C101449,Electronics,5,200.65,Organic Search,United Kingdom
INV900541,2023-05-23,C100279,Sports & Outdoors,3,7177.133794444027,Organic Search,United States
INV900847,2023-12-14,C100436,Beauty,4,45.46,Organic Search,USA
INV902692,2023-06-20,C101451,Home & Kitchen,1,74.12,Referral,Germany
INV902726,2023-06-04,C101463,Sports & Outdoors,1,94.41,Referral, United Kingdom
INV902701,2023-05-07,C101455,Electronics,2,287.0,Referral,United Kingdom
INV903116,2024-05-22,C101684,Apparel,4,30.51,Organic Search,United States
INV900666,2023-04-24,,Electronics,2,109.02,Social,United Kingdom
INV902384,2024-07-04,C101291,Apparel,2,22.57,Paid Ads,DE
INV903189,2024-07-10,C101725,Books,5,7.24,Paid Ads, United Kingdom
INV901745,2024-06-11,C100922,Apparel,4,84.69,Paid Ads,Germany
INV900121,2024-12-13,C100056,Sports & Outdoors,3,192.97,Referral,United States
INV900006,2024-11-04,C100005,Home & Kitchen,1,122.66,Email,germany
INV902035,2024-12-04,C101082,Sports & Outdoors,4,153.16,Referral,Ireland
INV900691,2023-11-24,C100356,Office Supplies,2,36.49,Referral,France
INV902433,2023-12-16,C101315,Electronics,1,237.02,Organic Search,Germany
INV902109,2023-10-23,C101123,Books,1,8.42,Organic Search, United Kingdom
INV902585,2024-10-18,C101392,Sports & Outdoors,1,44.11,Email,USA
INV903085,2023-12-09,C101663,Sports & Outdoors,2,99.87,Paid Ads,Ireland
INV902466,2023-06-07,C101327,Beauty,1,45.26,Organic Search,france
INV902806,2024-04-18,C101497,Sports & Outdoors,2,196.32,Organic Search,US
INV901840,2023-08-28,C100976,Electronics,5,462.15,Organic Search,united kingdom
INV900507,2024-09-28,C100260,Apparel,1,34.4,Organic Search,USA
INV901989,2024-04-24,C101060,Office Supplies,2,31.6,Email,Ireland
INV902451,2024-04-16,C101321,Books,2,10.2,Paid Ads,UK
INV902749,2024-04-23,C101472,Electronics,5,495.77,Organic Search,ireland
INV900985,2024-01-11,C100509,Electronics,2,336.34,Email, United Kingdom
INV901323,2023-03-10,C100698,Books,4,30.18,Referral,France
INV902818,2023-06-12,C101502,Office Supplies,5,14.42,Referral,UK
INV900695,2024-12-25,C100357,Toys,4,58.3,Referral,UK
INV900023,2024-11-18,C100012,Home & Kitchen,5,110.99,Social,united kingdom
INV901999,2024-08-18,C101066,Home & Kitchen,3,85.39,Email,Germany
INV900902,2024-05-04,C100460,Electronics,2,511.08,Email,ireland
INV900309,2023-07-23,C100168,Office Supplies,2,10.78,Organic Search,Ireland
INV900114,2023-08-04,C100055,Toys,1,55.48,Referral,United States
INV902787,2023-11-24,C101486,Apparel,4,37.08,Social, United Kingdom
INV902434,2024-03-14,C101316,Apparel,2,71.32,Organic Search, United Kingdom
INV901054,2023-12-18,C100546,Sports & Outdoors,-3,74.5,Social, United Kingdom
INV901234,2023-12-05,C100647,Toys,1,32.49,Referral,Germany
INV900960,2024-10-16,C100499,Apparel,3,68.1,Paid Ads,ireland
INV900213,2023-11-25,C100114,Apparel,3,54.65,Paid Ads, United Kingdom
INV900618,2024-08-19,C100318,Electronics,-4,462.17,Email, United Kingdom
INV901791,2024-05-08,C100952,Electronics,5,468.23,Paid Ads,united kingdom
INV901949,2024-07-01,C101034,Electronics,5,512.45,Email,united kingdom
INV901388,2023-07-09,C100747,Office Supplies,2,39.53,Referral,USA
INV902443,2024-03-19,C101318,Books,3,26.29,Social, United Kingdom
INV901737,2023-11-04,C100916,Home & Kitchen,-3,141.13,Referral,united kingdom
INV900026,2024-10-19,C100013,Sports & Outdoors,1,97.4,Social,United Kingdom
INV902502,2024-12-22,C101340,Electronics,1,239.76,Organic Search,DE
INV902091,2023-12-28,C101114,Apparel,2,57.61,Paid Ads,DE
INV902967,2024-11-08,C101588,Electronics,2,192.18,Organic Search,ireland
INV902058,2024-12-10,C101096,Books,2,23.61,Organic Search,france
INV902211,2023-07-05,C101185,Sports & Outdoors,3,39.61,Organic Search, United Kingdom
INV901835,2023-07-07,C100975,Sports & Outdoors,4,82.98,Referral,United States
INV902818,2023-06-12,C101502,Electronics,3,361.22,Referral,UK
INV902258,2024-09-18,C101209,Sports & Outdoors,3,76.94,Organic Search,United States
INV900260,2024-05-24,C100135,Electronics,5,587.87,Email,France
INV903179,2024-08-15,C101720,Sports & Outdoors,3,28.84,Referral,united kingdom
INV901071,2024-12-20,C100562,Apparel,5,82.43,Organic Search,UK
INV901652,2024-02-17,C100874,Books,2,8.38,Email,UK
INV900611,2023-07-23,C100313,Home & Kitchen,3,32.01,Paid Ads,france
INV901583,2024-07-20,C100837,Office Supplies,1,12.75,Organic Search,germany
INV903061,2024-11-08,C101653,Toys,1,28.81,Social, United Kingdom
INV902876,2024-07-19,C101528,Electronics,4,122.25,Email,DE
INV900493,2023-06-19,C100252,Apparel,1,16.93,Organic Search,united kingdom
INV901694,2023-04-23,C100887,Sports & Outdoors,2,186.94,Email,DE
INV901999,2024-08-18,C101066,Books,2,9.46,Email,Germany
INV902258,2024-09-18,C101209,Home & Kitchen,3,32.86,Organic Search,United States
INV900927,2024-04-17,C100478,Books,5,32.81,Email, United Kingdom
INV902050,2023-12-03,C101090,Apparel,5,54.31,Organic Search,United Kingdom
INV901800,2023-12-10,C100956,Office Supplies,3,9.15,Organic Search,UK
INV902837,2024-04-18,C101511,Home & Kitchen,3,86.36,Social,United Kingdom
INV902560,2023-12-21,C101372,Toys,4,21.88,Referral,united kingdom
INV901626,2024-08-22,C100860,Electronics,3,97.16,Paid Ads,France
INV902978,2024-11-03,C101598,Home & Kitchen,3,115.62,Referral,DE
INV902017,2023-09-15,C101075,Beauty,3,10.17,Organic Search,germany
INV902477,2024-07-06,C101331,Office Supplies,4,25.41,Email,United Kingdom
INV902409,2024-07-23,C101303,Beauty,5,23.24,Organic Search,United Kingdom
INV901935,2023-12-07,C101027,Home & Kitchen,4,66.33,Email, United Kingdom
INV900562,2024-02-25,C100295,Electronics,2,109.59,Organic Search,Germany
INV901559,2024-03-12,C100826,Home & Kitchen,3,144.59,Paid Ads,united kingdom
INV901845,2023-12-06,C100982,Sports & Outdoors,4,65.26,Paid Ads,germany
INV900813,2023-05-26,C100413,Toys,1,25.72,Organic Search,France
INV901837,2024-03-26,,Sports & Outdoors,5,82.06,Referral,US
INV902514,2024-04-08,C101347,Apparel,1,14.82,Email, United Kingdom
INV900951,2023-06-26,C100494,Toys,2,68.77,Referral,France
INV900357,2024-07-24,C100191,Office Supplies,3,19.28,Email,Ireland
INV902629,2024-02-24,C101417,Apparel,2,30.6,Referral,United States
INV902820,2023-11-13,C101502,Home & Kitchen,5,59.1,Referral,united kingdom
INV902776,2024-01-27,C101484,Home & Kitchen,1,22.13,Organic Search,Ireland
INV903211,2024-10-20,C101734,Sports & Outdoors,4,30.82,Paid Ads,DE
INV901099,2023-08-17,C100574,Apparel,2,65.24,Paid Ads,france
INV901294,2024-09-18,C100680,Electronics,1,255.39,Referral,United Kingdom
INV902335,2023-01-28,C101269,Electronics,4,507.6,Paid Ads, United Kingdom
INV902590,2024-11-05,C101393,Toys,5,36.58,Organic Search, United Kingdom
INV903208,2024-03-17,C101732,Beauty,5,32.37,Referral,United States
INV902685,2023-11-12,C101449,Office Supplies,4,7.54,Organic Search,United Kingdom
INV902598,2023-07-20,C101399,Office Supplies,5,18.72,Email,Ireland
INV903102,2023-04-04,C101676,Apparel,4,26.91,Email,france
INV902461,2024-11-04,C101325,Home & Kitchen,5,97.04,Organic Search,Ireland
INV901957,2023-09-12,C101038,Sports & Outdoors,3,168.59,Organic Search,US
INV901064,2023-11-25,C100555,Beauty,4,40.78,Organic Search,united states
INV902414,2024-01-01,C101306,Office Supplies,-5,32.28,Email,Germany
INV900287,2024-01-20,C100154,Apparel,3,64.49,Organic Search,united states
INV901171,2024-12-19,C100610,Toys,2,40.59,Organic Search,Ireland
INV901675,2023-11-04,C100882,Toys,2,44.22,Organic Search,united kingdom
INV902861,2024-06-04,C101520,Electronics,-1,52.11,Organic Search, United Kingdom
INV900074,2024-05-08,C100039,Sports & Outdoors,4,173.32,Organic Search,DE
INV900554,2024-12-02,C100285,Toys,4,39.01,Referral,UK
INV902505,2023-04-07,C101342,Office Supplies,2,15.55,Paid Ads,United Kingdom
INV902411,2024-01-06,C101304,Office Supplies,2,13.48,Paid Ads,DE
INV901032,2023-06-21,C100535,Beauty,1,50.61,Social,UK
INV902385,2024-02-17,C101292,Beauty,1,46.32,Email, United Kingdom
INV902966,2023-07-05,C101587,Home & Kitchen,2,147.65,Referral,united kingdom
INV901227,2024-12-12,C100644,Office Supplies,1,21.12,Paid Ads,germany
INV902223,2023-01-21,C101189,Sports & Outdoors,2,196.82,Paid Ads,united kingdom
INV902745,2024-05-15,C101471,Apparel,5,41.56,Paid Ads,france
INV901972,2023-07-22,C101049,Home & Kitchen,2,26.43,Social, United Kingdom
INV901700,2023-07-06,C100890,Sports & Outdoors,2,20.79,Referral,United States
INV900307,2023-09-10,C100167,Apparel,3,79.16,Email,Germany
INV901961,2024-12-13,C101039,Sports & Outdoors,4,95.12,Organic Search,germany
INV900837,2024-05-26,C100427,Electronics,5,291.15,Paid Ads,UK
INV902049,2023-11-13,C101090,Electronics,1,333.82,Organic Search,United Kingdom
INV903266,2024-09-24,C101765,Sports & Outdoors,1,41.0,Referral,United Kingdom
INV902795,2023-03-15,,Beauty,2,28.14,Paid Ads,Germany
INV901106,2024-11-04,C100576,Office Supplies,3,43.63,Paid Ads,germany
INV902257,2023-10-02,C101208,Apparel,2,37.96,Paid Ads,Germany
INV901891,2024-03-08,C101008,Home & Kitchen,4,63.52,Referral,germany
INV901353,2023-10-26,C100717,Sports & Outdoors,5,115.26,Paid Ads,US
INV900796,2024-08-19,C100406,Beauty,1,52.07,Paid Ads,UK
INV902765,2024-07-08,C101478,Toys,5,63.53,Organic Search,France
INV902011,2024-07-26,C101073,Beauty,2,37.7,Paid Ads,USA
INV902109,2023-10-23,C101123,Sports & Outdoors,1,183.0,Organic Search, United Kingdom
INV900176,2024-07-12,C100091,Office Supplies,3,13.37,Referral,United Kingdom
INV900029,2024-08-17,C100015,Toys,4,35.55,Social,UK
INV901633,2024-11-28,C100863,Beauty,-1,58.96,Organic Search,united kingdom
INV901008,2024-07-05,C100518,Toys,4,36.59,Referral,United Kingdom
INV900235,2024-05-22,C100121,Books,4,20.99,Email,France
INV902613,2023-04-07,C101408,Books,4,19.08,Paid Ads,Ireland
INV900765,2023-11-19,C100391,Office Supplies,2,5.18,Email,Ireland
INV902894,2024-05-15,C101539,Beauty,4,16.32,Referral,france
INV901302,2024-05-18,C100686,Apparel,2,27.64,Paid Ads,germany
INV900359,2024-08-20,C100194,Electronics,4,239.71,Paid Ads,ireland
INV902935,2024-03-13,C101565,Electronics,4,117.58,Email,Germany
INV900247,2024-12-09,C100131,Sports & Outdoors,4,70.77,Email,DE
INV900881,2023-12-01,C100448,Office Supplies,5,33.07,Paid Ads,USA
INV901133,2024-11-20,C100590,Apparel,2,71.03,Organic Search,UK
INV901663,2024-06-20,C100877,Home & Kitchen,3,146.34,Paid Ads,United Kingdom
INV901522,2023-08-11,C100808,Sports & Outdoors,1,165.69,Referral,france
INV900128,2024-08-19,C100060,Beauty,4,5.77,Paid Ads,France
INV902588,2024-05-15,C101393,Sports & Outdoors,2,90.84,Organic Search,United Kingdom
INV901283,2024-09-15,C100670,Sports & Outdoors,2,188.57,Paid Ads,USA
INV900401,2023-03-13,C100217,Beauty,5,54.45,Referral,USA
INV900180,2024-04-13,C100095,Apparel,-4,44.2,Paid Ads,Germany
INV902907,2024-01-19,C101553,Books,1,28.05,Referral,DE
INV903090,2024-06-12,C101668,Apparel,3,17.88,Email, United Kingdom
INV901383,2024-12-22,C100740,Apparel,2,68.7,Referral,United Kingdom
INV901617,2023-08-08,C100856,Electronics,3,398.2,Organic Search,germany
INV902696,2023-02-25,C101452,Apparel,1,81.76,Organic Search,germany
INV902761,2023-06-23,C101478,Electronics,3,463.2,Organic Search,France
INV900983,2024-09-24,C100508,Home & Kitchen,5,62.22,Referral, United Kingdom
INV900415,2023-10-28,C100221,Sports & Outdoors,3,22.45,Organic Search,UK
INV900827,2024-09-18,C100420,Sports & Outdoors,1,188.23,Paid Ads,United Kingdom
INV902145,2023-10-06,C101152,Home & Kitchen,1,80.4,Paid Ads,united kingdom
INV902359,2024-04-02,C101281,Electronics,3,295.02,Social,germany
INV902735,2024-09-02,C101464,Apparel,4,47.35,Email,France
INV901085,2024-04-01,C100567,Toys,4,8.22,Organic Search,United States
INV902740,2024-10-15,,Office Supplies,3,27.39,Paid Ads, United Kingdom
INV902116,2024-07-06,,Books,4,23.21,Referral,united kingdom
INV901045,2024-03-19,C100540,Beauty,5,25.19,Organic Search,US
INV901835,2023-07-07,C100975,Sports & Outdoors,1,35.12,Referral,United States
INV901558,2023-03-08,C100825,Sports & Outdoors,5,190.79,Organic Search,germany
INV900084,2024-02-04,C100043,Home & Kitchen,5,42.04,Paid Ads,US
INV902253,2023-12-07,C101206,Electronics,5,413.01,Email,United States
INV902241,2023-12-19,C101201,Sports & Outdoors,2,130.29,Organic Search,United States
INV901362,2024-07-09,C100722,Books,1,25.95,Referral,France
INV901240,2024-05-23,,Office Supplies,4,42.47,Paid Ads,united kingdom
INV900372,2023-12-12,C100200,Toys,1,13.65,Organic Search,United Kingdom
INV900689,2023-04-20,C100356,Home & Kitchen,5,62.89,Referral,france
INV900803,2023-04-17,C100410,Apparel,5,56.74,Paid Ads,united kingdom
INV902438,2024-06-11,C101317,Sports & Outdoors,2,43.68,Social,germany
INV902142,2023-08-25,C101150,Electronics,1,540.81,Social,germany
INV902656,2023-08-06,C101432,Electronics,4,136.36,Referral,germany
INV901225,2024-11-12,C100642,Apparel,2,74.25,Paid Ads,united kingdom
INV901896,2023-08-14,C101010,Toys,1,65.62,Organic Search,US
INV902705,2024-12-20,C101456,Office Supplies,5,7.98,Paid Ads,Ireland
INV902604,2023-07-09,C101403,Apparel,1,75.26,Paid Ads,united kingdom
INV903170,2024-11-25,C101718,Office Supplies,1,6.81,Referral,united kingdom
INV902570,2023-11-17,,Beauty,1,47.8,Email,Germany
INV903203,2024-11-26,C101730,Electronics,2,102.46,Organic Search,united kingdom
INV902735,2024-09-02,C101464,Apparel,1,75.95,Email,France
INV900768,2023-12-18,C100393,Electronics,1,319.53,Paid Ads,ireland
INV900658,2023-07-05,C100345,Apparel,4,40.08,Organic Search,ireland
INV901029,2023-08-16,C100533,Office Supplies,1,5.82,Organic Search, United Kingdom
INV901013,2023-12-11,C100520,Sports & Outdoors,5,121.42,Email,united kingdom
INV903038,2024-05-01,C101640,Sports & Outdoors,4,118.46,Paid Ads, United Kingdom
INV901907,2023-08-08,C101012,Apparel,2,86.17,Social,ireland
INV900313,2023-05-12,C100169,Office Supplies,4,26.58,Paid Ads,United Kingdom
INV902254,2023-12-04,C101206,Home & Kitchen,5,115.45,Email,United States
INV900179,2023-10-20,C100095,Home & Kitchen,4,124.48,Paid Ads,Germany
INV900566,2024-10-06,C100296,Office Supplies,5,27.43,Organic Search,france
INV901508,2024-03-18,C100802,Toys,5,68.47,Paid Ads, United Kingdom
INV901084,2023-12-27,C100567,Home & Kitchen,4,58.54,Organic Search,United States
INV901242,2023-12-05,C100654,Office Supplies,1,29.77,Organic Search,Germany
INV901934,2023-08-21,C101027,Electronics,4,89.31,Email,United Kingdom
INV901529,2024-10-25,C100811,Home & Kitchen,1,111.84,Paid Ads,France
INV901867,2024-02-05,C100991,Sports & Outdoors,3,70.26,Referral,France
INV901063,2024-08-27,C100554,Office Supplies,2,29.0,Paid Ads, United Kingdom
INV900305,2023-04-26,C100167,Books,5,12.75,Email,germany
INV901324,2023-03-04,C100698,Sports & Outdoors,5,173.01,Referral,France
INV901293,2024-12-03,C100679,Office Supplies,5,34.15,Referral,ireland
INV900861,2024-02-16,C100441,Beauty,1,38.84,Referral,United Kingdom
INV900772,2024-11-03,C100395,Apparel,5,50.07,Paid Ads, United Kingdom
INV901301,2024-11-06,C100683,Apparel,4,9.75,Organic Search,DE
INV901865,2024-04-08,C100990,Apparel,3,52.26,Organic Search,United Kingdom
INV901745,2024-06-11,C100922,Books,4,23.25,Paid Ads,Germany
INV902728,2023-09-21,C101463,Books,1,13.92,Referral,UK
INV901991,2024-03-25,C101063,Apparel,1,10.91,Organic Search,united kingdom
INV901233,2023-12-27,C100647,Toys,4,32.17,Referral,DE
INV901780,2023-06-11,C100947,Books,2,5.28,Email,United Kingdom
INV902130,2024-03-13,C101138,Sports & Outdoors,1,78.59,Email,united states
INV900457,2024-08-15,C100234,Apparel,1,8.57,Social,France
INV902197,2024-07-23,C101180,Electronics,1,93.37,Paid Ads,france
INV901305,2023-09-14,C100688,Sports & Outdoors,3,99.98,Organic Search,DE
INV901976,2023-11-26,C101051,Books,4,29.72,Organic Search,DE
INV901139,2024-11-13,C100594,Home & Kitchen,1,120.37,Paid Ads,Germany
INV900391,2024-11-19,C100212,Office Supplies,3,23.73,Email,Germany
INV900759,2024-06-09,C100389,Apparel,1,47.73,Paid Ads,ireland
INV901440,2023-12-02,C100767,Electronics,3,282.44,Organic Search,UK
INV903153,2024-04-03,C101713,Office Supplies,2,36.75,Referral,united kingdom
INV901315,2023-12-03,C100694,Home & Kitchen,1,27.7,Referral,united states
INV903152,2024-04-04,C101713,Toys,4,61.85,Referral,UK
INV901323,2023-03-10,C100698,Beauty,3,17.36,Referral,France
INV901229,2023-07-13,C100645,Toys,2,7.16,Paid Ads,france
INV901197,2024-11-13,C100622,Office Supplies,3,6.45,Referral,France
INV902200,2024-06-06,C101182,Sports & Outdoors,4,74.75,Email,France
INV902324,2024-08-04,C101262,Beauty,2,17.46,Paid Ads,france
INV901608,2024-08-24,C100852,Books,1,31.4,Referral,united kingdom
INV903145,2023-06-22,C101708,Apparel,5,51.55,Email,United States
INV903124,2024-07-18,C101690,Toys,3,44.74,Referral,UK
INV902238,2024-07-26,C101200,Office Supplies,1,5.53,Email, United Kingdom
INV902778,2024-06-26,C101485,Apparel,1,19.37,Referral,United States
INV900717,2023-02-07,C100375,Beauty,2,9.42,Paid Ads,ireland
INV900027,2024-04-15,C100015,Apparel,1,22.81,Social,united kingdom
INV903142,2024-11-28,C101707,Apparel,2,49.62,Organic Search,UK
INV900917,2023-12-13,C100473,Sports & Outdoors,4,145.44,Referral,Ireland
INV902377,2024-04-14,C101288,Sports & Outdoors,2,61.82,Organic Search,ireland
INV902254,2023-12-04,C101206,Home & Kitchen,1,116.93,Email,United States
INV903061,2024-11-08,C101653,Beauty,3,42.8,Social, United Kingdom
INV901808,2024-07-28,C100964,Books,4,12.55,Email,United Kingdom
INV900614,2023-11-26,C100314,Electronics,1,533.13,Organic Search,united kingdom
INV903028,2024-05-13,C101632,Home & Kitchen,1,78.77,Email,United Kingdom
INV901111,2023-12-04,C100579,Apparel,2,83.25,Paid Ads,United Kingdom
INV901426,2024-11-25,C100761,Office Supplies,3,27.25,Email,USA
INV901952,2024-08-15,C101035,Books,5,30.01,Organic Search,ireland
INV902351,2024-07-07,C101277,Home & Kitchen,5,110.21,Referral,united kingdom
INV901991,2024-03-25,C101063,Sports & Outdoors,3,84.49,Organic Search,united kingdom
INV901321,2023-12-27,C100697,Books,5,15.54,Organic Search,United Kingdom
INV902758,2023-10-06,C101477,Beauty,3,23.54,Email,ireland
INV901955,2024-05-02,C101037,Beauty,5,23.73,Email,France
INV900208,2024-05-05,C100111,Beauty,-2,34.86,Paid Ads,USA
INV902085,2023-11-28,C101112,Home & Kitchen,4,32.19,Organic Search,Germany
INV901859,2023-09-25,C100987,Apparel,2,70.38,Organic Search,ireland
INV900047,2024-04-21,C100024,Sports & Outdoors,3,64.92,Organic Search,United Kingdom
INV900966,2023-09-03,,Apparel,2,17.24,Organic Search,ireland
INV901286,2024-10-17,C100673,Home & Kitchen,5,33.55,Referral,United Kingdom
INV900709,2024-07-14,C100371,Beauty,4,17.1,Paid Ads,Ireland
INV902515,2024-08-22,C101347,Toys,1,31.76,Email,United Kingdom
INV900993,2024-11-13,C100513,Electronics,2,368.12,Social,DE
INV902960,2023-06-12,C101581,Sports & Outdoors,1,13.79,Organic Search,United Kingdom
INV900200,2024-12-09,C100104,Toys,1,66.62,Email,UK
INV903276,2023-04-24,C101769,Electronics,1,439.48,Paid Ads,United Kingdom
INV903128,2024-05-03,C101695,Beauty,3,7.81,Social,DE
INV902366,2023-05-10,C101285,Electronics,3,268.04,Organic Search,UK
INV902590,2024-11-05,C101393,Sports & Outdoors,5,151.39,Organic Search, United Kingdom
INV900482,2024-05-01,C100246,Toys,-3,23.31,Email,UK
INV901188,2024-04-05,C100619,Toys,5,59.69,Organic Search,united kingdom
INV900398,2023-09-24,C100215,Toys,4,12.18,Organic Search,UK
INV902132,2024-08-20,C101138,Beauty,3,39.66,Email,USA
INV900075,2024-04-04,C100041,Electronics,5,460.08,Referral,USA
INV900416,2023-11-18,C100221,Toys,3,59.34,Organic Search,UK
INV900158,2024-10-09,C100083,Toys,5,45.29,Paid Ads,UK
INV901892,2024-04-27,C101008,Beauty,-3,46.91,Referral,Germany
INV901003,2023-12-08,C100518,Books,2,30.09,Referral,united kingdom
INV902546,2023-12-14,C101364,Sports & Outdoors,1,108.51,Paid Ads,United Kingdom
INV901207,2023-12-04,C100634,Toys,2,11.3,Organic Search,united kingdom
INV902973,2023-04-16,C101593,Toys,3,9.12,Social,Germany
INV902184,2023-10-19,C101176,Office Supplies,3,37.05,Social,united kingdom
INV903290,2024-07-27,C101778,Electronics,4,335.07,Email,US
INV903199,2024-04-27,C101730,Beauty,1,16.13,Organic Search,United Kingdom
INV902925,2024-12-10,C101558,Electronics,1,233.41,Organic Search,Ireland
INV903079,2023-08-27,C101659,Apparel,1,55.14,Organic Search,USA
INV902641,2024-03-20,C101423,Home & Kitchen,3,94.88,Organic Search, United Kingdom
INV902139,2024-03-01,C101148,Home & Kitchen,2,116.04,Organic Search, United Kingdom
INV901028,2023-05-21,,Apparel,1,73.47,Email,United Kingdom
INV903109,2023-11-04,C101677,Toys,4,49.4,Referral,United Kingdom
INV901082,2023-09-28,C100567,Office Supplies,1,23.1,Organic Search,USA
INV901339,2023-11-19,C100708,Books,1,8.48,Paid Ads,Germany
INV903142,2024-11-28,C101707,Apparel,3,23.64,Organic Search,UK
INV902738,2024-11-14,C101466,Beauty,2,26.41,Organic Search,United Kingdom
INV902980,2024-06-02,C101599,Sports & Outdoors,1,83.05,Paid Ads,France
INV902038,2024-03-06,C101083,Home & Kitchen,1,65.22,Organic Search,United Kingdom
INV901427,2024-07-14,C100762,Office Supplies,3,25.53,Referral,UK
INV901171,2024-12-19,C100610,Toys,1,52.66,Organic Search,Ireland
INV901005,2024-01-09,,Office Supplies,2,41.16,Referral, United Kingdom
INV900301,2024-05-08,C100161,Toys,1,7.07,Email,germany
INV901348,2024-10-13,C100714,Office Supplies,1,25.48,Referral, United Kingdom
INV902953,2024-07-05,C101577,Beauty,2,39.04,Organic Search,USA
INV901792,2023-09-05,C100953,Books,2,34.79,Referral,United Kingdom
INV900895,2023-12-28,C100453,Apparel,5,23.62,Organic Search,United Kingdom
INV900996,2023-06-13,C100515,Toys,5,18.87,Referral,US
INV901724,2023-11-17,C100908,Beauty,-4,44.32,Paid Ads,United Kingdom
INV901888,2024-12-17,C101006,Beauty,1,37.03,Paid Ads,united kingdom
INV903278,2023-12-25,C101770,Electronics,2,268.25,Email,Ireland
INV902854,2023-11-27,,Electronics,4,437.86,Organic Search,Ireland
INV901539,2023-06-28,C100816,Electronics,2,581.52,Paid Ads,france
INV902780,2024-10-23,C101485,Home & Kitchen,1,43.9,Referral,USA
INV902174,2023-02-11,C101166,Sports & Outdoors,1,5948.688810609299,Paid Ads,germany
INV901109,2024-05-21,C100577,Sports & Outdoors,2,195.24,Social,germany
INV901981,2024-11-04,C101053,Books,3,27.98,Social,US
INV902808,2024-12-10,C101497,Toys,5,16.25,Organic Search,US
INV902777,2024-05-17,C101484,Beauty,2,36.18,Organic Search,Ireland
INV901133,2024-11-20,C100590,Electronics,1,65.03,Organic Search,UK
INV902251,2024-10-20,C101204,Office Supplies,2,32.9,Email,United Kingdom
INV902776,2024-01-27,C101484,Office Supplies,3,25.29,Organic Search,Ireland
INV903313,2023-11-22,C101794,Toys,4,68.09,Referral, United Kingdom
INV902866,2024-05-08,C101521,Home & Kitchen,1,46.18,Organic Search,UK
INV902282,2023-12-19,C101224,Apparel,2,73.33,Paid Ads,united kingdom
INV900460,2024-01-18,,Sports & Outdoors,-3,130.08,Paid Ads,United Kingdom
INV901980,2024-05-03,C101052,Books,4,24.22,Referral,DE
INV903042,2023-10-01,C101644,Beauty,3,29.85,Paid Ads,france
INV901372,2024-10-16,C100731,Apparel,2,79.19,Referral,Germany
INV902623,2024-11-12,C101412,Apparel,2,50.64,Paid Ads,united states
INV901687,2024-11-04,C100884,Electronics,2,577.07,Organic Search,ireland
INV900868,2023-07-03,C100442,Apparel,4,53.9,Paid Ads,ireland
INV901472,2023-07-19,C100783,Sports & Outdoors,1,23.79,Organic Search,Germany
INV903110,2023-11-23,C101679,Apparel,4,61.34,Social,UK
INV900421,2023-05-27,C100223,Home & Kitchen,5,107.65,Organic Search,France
INV903065,2023-07-07,C101654,Apparel,5,56.16,Organic Search,US
INV903197,2023-11-28,C101729,Home & Kitchen,5,142.29,Organic Search, United Kingdom
INV901197,2024-11-13,C100622,Toys,3,28.78,Referral,France
INV900845,2024-12-06,C100433,Sports & Outdoors,1,155.68,Social,UK
INV900370,2024-12-08,,Sports & Outdoors,2,74.54,Referral,France
INV902023,2024-03-22,C101076,Home & Kitchen,2,139.65,Paid Ads,France
INV900994,2024-10-01,C100514,Beauty,2,44.83,Organic Search, United Kingdom
INV901872,2024-05-07,C100995,Sports & Outdoors,4,61.86,Organic Search,germany
INV902273,2024-08-28,C101213,Office Supplies,5,40.41,Email, United Kingdom
INV902825,2024-10-22,C101506,Beauty,5,25.56,Paid Ads,UK
INV901141,2024-06-01,C100595,Electronics,2,488.92,Email,ireland
INV902531,2023-11-23,C101358,Books,3,19.71,Organic Search,united kingdom
INV900153,2024-01-12,C100081,Apparel,5,38.03,Referral,UK
INV901261,2023-07-22,C100660,Sports & Outdoors,3,30.2,Social,united kingdom
INV900421,2023-05-27,C100223,Beauty,2,42.43,Organic Search,France
INV900338,2023-10-06,C100182,Home & Kitchen,5,148.7,Social,DE
INV900196,2024-04-22,C100103,Books,4,8.95,Organic Search,Germany
INV901913,2024-05-19,C101012,Home & Kitchen,1,35.41,Social,Ireland
INV900984,2024-10-14,C100508,Apparel,4,82.88,Referral,UK
INV901603,2024-12-20,C100850,Sports & Outdoors,3,116.34,Email,USA
INV900466,2024-05-24,C100241,Toys,3,69.44,Referral,united kingdom
INV902168,2024-06-10,C101162,Toys,4,32.47,Paid Ads,france
INV902262,2023-10-05,C101212,Electronics,5,592.67,Organic Search,united states
INV900534,2024-06-15,C100276,Toys,3,15.57,Paid Ads,France
INV903107,2023-12-13,,Toys,1,7.5,Email,France
INV901884,2024-10-14,C101003,Home & Kitchen,2,120.87,Organic Search,france
INV900935,2023-11-03,C100485,Home & Kitchen,2,140.9,Organic Search,United Kingdom
INV900526,2023-01-26,C100271,Toys,3,27.84,Email,France
INV903167,2024-04-20,C101718,Sports & Outdoors,1,187.12,Referral,united kingdom
INV902796,2023-06-19,C101492,Home & Kitchen,5,29.26,Paid Ads,germany
INV902553,2023-11-07,C101371,Sports & Outdoors,1,134.47,Email,France
INV900036,2024-05-14,C100018,Office Supplies,3,38.39,Organic Search,UK
INV901376,2024-11-16,C100733,Books,2,13.43,Email,United Kingdom
INV900228,2023-09-24,C100118,Apparel,5,27.15,Organic Search,DE
INV900204,2024-08-06,C100109,Home & Kitchen,5,123.13,Paid Ads,UK
INV900247,2024-12-09,C100131,Electronics,1,211.36,Email,DE
INV901943,2024-01-01,C101030,Office Supplies,1,18.97,Email,Ireland
INV900833,2023-11-21,C100424,Apparel,5,26.92,Paid Ads, United Kingdom
INV902171,2024-09-16,C101162,Beauty,2,16.25,Paid Ads,france
INV903282,2024-03-23,C101773,Electronics,5,426.22,Paid Ads, United Kingdom
INV902911,2024-09-22,C101553,Beauty,3,5.1,Referral,DE
INV900970,2024-07-27,C100505,Apparel,2,35.7,Organic Search, United Kingdom
INV900898,2023-12-07,C100455,Beauty,4,36.47,Organic Search,UK
INV902927,2023-12-13,C101561,Beauty,1,58.81,Email,USA
INV902149,2024-11-17,C101153,Sports & Outdoors,2,46.48,Referral,united kingdom
INV902411,2024-01-06,C101304,Apparel,2,20.58,Paid Ads,DE
INV901706,2024-08-14,C100893,Toys,3,51.58,Email,united kingdom
INV901867,2024-02-05,C100991,Books,4,20.15,Referral,France
INV901088,2023-12-06,C100569,Books,4,16.36,Organic Search,UK
INV900697,2023-03-04,C100358,Electronics,1,150.88,Paid Ads,united kingdom
INV902111,2024-08-22,C101124,Toys,3,47.89,Paid Ads,France
INV901501,2023-10-23,C100799,Apparel,5,85.57,Email,united states
INV901459,2024-08-28,C100780,Sports & Outdoors,4,156.33,Email,DE
INV901331,2024-06-14,C100704,Beauty,3,39.97,Organic Search,US
INV900648,2024-08-12,C100335,Beauty,1,51.95,Organic Search,France
INV901479,2024-02-01,C100784,Electronics,5,208.7,Organic Search,france
INV902701,2023-05-07,C101455,Toys,4,43.33,Referral,United Kingdom
INV903221,2023-03-03,C101738,Beauty,4,59.64,Referral,UK
INV901152,2024-09-13,,Toys,1,69.19,Email,Germany
INV901772,2023-10-03,C100941,Sports & Outdoors,3,105.6,Paid Ads,united kingdom
INV900781,2024-12-05,C100400,Sports & Outdoors,2,140.1,Organic Search,Ireland
INV900681,2023-09-28,,Office Supplies,1,3.94,Organic Search,france
INV901036,2023-11-18,C100536,Office Supplies,2,41.31,Organic Search,ireland
INV900685,2024-08-19,C100355,Electronics,5,78.76,Referral,germany
INV902367,2023-07-06,C101285,Apparel,1,17.2,Organic Search,united kingdom
INV901262,2024-06-02,C100660,Electronics,4,558.26,Social,united kingdom
INV900170,2024-01-03,C100090,Apparel,-2,83.28,Email,united states
INV903244,2024-03-21,C101754,Toys,4,33.27,Paid Ads,DE
INV900080,2024-04-06,C100042,Home & Kitchen,5,35.64,Organic Search,united kingdom
INV901708,2024-02-23,C100895,Beauty,2,25.29,Organic Search,Ireland
INV901278,2024-09-21,C100666,Beauty,3,33.79,Organic Search,France
INV902797,2023-07-17,C101492,Home & Kitchen,1,68.85,Paid Ads,germany
INV901593,2023-09-20,C100844,Sports & Outdoors,1,168.69,Email,united kingdom
INV901769,2024-08-17,C100938,Apparel,4,34.42,Referral,US
INV901513,2024-08-07,C100803,Electronics,4,188.14,Email,France
INV902748,2023-12-16,C101472,Toys,3,8.83,Organic Search,ireland
INV900066,2024-12-20,C100035,Home & Kitchen,5,63.13,Organic Search,Germany
INV900373,2023-12-05,C100200,Books,3,32.85,Organic Search,united kingdom
INV900750,2023-11-01,C100386,Sports & Outdoors,5,46.88,Paid Ads,UK
INV900379,2024-08-21,C100207,Sports & Outdoors,2,87.46,Paid Ads,United Kingdom
INV900549,2024-07-06,C100283,Books,5,30.77,Organic Search,France
INV900733,2024-10-19,C100382,Books,2,19.83,Paid Ads,france
INV901191,2024-07-23,C100620,Office Supplies,4,40.08,Organic Search,United Kingdom
INV901337,2023-12-20,C100707,Books,3,7.43,Organic Search,UK
INV900438,2023-02-15,C100232,Sports & Outdoors,2,175.67,Organic Search,DE
INV901278,2024-09-21,,Home & Kitchen,4,25.49,Organic Search,France
INV900708,2024-07-03,C100369,Electronics,2,74.5,Paid Ads,Germany
INV901447,2024-08-26,C100771,Apparel,4,38.26,Email,DE
INV900122,2024-12-19,C100056,Books,2,30.38,Referral,US
INV900028,2024-05-17,C100015,Electronics,1,314.09,Social,united kingdom
INV900595,2023-11-07,C100306,Apparel,-4,34.54,Email,DE
INV901047,2023-03-19,C100541,Electronics,5,544.0,Organic Search,Germany
INV901337,2023-12-20,C100707,Home & Kitchen,5,75.53,Organic Search,UK
INV901041,2024-12-01,C100536,Office Supplies,3,31.33,Organic Search,Ireland
INV900596,2023-12-04,C100306,Apparel,4,31.41,Email,Germany
INV901142,2024-07-20,C100595,Home & Kitchen,3,67.3,Email,ireland
INV900688,2024-12-23,C100355,Electronics,3,193.43,Referral,DE
INV902455,2024-06-09,C101323,Toys,4,66.56,Organic Search,Ireland
INV901235,2024-05-05,C100647,Home & Kitchen,1,32.0,Referral,germany
INV900640,2023-09-06,C100332,Apparel,3,61.05,Organic Search,United Kingdom
INV901875,2023-11-04,C100996,Apparel,4,27.92,Email,united kingdom
INV900606,2024-04-07,C100310,Sports & Outdoors,4,75.16,Referral,united kingdom
INV902451,2024-04-16,C101321,Toys,1,17.97,Paid Ads,UK
INV900061,2023-04-09,C100032,Toys,5,21.14,Paid Ads,germany
INV900635,2023-05-06,C100328,Apparel,3,66.93,Social,france
INV901672,2023-12-21,C100880,Home & Kitchen,3,109.61,Organic Search,US
INV902445,2024-04-04,C101318,Books,5,17.5,Social,UK
INV902638,2024-03-15,C101422,Office Supplies,3,14.8,Paid Ads,US
INV900144,2024-11-26,C100073,Office Supplies,4,37.96,Social,united kingdom
INV902925,2024-12-10,,Sports & Outdoors,4,66.29,Organic Search,Ireland
INV900071,2023-10-09,C100038,Apparel,2,10.11,Referral,France
INV901121,2023-10-07,C100584,Home & Kitchen,1,113.29,Email,united kingdom
INV902141,2024-09-07,C101149,Home & Kitchen,1,115.36,Paid Ads, United Kingdom
INV900907,2024-07-12,C100462,Sports & Outdoors,4,68.43,Email,UK
INV902565,2024-09-10,C101375,Toys,4,28.0,Organic Search, United Kingdom
INV900067,2023-06-15,C100038,Office Supplies,3,28.52,Referral,france
INV902809,2023-10-08,C101498,Beauty,3,55.82,Organic Search,UK
INV903052,2023-05-11,C101650,Apparel,1,,Paid Ads,UK
INV901205,2024-01-16,,Beauty,1,15.28,Email,UK
INV902388,2024-11-17,C101295,Books,1,32.46,Referral,united kingdom
INV902732,2024-11-08,C101463,Apparel,1,37.47,Referral,United Kingdom
INV901158,2024-06-01,C100602,Electronics,3,184.49,Paid Ads,UK
INV900817,2023-12-09,C100413,Sports & Outdoors,2,57.4,Organic Search,france
INV903188,2024-05-26,C101725,Toys,1,47.26,Paid Ads,UK
INV900049,2024-02-06,C100025,Office Supplies,5,28.49,Organic Search,united states
INV902284,2023-05-19,C101228,Home & Kitchen,2,33.19,Organic Search,united kingdom
INV903053,2023-11-27,C101650,Office Supplies,5,40.25,Paid Ads,UK
INV902482,2024-12-18,C101335,Toys,3,43.92,Referral,united kingdom
INV901128,2024-09-06,C100588,Electronics,1,468.34,Referral,united kingdom
INV902811,2024-01-23,C101498,Apparel,3,59.44,Organic Search,United Kingdom
INV902992,2023-03-07,C101606,Electronics,3,60.77,Social,DE
INV900955,2023-04-07,C100496,Apparel,3,71.45,Paid Ads,Germany
INV901111,2023-12-04,C100579,Sports & Outdoors,5,71.59,Paid Ads,United Kingdom
INV900517,2024-01-22,C100268,Electronics,4,442.31,Referral,germany
INV903225,2023-05-19,C101738,Books,5,24.87,Referral, United Kingdom
INV902916,2024-08-15,C101554,Books,5,31.11,Email,united states
INV901954,2023-02-02,C101037,Electronics,2,398.3,Email,france
INV901719,2024-09-14,C100904,Electronics,4,541.28,Email,ireland
INV902927,2023-12-13,C101561,Office Supplies,2,14.14,Email,USA
INV901553,2024-02-11,C100824,Toys,3,45.17,Paid Ads,Germany
INV900330,2024-07-24,C100178,Electronics,5,110.98,Email,germany
INV902712,2023-10-28,C101458,Home & Kitchen,4,29.74,Social,Germany
INV901036,2023-11-18,C100536,Home & Kitchen,2,31.84,Organic Search,ireland
INV900360,2024-09-28,C100194,Apparel,2,74.15,Paid Ads,Ireland
INV901737,2023-11-04,,Beauty,4,15.54,Referral,united kingdom
INV900057,2023-11-16,C100030,Books,5,6.07,Organic Search,United Kingdom
INV902173,2023-01-18,C101166,Home & Kitchen,3,29.6,Paid Ads,DE
INV901125,2024-08-09,C100586,Books,3,6.8,Social,france
INV903216,2023-06-28,C101737,Home & Kitchen,4,67.66,Organic Search,United Kingdom
INV900235,2024-05-22,C100121,Sports & Outdoors,3,27.71,Email,France
INV901623,2024-10-12,C100858,Toys,2,55.11,Social,France
INV901078,2023-05-03,C100567,Apparel,2,83.41,Organic Search,United States
INV902900,2023-10-03,C101548,Books,4,8.45,Paid Ads,united kingdom
INV900676,2023-10-03,C100351,Books,1,10.31,Organic Search,united kingdom
INV901481,2024-08-08,C100784,Home & Kitchen,2,25.77,Organic Search,france
INV903145,2023-06-22,C101708,Beauty,4,46.23,Email,United States
INV903321,2023-06-05,C101797,Electronics,3,551.85,Organic Search,DE
INV900806,2024-01-08,C100410,Apparel,3,64.64,Paid Ads, United Kingdom
INV901907,2023-08-08,C101012,Apparel,1,21.58,Social,ireland
INV901922,2023-03-08,C101018,Sports & Outdoors,4,90.23,Paid Ads,ireland
INV900722,2023-10-04,C100375,Books,4,26.71,Paid Ads,Ireland
INV902012,2023-11-07,C101074,Apparel,3,30.67,Organic Search,US
INV902474,2023-12-18,C101330,Office Supplies,2,42.28,Paid Ads,DE
INV901264,2024-08-09,C100661,Toys,4,9.01,Email,UK
INV902187,2023-06-20,C101177,Office Supplies,2,16.93,Organic Search,ireland
INV901713,2023-01-26,C100900,Beauty,2,54.54,Email,united kingdom
INV900318,2023-11-28,C100170,Apparel,3,44.23,Referral,France
INV902644,2024-10-19,C101423,Beauty,1,29.85,Organic Search,United Kingdom
INV900191,2023-12-01,C100101,Beauty,4,35.83,Paid Ads,germany
INV900429,2024-07-04,C100226,Sports & Outdoors,4,58.49,Paid Ads,france
INV903114,2023-02-13,C101681,Books,1,17.17,Referral, United Kingdom
INV900066,2024-12-20,C100035,Books,3,16.7,Organic Search,Germany
INV902292,2023-05-23,C101237,Electronics,1,193.93,Referral,France
INV903221,2023-03-03,C101738,Apparel,1,11.19,Referral,UK
INV901937,2023-07-04,C101029,Electronics,5,229.54,Paid Ads,united states
INV901018,2023-09-16,C100521,Sports & Outdoors,3,190.8,Paid Ads,united states
INV901924,2023-12-10,C101019,Toys,2,24.86,Social,DE
INV901848,2024-03-20,C100983,Books,5,34.69,Email,germany
INV901581,2024-05-08,C100836,Electronics,3,307.47,Referral,UK
INV901091,2023-07-06,C100572,Books,1,29.52,Organic Search,france
INV902733,2024-06-12,C101464,Beauty,5,15.24,Email,France
INV901970,2024-11-14,C101045,Toys,1,28.0,Social,france
INV902789,2024-04-25,C101486,Sports & Outdoors,5,38.34,Social,United Kingdom
INV900383,2023-12-23,C100208,Toys,2,,Social,ireland
INV903242,2024-03-11,C101749,Electronics,1,181.82,Referral,UK
INV902575,2024-09-12,C101388,Sports & Outdoors,1,39.49,Organic Search, United Kingdom
INV900347,2023-12-20,C100185,Books,2,26.33,Email,United Kingdom
INV901562,2024-06-23,C100827,Electronics,2,292.31,Referral,united kingdom
INV902183,2023-07-15,C101176,Beauty,3,42.67,Social,united kingdom
INV901314,2023-10-04,C100694,Home & Kitchen,2,111.46,Referral,United States
INV902550,2023-08-12,C101366,Books,2,30.66,Referral,United Kingdom
INV903149,2024-06-23,C101711,Books,3,14.42,Referral, United Kingdom
INV901508,2024-03-18,C100802,Electronics,4,329.07,Paid Ads, United Kingdom
INV902220,2024-06-16,C101187,Books,3,23.0,Paid Ads,US
INV900445,2024-10-12,C100233,Apparel,3,57.18,Email,United States
INV902298,2024-04-10,C101241,Sports & Outdoors,5,91.09,Paid Ads,United Kingdom
INV900395,2024-03-01,C100213,Beauty,3,21.33,Social,France
INV901023,2023-07-02,C100524,Electronics,3,110.93,Paid Ads, United Kingdom
INV900527,2023-02-09,,Sports & Outdoors,3,94.31,Email,France
INV900316,2024-06-27,C100169,Books,1,13.16,Paid Ads, United Kingdom
INV900428,2024-12-01,C100225,Books,2,11.29,Paid Ads,Germany
INV902268,2024-08-02,C101212,Apparel,1,85.8,Organic Search,united states
INV902008,2024-04-07,C101071,Books,3,15.61,Social,Ireland
INV902571,2024-03-11,C101379,Beauty,1,6.87,Email,DE
INV901484,2023-11-06,C100786,Books,5,22.14,Paid Ads,France
INV900009,2023-04-15,C100006,Apparel,3,23.96,Paid Ads,USA
INV902420,2024-06-20,C101309,Office Supplies,3,31.68,Organic Search,france
INV902296,2024-01-01,C101237,Sports & Outdoors,1,114.8,Referral,France
INV902489,2023-11-19,C101339,Sports & Outdoors,3,185.87,Paid Ads,united states
INV901063,2024-08-27,C100554,Office Supplies,3,11.47,Paid Ads, United Kingdom
INV901156,2024-08-27,C100600,Books,2,14.88,Email,Ireland
INV900045,2023-07-12,C100022,Toys,5,29.42,Email, United Kingdom
INV900534,2024-06-15,C100276,Sports & Outdoors,2,126.05,Paid Ads,France
INV901673,2023-12-10,C100880,Office Supplies,1,7.28,Organic Search,united states
INV903235,2024-09-23,C101745,Sports & Outdoors,4,98.4,Referral,germany
INV903233,2023-05-01,C101744,Toys,2,7.76,Organic Search,United Kingdom
INV901006,2024-03-07,C100518,Books,5,7.74,Referral,united kingdom
INV903150,2024-09-23,C101712,Beauty,1,43.74,Paid Ads,US
INV903299,2024-08-12,C101784,Apparel,5,11.89,Organic Search,united states
INV901385,2023-09-28,C100743,Office Supplies,1,26.56,Organic Search,United Kingdom
INV901394,2024-11-26,C100749,Toys,1,19.82,Referral,United States
INV903268,2023-11-10,C101766,Beauty,4,27.06,Referral,UK
INV901201,2024-08-04,C100628,Books,2,19.59,Organic Search,Germany
INV900708,2024-07-03,C100369,Electronics,3,127.25,Paid Ads,Germany
INV902438,2024-06-11,C101317,Books,1,32.55,Social,germany
INV900292,2024-04-05,C100159,Beauty,5,58.95,Email,DE
INV901049,2024-05-17,C100544,Sports & Outdoors,2,37.93,Organic Search,united kingdom
INV902839,2024-08-19,C101512,Books,3,30.24,Paid Ads,DE
INV903236,2024-11-07,C101745,Apparel,4,52.29,Referral,germany
INV903000,2024-04-26,C101613,Apparel,5,81.76,Organic Search,United States
INV902219,2024-03-08,C101187,Home & Kitchen,4,92.35,Paid Ads,United States
INV900593,2023-06-27,C100305,Electronics,2,417.0,Organic Search,United States
INV901075,2024-08-17,C100564,Office Supplies,3,29.57,Email, United Kingdom
INV903099,2024-06-11,C101673,Electronics,2,595.6,Referral,United Kingdom
INV901908,2023-08-11,C101012,Home & Kitchen,5,73.53,Social,Ireland
INV900510,2024-06-10,C100261,Office Supplies,4,28.07,Email,Ireland
INV902016,2023-08-15,C101075,Apparel,5,72.34,Organic Search,germany
INV901135,2023-07-16,C100592,Home & Kitchen,3,112.93,Email,germany
INV901859,2023-09-25,C100987,Home & Kitchen,5,68.5,Organic Search,ireland
INV901258,2023-04-16,C100660,Office Supplies,4,8.99,Social,UK
INV903044,2024-03-13,C101647,Electronics,2,110.18,Organic Search,United States
INV901570,2023-05-04,C100831,Office Supplies,3,9.05,Organic Search, United Kingdom
INV902237,2024-10-06,C101197,Books,3,29.54,Paid Ads, United Kingdom
INV901809,2024-08-25,C100964,Electronics,5,332.88,Email,united kingdom
INV902392,2024-01-24,C101296,Toys,4,40.9,Organic Search,United Kingdom
INV901385,2023-09-28,C100743,Home & Kitchen,3,135.07,Organic Search,United Kingdom
INV902329,2023-10-20,C101264,Toys,3,29.28,Referral,United Kingdom
INV902777,2024-05-17,C101484,Office Supplies,3,15.89,Organic Search,Ireland
INV902281,2024-12-06,C101222,Sports & Outdoors,5,63.53,Organic Search,united kingdom
INV902395,2024-12-23,C101297,Beauty,5,45.91,Paid Ads,Germany
INV900248,2023-02-12,C100132,Books,5,20.92,Paid Ads,DE
INV900318,2023-11-28,C100170,Sports & Outdoors,4,20.57,Referral,France
INV900011,2023-10-27,C100006,Office Supplies,1,24.38,Paid Ads,US
INV901863,2024-02-26,C100990,Toys,4,48.94,Organic Search, United Kingdom
INV903078,2024-08-16,C101657,Beauty,4,57.93,Organic Search,UK
INV902899,2023-12-21,C101545,Toys,2,55.24,Paid Ads,United Kingdom
INV903010,2024-03-15,C101617,Books,2,23.13,Organic Search,united states
INV902061,2023-10-02,C101100,Office Supplies,5,11.43,Referral,United Kingdom
INV900531,2023-10-23,C100276,Sports & Outdoors,1,149.24,Paid Ads,France
INV900103,2023-04-05,C100051,Toys,2,23.39,Organic Search,France
INV901517,2023-04-04,C100807,Toys,2,25.66,Paid Ads,US
INV901208,2024-01-04,C100634,Electronics,4,140.34,Organic Search,united kingdom
INV900408,2024-04-04,C100218,Office Supplies,3,5.99,Organic Search, United Kingdom
INV901414,2024-01-08,C100757,Toys,5,20.03,Referral,ireland
INV901776,2024-01-13,,Home & Kitchen,3,52.21,Social, United Kingdom
INV901503,2024-01-10,C100799,Books,3,29.93,Email,USA
INV903128,2024-05-03,C101695,Office Supplies,5,27.51,Social,DE
INV903030,2024-03-15,C101634,Electronics,2,367.5,Social,US
INV903254,2023-04-04,C101762,Home & Kitchen,4,50.26,Paid Ads,UK
INV900747,2023-12-02,C100385,Toys,1,58.79,Social,United Kingdom
INV902506,2023-07-21,C101342,Toys,2,20.0,Paid Ads,UK
INV902803,2023-12-01,C101494,Apparel,3,36.08,Paid Ads,united kingdom
INV902439,2024-07-16,C101317,Electronics,4,134.45,Social,DE
INV900107,2024-03-16,C100053,Electronics,5,485.71,Organic Search, United Kingdom
INV902003,2024-09-20,C101067,Beauty,5,21.47,Referral,UK
INV902797,2023-07-17,C101492,Books,2,24.08,Paid Ads,germany
INV900398,2023-09-24,C100215,Beauty,4,46.63,Organic Search,UK
INV900929,2024-05-13,C100479,Home & Kitchen,4,97.89,Paid Ads,Germany
INV903134,2024-03-11,C101701,Books,4,19.85,Email,USA
INV900489,2023-09-03,C100250,Apparel,-3,69.55,Organic Search,UK
INV902957,2024-10-11,C101580,Office Supplies,5,38.21,Paid Ads, United Kingdom
INV902465,2023-02-28,C101327,Office Supplies,3,30.34,Organic Search,France
INV900972,2024-07-12,C100506,Home & Kitchen,3,145.89,Social,united kingdom
INV901223,2024-07-13,C100641,Home & Kitchen,5,95.16,Organic Search,US
INV900558,2024-06-15,C100290,Office Supplies,5,7.42,Paid Ads,USA
INV902356,2024-07-19,C101279,Apparel,4,83.74,Social,France
INV901995,2024-05-03,C101064,Beauty,5,17.47,Email, United Kingdom
INV903077,2024-08-23,C101657,Home & Kitchen,4,13.69,Organic Search,United Kingdom
INV901801,2024-02-18,C100956,Beauty,5,6.89,Organic Search,united kingdom
INV901996,2024-05-25,C101064,Apparel,4,61.53,Email,United Kingdom
INV900554,2024-12-02,C100285,Apparel,1,57.68,Referral,UK
INV901754,2023-12-24,C100930,Apparel,4,13.1,Paid Ads,United Kingdom
INV902928,2024-01-17,C101561,Sports & Outdoors,5,52.57,Email,USA
INV903193,2023-06-07,C101729,Books,2,19.27,Organic Search,UK
INV902480,2023-12-28,C101334,Sports & Outdoors,2,173.4,Email,united kingdom
INV901581,2024-05-08,C100836,Books,5,23.63,Referral,UK
INV902316,2024-05-02,C101254,Beauty,3,14.93,Email,UK
INV901704,2024-08-01,C100892,Apparel,5,42.65,Organic Search,US
INV900381,2024-11-23,C100207,Home & Kitchen,2,55.33,Paid Ads,UK
INV900784,2024-11-27,C100403,Sports & Outdoors,3,,Organic Search,United States
INV901839,2023-07-02,C100976,Office Supplies,2,42.73,Organic Search,United Kingdom
INV902471,2023-10-07,C101329,Toys,3,36.16,Email,Ireland
INV901053,2024-10-07,,Office Supplies,4,33.61,Paid Ads,germany
INV901642,2024-05-06,C100867,Home & Kitchen,4,109.16,Organic Search,germany
INV903303,2024-07-17,C101785,Toys,5,27.6,Email,United Kingdom
INV902849,2024-08-28,C101515,Electronics,1,591.03,Organic Search, United Kingdom
INV902497,2023-12-13,C101340,Electronics,1,517.49,Organic Search,DE
INV900942,2024-08-02,C100489,Books,1,5.43,Organic Search,United Kingdom
INV900721,2023-08-19,C100375,Books,3,11.57,Paid Ads,Ireland
INV900570,2023-10-26,C100297,Home & Kitchen,2,141.2,Email, United Kingdom
INV903137,2024-08-18,C101704,Apparel,4,71.2,Organic Search,DE
INV900740,2023-04-17,C100385,Electronics,3,255.77,Social,united kingdom
INV901436,2024-04-22,C100766,Office Supplies,-3,27.25,Referral,France
INV900011,2023-10-27,C100006,Toys,3,33.91,Paid Ads,US
INV902198,2024-02-27,C101182,Home & Kitchen,1,25.37,Email,France
INV902486,2024-06-05,C101337,Office Supplies,1,39.41,Paid Ads,United States
INV902535,2023-12-22,C101359,Beauty,3,13.13,Paid Ads,US
INV902597,2024-09-04,C101398,Sports & Outdoors,2,142.45,Organic Search,france
INV901179,2023-11-25,C100613,Apparel,2,50.94,Email,france
INV901947,2023-07-18,C101034,Books,2,7.12,Email, United Kingdom
INV902292,2023-05-23,C101237,Sports & Outdoors,4,181.82,Referral,France
INV901271,2024-03-07,C100664,Home & Kitchen,1,140.05,Referral,united kingdom
INV902839,2024-08-19,C101512,Apparel,1,37.71,Paid Ads,DE
INV900488,2023-06-22,C100250,Home & Kitchen,1,47.65,Organic Search, United Kingdom
INV903318,2023-12-12,C101795,Office Supplies,5,25.12,Organic Search, United Kingdom
INV901160,2024-05-05,C100604,Apparel,1,15.26,Referral,france
INV903161,2024-02-02,C101716,Home & Kitchen,5,135.92,Organic Search,germany
INV900046,2023-12-12,,Office Supplies,4,26.4,Email, United Kingdom
INV900440,2023-08-02,C100232,Electronics,2,229.26,Organic Search,DE
INV900816,2023-09-12,C100413,Apparel,1,44.0,Organic Search,France
INV901465,2023-07-03,C100782,Toys,3,56.07,Email,united states
INV902854,2023-11-27,C101518,Toys,5,18.29,Organic Search,Ireland
INV901502,2023-11-21,C100799,Toys,2,38.49,Email,US
INV902616,2023-06-03,C101409,Home & Kitchen,3,147.99,Referral,Germany
INV902709,2024-12-13,C101457,Apparel,4,80.18,Paid Ads, United Kingdom
INV902502,2024-12-22,C101340,Apparel,1,83.32,Organic Search,DE
INV900823,2024-11-28,C100416,Beauty,4,21.64,Paid Ads,united kingdom
INV903166,2023-12-02,C101718,Books,4,21.43,Referral, United Kingdom
INV903296,2024-04-05,C101784,Books,3,21.8,Organic Search,United States
INV900969,2024-07-13,,Books,1,6.23,Organic Search,united kingdom
INV900420,2024-07-18,C100222,Toys,4,37.53,Referral,UK
INV903147,2024-03-27,C101708,Office Supplies,3,17.42,Email,United States
INV901858,2023-07-09,C100987,Office Supplies,4,18.05,Organic Search,Ireland
INV900556,2023-11-25,C100288,Beauty,4,25.33,Organic Search,UK
INV902202,2023-10-04,C101183,Home & Kitchen,4,35.46,Organic Search,DE
INV901652,2024-02-17,C100874,Beauty,5,33.47,Email,UK
INV902110,2024-03-26,C101123,Sports & Outdoors,3,118.68,Organic Search,United Kingdom
INV902251,2024-10-20,C101204,Sports & Outdoors,4,20.75,Email,United Kingdom
INV901142,2024-07-20,C100595,Home & Kitchen,5,94.53,Email,ireland
INV900431,2024-11-21,C100227,Books,1,34.88,Email,germany
INV901728,2024-06-08,C100910,Toys,3,59.02,Organic Search,france
INV900710,2024-12-09,C100371,Apparel,4,54.05,Paid Ads,Ireland
INV902689,2024-05-21,C101450,Books,5,24.42,Organic Search,UK
INV900161,2024-04-18,C100085,Books,4,13.31,Social,France
INV900768,2023-12-18,C100393,Office Supplies,5,37.51,Paid Ads,ireland
INV902517,2024-11-09,C101347,Electronics,4,128.05,Email,united kingdom
INV900517,2024-01-22,C100268,Electronics,4,442.31,Referral,germany
INV901079,2023-05-16,C100567,Home & Kitchen,2,39.46,Organic Search,United States
INV900279,2024-05-19,C100146,Electronics,2,128.59,Organic Search,UK
INV901653,2024-04-15,C100874,Sports & Outdoors,1,185.25,Email,United Kingdom
INV900538,2023-10-23,C100278,Home & Kitchen,3,56.48,Organic Search,France
INV902133,2024-08-23,C101142,Electronics,4,547.51,Email,france
INV902743,2024-06-06,C101470,Toys,2,69.58,Paid Ads,ireland
INV902176,2023-03-04,C101166,Electronics,1,251.63,Paid Ads,Germany
INV903181,2024-06-17,C101721,Sports & Outdoors,1,127.87,Social,UK
INV901518,2023-06-21,C100807,Apparel,1,42.43,Paid Ads,USA
INV901888,2024-12-17,C101006,Books,3,11.23,Paid Ads,united kingdom
INV902004,2023-08-06,C101068,Books,5,26.83,Paid Ads,france
INV903186,2023-11-05,C101724,Sports & Outdoors,5,198.15,Paid Ads,Germany
INV902121,2024-04-24,C101133,Beauty,5,43.57,Paid Ads,Germany
INV901371,2023-10-22,C100731,Toys,4,62.07,Referral,germany
INV900066,2024-12-20,C100035,Home & Kitchen,4,40.54,Organic Search,Germany
INV903213,2024-05-24,C101735,Office Supplies,5,36.59,Paid Ads,germany
INV902373,2023-09-19,C101288,Toys,4,35.43,Organic Search,ireland
INV901565,2023-06-07,C100830,Office Supplies,5,26.63,Social, United Kingdom
INV902634,2024-08-22,C101420,Books,5,12.5,Organic Search,Ireland
INV902531,2023-11-23,C101358,Beauty,1,18.89,Organic Search,united kingdom
INV901232,2023-11-04,C100647,Books,3,5.77,Referral,Germany
INV901749,2024-03-25,C100924,Toys,1,53.68,Email,france
INV901852,2023-12-28,C100984,Beauty,2,25.19,Paid Ads, United Kingdom
INV902037,2023-12-08,C101083,Electronics,4,550.88,Organic Search, United Kingdom
INV901721,2023-12-16,C100906,Beauty,3,14.77,Organic Search,United Kingdom
INV901664,2024-06-17,C100877,Beauty,1,51.22,Paid Ads,United Kingdom
INV900130,2024-08-18,C100063,Sports & Outdoors,5,102.94,Organic Search,United Kingdom
INV902144,2023-09-07,C101152,Home & Kitchen,-1,117.72,Paid Ads,UK
INV902619,2023-09-08,C101409,Beauty,3,,Referral,Germany
INV902786,2023-09-15,C101486,Apparel,3,46.52,Social,United Kingdom
INV901911,2024-03-16,C101012,Apparel,5,42.06,Social,ireland
INV900506,2024-09-05,C100259,Sports & Outdoors,2,55.44,Referral,Ireland
INV902108,2024-11-09,C101122,Books,4,34.18,Organic Search,germany
INV900965,2023-07-27,C100504,Electronics,3,417.38,Organic Search,ireland
INV902262,2023-10-05,C101212,Apparel,3,41.21,Organic Search,united states
INV901546,2024-09-13,C100818,Electronics,-5,106.09,Email,DE
INV901016,2024-05-12,C100520,Office Supplies,5,14.25,Email, United Kingdom
INV901464,2023-05-17,C100782,Books,3,30.12,Email,United States
INV901279,2024-06-28,C100667,Home & Kitchen,3,125.32,Organic Search,france
INV903141,2024-08-28,C101707,Beauty,4,26.96,Organic Search,United Kingdom
INV900935,2023-11-03,C100485,Beauty,1,10.12,Organic Search,United Kingdom
INV901014,2024-02-25,C100520,Toys,5,39.21,Email,UK
INV902421,2024-06-04,C101309,Home & Kitchen,4,71.85,Organic Search,France
INV901699,2024-04-04,C100887,Beauty,5,39.7,Email,Germany
INV900450,2023-12-10,,Home & Kitchen,5,61.97,Social,france
INV902602,2024-06-22,C101400,Beauty,1,59.71,Social,United Kingdom
INV902787,2023-11-24,C101486,Electronics,2,454.29,Social, United Kingdom
INV901373,2024-04-03,C100733,Apparel,1,22.74,Email,United Kingdom
INV900177,2024-12-20,C100091,Beauty,3,5.17,Referral,UK
INV901990,2024-05-18,C101060,Books,1,14.99,Email,Ireland
INV900404,2023-09-27,C100218,Electronics,5,261.17,Organic Search,UK
INV901966,2023-04-03,C101045,Sports & Outdoors,3,53.53,Social,france
INV900695,2024-12-25,C100357,Sports & Outdoors,2,155.37,Referral,UK
INV902230,2024-07-19,C101191,Toys,2,37.75,Referral,France
INV901506,2023-12-05,C100802,Toys,1,10.29,Paid Ads, United Kingdom
INV902059,2023-01-08,C101098,Apparel,2,11.72,Referral, United Kingdom
INV903164,2023-09-22,C101718,Home & Kitchen,1,72.23,Referral,united kingdom
INV902015,2023-08-18,,Sports & Outdoors,4,126.23,Organic Search,Germany
INV901466,2023-09-09,C100782,Beauty,2,13.18,Email,US
INV900256,2024-12-16,C100133,Apparel,3,50.2,Social,USA
INV903224,2023-05-12,C101738,Electronics,1,464.71,Referral,UK
INV901320,2024-07-16,C100696,Sports & Outdoors,3,40.78,Organic Search,United Kingdom
INV902256,2023-06-12,C101208,Office Supplies,1,19.56,Paid Ads,DE
INV901670,2023-09-19,C100880,Books,2,30.98,Organic Search,United States
INV902812,2024-10-23,C101499,Electronics,2,60.85,Paid Ads, United Kingdom
INV900113,2023-08-10,C100055,Apparel,1,64.44,Referral,United States
INV903151,2024-03-28,C101713,Toys,3,58.75,Referral,UK
INV902956,2023-06-25,C101580,Electronics,2,417.51,Paid Ads,UK
INV902747,2023-10-27,C101472,Office Supplies,2,38.93,Organic Search,Ireland
INV900226,2024-06-09,C100117,Electronics,4,535.24,Referral,germany
INV901289,2024-04-12,C100676,Books,2,18.49,Referral, United Kingdom
INV900962,2024-06-25,,Toys,2,49.62,Organic Search,Ireland
INV902097,2024-04-09,,Home & Kitchen,5,51.6,Email,france
INV902530,2023-08-04,C101358,Sports & Outdoors,3,168.46,Organic Search, United Kingdom
INV900268,2023-06-07,C100142,Beauty,4,16.28,Email,Germany
INV902484,2023-06-17,C101337,Electronics,2,569.01,Paid Ads,USA
INV902643,2024-05-27,C101423,Toys,4,58.56,Organic Search, United Kingdom
INV902771,2024-03-28,C101482,Toys,3,22.27,Organic Search,France
INV902454,2024-06-06,C101323,Home & Kitchen,4,26.74,Organic Search,Ireland
INV901580,2024-06-22,C100834,Home & Kitchen,5,86.23,Referral,France
INV901090,2023-06-02,C100572,Toys,1,44.86,Organic Search,France
INV902540,2023-05-09,C101363,Office Supplies,4,31.2,Organic Search,germany
INV900294,2024-10-09,C100159,Beauty,5,54.07,Email,DE
INV900975,2023-07-03,C100508,Home & Kitchen,3,140.94,Referral, United Kingdom
INV902495,2024-07-01,C101339,Toys,3,25.53,Paid Ads,United States
INV901952,2024-08-15,C101035,Toys,2,17.3,Organic Search,ireland
INV902965,2023-07-08,C101587,Sports & Outdoors,3,49.88,Referral,United Kingdom
INV900607,2024-04-07,C100310,Office Supplies,4,30.04,Referral,united kingdom
INV902639,2024-06-01,C101422,Books,2,20.07,Paid Ads,USA
INV900395,2024-03-01,C100213,Electronics,5,208.22,Social,France
INV901197,2024-11-13,C100622,Office Supplies,1,41.78,Referral,France
INV900666,2023-04-24,C100349,Electronics,3,96.46,Social,United Kingdom
INV901577,2023-12-26,C100832,Office Supplies,5,22.01,Email,DE
INV900381,2024-11-23,C100207,Books,5,27.29,Paid Ads,UK
INV903146,2023-09-22,C101708,Electronics,2,213.41,Email,USA
INV901547,2023-01-10,C100820,Beauty,4,39.48,Organic Search,germany
INV900040,2024-10-23,C100019,Home & Kitchen,4,81.3,Paid Ads,Germany
INV901719,2024-09-14,C100904,Electronics,2,282.78,Email,ireland
INV901344,2024-06-03,C100712,Sports & Outdoors,1,88.92,Referral,germany
INV903187,2024-04-11,C101725,Home & Kitchen,5,94.7,Paid Ads, United Kingdom
INV903023,2024-06-18,C101631,Apparel,4,78.79,Email,ireland
INV900169,2023-12-26,C100090,Home & Kitchen,4,122.5,Email,US
INV901283,2024-09-15,C100670,Home & Kitchen,4,138.93,Paid Ads,USA
INV900641,2023-11-09,C100332,Apparel,-3,29.86,Organic Search,UK
INV901470,2023-06-21,C100783,Home & Kitchen,1,71.74,Organic Search,germany
INV900178,2023-08-16,C100093,Toys,4,50.13,Organic Search,Ireland
INV902571,2024-03-11,C101379,Toys,1,21.99,Email,DE
INV903254,2023-04-04,C101762,Apparel,3,80.25,Paid Ads,UK
INV901278,2024-09-21,C100666,Sports & Outdoors,3,125.95,Organic Search,France
INV901445,2024-03-09,C100770,Books,3,27.29,Organic Search,Germany
INV901622,2024-09-27,C100858,Apparel,4,73.36,Social,France
INV902705,2024-12-20,C101456,Sports & Outdoors,2,98.91,Paid Ads,Ireland
INV901465,2023-07-03,C100782,Books,1,16.83,Email,united states
INV901729,2024-07-15,C100910,Apparel,1,60.56,Organic Search,France
INV902864,2024-03-11,C101521,Electronics,2,303.8,Organic Search,united kingdom
INV900172,2024-07-24,C100090,Home & Kitchen,1,94.92,Email,united states
INV901992,2024-11-09,C101063,Office Supplies,5,30.19,Organic Search, United Kingdom
INV901245,2024-08-17,C100654,Books,1,9.37,Organic Search,Germany
INV901104,2024-08-14,C100575,Books,1,6.62,Paid Ads,US
INV900136,2023-08-03,C100067,Beauty,4,42.96,Organic Search,France
INV902154,2023-10-15,C101154,Office Supplies,4,15.68,Paid Ads,France
INV900978,2023-11-26,C100508,Electronics,3,46.26,Referral,United Kingdom
INV900088,2024-08-28,,Electronics,2,220.37,Paid Ads,United Kingdom
INV901834,2023-05-28,C100974,Beauty,5,51.18,Social,US
INV900216,2024-05-11,C100115,Apparel,5,58.21,Organic Search,Germany
INV901821,2023-03-05,C100969,Office Supplies,4,24.45,Referral,Germany
INV901548,2023-02-13,C100820,Beauty,2,11.81,Organic Search,DE
INV903272,2024-11-25,C101766,Electronics,5,,Referral,United Kingdom
INV902211,2023-07-05,C101185,Apparel,4,8.7,Organic Search, United Kingdom
INV901021,2024-12-26,C100522,Books,5,17.6,Paid Ads,United States
INV902012,2023-11-07,,Toys,2,16.42,Organic Search,US
INV901300,2024-10-17,C100683,Home & Kitchen,5,11.47,Organic Search,Germany
INV901990,2024-05-18,C101060,Electronics,1,523.51,Email,Ireland
INV901927,2024-10-11,C101022,Electronics,3,432.75,Paid Ads,united states
INV902497,2023-12-13,C101340,Electronics,-4,570.65,Organic Search,DE
INV900145,2023-11-06,C100075,Apparel,2,42.08,Email, United Kingdom
INV902590,2024-11-05,C101393,Beauty,2,15.06,Organic Search, United Kingdom
INV902905,2024-04-03,C101552,Books,2,15.08,Email,United Kingdom
INV902976,2024-05-07,C101598,Toys,5,52.71,Referral,Germany
INV900617,2024-04-17,C100315,Electronics,1,378.59,Paid Ads,France
INV901409,2024-10-04,C100754,Office Supplies,5,44.22,Social,ireland
INV902295,2023-11-22,C101237,Office Supplies,4,14.45,Referral,france
INV902736,2024-02-21,C101466,Toys,2,67.47,Organic Search,united kingdom
INV902440,2023-09-14,C101318,Office Supplies,4,31.58,Social,UK
INV902497,2023-12-13,C101340,Toys,4,26.91,Organic Search,DE
INV902142,2023-08-25,C101150,Home & Kitchen,2,12.84,Social,germany
INV900408,2024-04-04,C100218,Office Supplies,3,8.69,Organic Search, United Kingdom
INV902778,2024-06-26,C101485,Office Supplies,4,34.39,Referral,United States
INV901851,2024-12-10,C100983,Beauty,1,56.9,Email,germany
INV901469,2023-05-02,C100783,Home & Kitchen,5,101.12,Organic Search,germany
INV902442,2023-12-22,C101318,Home & Kitchen,4,29.19,Social,United Kingdom
INV902003,2024-09-20,C101067,Beauty,1,16.08,Referral,UK
INV903156,2024-11-04,C101713,Home & Kitchen,5,146.38,Referral,UK
INV902005,2023-06-20,C101071,Electronics,2,459.88,Social,Ireland
INV900768,2023-12-18,C100393,Apparel,4,26.28,Paid Ads,ireland
INV901634,2024-11-20,C100863,Home & Kitchen,5,79.06,Organic Search,united kingdom
INV902084,2023-05-14,,Apparel,3,58.7,Organic Search,Germany
INV900564,2024-06-23,C100296,Apparel,5,47.87,Organic Search,France
INV903182,2024-06-28,C101722,Home & Kitchen,3,44.61,Organic Search,France
INV902517,2024-11-09,C101347,Toys,5,29.97,Email,united kingdom
INV901319,2024-09-28,C100694,Books,4,16.77,Referral,United States
INV903302,2023-12-24,C101785,Office Supplies,2,25.94,Email,United Kingdom
INV901779,2023-06-10,C100947,Office Supplies,3,12.01,Email, United Kingdom
INV901561,2024-12-16,C100826,Sports & Outdoors,4,161.12,Paid Ads, United Kingdom
INV900819,2023-01-26,C100414,Office Supplies,4,28.54,Organic Search,DE
INV902623,2024-11-12,C101412,Electronics,-1,596.37,Paid Ads,united states
INV903010,2024-03-15,C101617,Office Supplies,-5,40.17,Organic Search,united states
INV902058,2024-12-10,C101096,Electronics,3,281.69,Organic Search,france
INV900808,2023-07-28,C100411,Books,5,6.19,Social,UK
INV902248,2024-11-10,C101202,Toys,3,36.84,Referral,france
INV902239,2023-11-10,C101201,Toys,2,61.48,Organic Search,united states
INV902901,2023-04-27,C101549,Electronics,4,464.82,Paid Ads,US
INV901325,2023-04-18,C100702,Office Supplies,5,6.42,Email,germany
INV902528,2024-12-12,C101357,Books,4,27.27,Referral,Ireland
INV900830,2024-04-20,C100423,Apparel,1,44.3,Referral,DE
INV902264,2023-12-15,C101212,Books,5,22.14,Organic Search,United States
INV900722,2023-10-04,C100375,Apparel,-3,28.9,Paid Ads,Ireland
INV901042,2023-03-23,,Electronics,5,546.77,Paid Ads, United Kingdom
INV901878,2024-12-03,C100998,Sports & Outdoors,5,191.19,Organic Search,united kingdom
INV901652,2024-02-17,C100874,Sports & Outdoors,4,143.54,Email,UK
INV901011,2023-09-22,C100520,Beauty,5,43.71,Email, United Kingdom
INV901335,2023-03-06,,Apparel,3,82.43,Social,Germany
INV901520,2023-10-06,,Sports & Outdoors,5,76.77,Paid Ads,united states
INV903164,2023-09-22,C101718,Office Supplies,4,41.53,Referral,united kingdom
INV900263,2023-08-18,,Sports & Outdoors,2,93.37,Paid Ads,United Kingdom
INV901350,2024-04-06,C100715,Beauty,1,8.52,Organic Search,united kingdom
INV900426,2023-07-19,C100225,Apparel,3,10.38,Paid Ads,Germany
INV903094,2024-07-16,C101669,Apparel,1,54.16,Social,DE
INV901803,2023-07-11,C100960,Sports & Outdoors,5,99.45,Paid Ads,united kingdom
INV901219,2024-05-15,C100640,Apparel,1,83.67,Referral,United Kingdom
INV900927,2024-04-17,C100478,Books,4,22.55,Email, United Kingdom
INV902074,2024-07-04,C101107,Office Supplies,2,44.73,Organic Search,france
INV902263,2023-11-04,C101212,Home & Kitchen,4,145.97,Organic Search,united states
INV900131,2024-10-25,C100063,Toys,3,22.71,Organic Search, United Kingdom
INV901299,2024-12-01,C100682,Apparel,5,73.27,Paid Ads,Ireland
INV903116,2024-05-22,C101684,Office Supplies,5,11.25,Organic Search,United States
INV900317,2023-06-04,C100170,Beauty,5,13.01,Referral,France
INV902506,2023-07-21,C101342,Books,2,25.0,Paid Ads,UK
INV901318,2024-09-11,C100694,Home & Kitchen,1,44.65,Referral,US
INV900942,2024-08-02,C100489,Toys,2,29.07,Organic Search,United Kingdom
INV902898,2023-02-28,C101542,Beauty,5,39.48,Organic Search,DE
INV902361,2024-05-17,C101283,Sports & Outdoors,5,49.27,Organic Search,UK
INV901242,2023-12-05,C100654,Home & Kitchen,-5,108.69,Organic Search,Germany
INV902732,2024-11-08,C101463,Home & Kitchen,5,14.45,Referral,United Kingdom
INV903174,2023-05-09,C101720,Beauty,4,29.94,Referral,united kingdom
INV903288,2023-09-15,C101778,Electronics,3,583.19,Email,united states
INV901773,2023-10-03,C100941,Office Supplies,4,22.26,Paid Ads,united kingdom
INV900791,2023-11-14,C100405,Toys,2,39.79,Social,France
INV900238,2024-12-07,C100121,Sports & Outdoors,4,127.51,Email,france
INV900244,2023-12-08,,Office Supplies,5,36.12,Email,USA
INV901447,2024-08-26,C100771,Office Supplies,5,5.86,Email,DE
INV903249,2024-11-27,C101758,Books,3,5.15,Organic Search,United Kingdom
INV900845,2024-12-06,,Books,2,17.12,Social,UK
INV901876,2023-12-13,C100997,Apparel,3,41.59,Organic Search,united kingdom
INV902964,2024-05-26,C101586,Home & Kitchen,4,31.24,Referral,Ireland
INV900372,2023-12-12,C100200,Apparel,3,10.8,Organic Search,United Kingdom
INV900393,2023-09-05,C100213,Office Supplies,1,7.64,Social,France
INV900514,2024-02-16,C100265,Home & Kitchen,2,136.98,Referral,DE
INV901696,2023-07-28,,Apparel,5,78.61,Email,DE
INV902022,2024-09-11,C101075,Toys,3,28.07,Organic Search,Germany
INV902252,2023-11-21,C101206,Beauty,3,12.73,Email,USA
INV903322,2023-06-09,C101797,Beauty,3,26.54,Organic Search,germany
INV902680,2023-04-17,C101449,Sports & Outdoors,5,104.0,Organic Search,UK
INV900800,2023-01-22,C100409,Apparel,3,65.35,Social,Ireland
INV902400,2023-02-14,C101299,Electronics,2,590.53,Email,UK
INV901873,2024-06-24,C100995,Beauty,1,36.2,Organic Search,DE
INV900325,2024-11-24,C100173,Sports & Outdoors,2,133.51,Social,UK
INV902501,2024-11-24,C101340,Beauty,1,9.51,Organic Search,Germany
INV901650,2024-12-12,C100872,Office Supplies,2,33.76,Email,united kingdom
INV901795,2023-11-22,C100953,Beauty,4,18.52,Referral,United Kingdom
INV902008,2024-04-07,C101071,Books,4,20.73,Social,Ireland
INV900441,2023-12-19,C100232,Office Supplies,5,23.33,Organic Search,DE
INV901384,2023-07-26,C100743,Office Supplies,1,42.44,Organic Search,United Kingdom
INV901816,2024-06-28,C100965,Beauty,1,22.66,Referral, United Kingdom
INV901029,2023-08-16,C100533,Sports & Outdoors,5,36.37,Organic Search, United Kingdom
INV902846,2023-10-09,C101514,Beauty,4,44.62,Paid Ads,germany
INV902186,2024-04-24,C101176,Apparel,2,29.51,Social,UK
INV900706,2024-10-18,C100367,Home & Kitchen,1,120.12,Social,United Kingdom
INV903175,2023-07-06,C101720,Home & Kitchen,5,91.14,Referral,united kingdom
INV900672,2024-04-09,C100350,Home & Kitchen,4,113.71,Organic Search,US
INV901583,2024-07-20,C100837,Electronics,4,523.61,Organic Search,germany
INV903067,2023-05-27,C101655,Apparel,3,60.0,Email,France
INV902679,2024-03-23,C101448,Toys,2,47.24,Organic Search,germany
INV902144,2023-09-07,C101152,Electronics,5,358.3,Paid Ads,UK
INV901507,2024-03-05,C100802,Electronics,2,244.72,Paid Ads,united kingdom
INV901551,2024-04-01,C100821,Beauty,3,43.14,Organic Search,USA
INV901557,2023-02-02,C100825,Toys,4,28.32,Organic Search,Germany
INV900356,2024-03-03,C100191,Home & Kitchen,4,11.04,Email,Ireland
INV900629,2024-12-22,C100324,Home & Kitchen,3,144.27,Organic Search,United Kingdom
INV901927,2024-10-11,C101022,Home & Kitchen,2,115.29,Paid Ads,united states
INV901248,2024-05-21,C100656,Apparel,1,40.08,Social,germany
INV900793,2023-10-28,C100406,Electronics,2,251.25,Paid Ads,united kingdom
INV902938,2024-10-21,C101566,Sports & Outdoors,5,101.86,Referral,DE
INV900049,2024-02-06,C100025,Office Supplies,3,14.51,Organic Search,united states
INV901822,2023-04-05,C100969,Apparel,4,39.32,Referral,DE
INV902815,2024-04-05,,Home & Kitchen,5,26.79,Paid Ads,United Kingdom
INV902508,2023-12-05,C101343,Books,2,31.1,Organic Search,ireland
INV900865,2023-05-07,C100442,Toys,5,31.14,Paid Ads,ireland
INV900758,2023-12-02,,Books,3,27.76,Paid Ads,ireland
INV900763,2023-04-08,C100391,Electronics,5,425.59,Email,Ireland
INV900625,2023-04-24,C100321,Sports & Outdoors,2,75.5,Organic Search,united states
INV900300,2024-03-22,C100161,Books,1,27.04,Email,Germany
INV901718,2024-04-15,C100904,Electronics,4,272.18,Email,ireland
INV902854,2023-11-27,C101518,Office Supplies,4,33.79,Organic Search,Ireland
INV902195,2024-12-09,C101179,Home & Kitchen,1,13.37,Organic Search,United Kingdom
INV900579,2023-08-06,C100300,Office Supplies,5,8.34,Paid Ads,United States
INV900277,2024-07-12,C100145,Home & Kitchen,3,62.22,Paid Ads,DE
INV901500,2023-10-04,C100799,Toys,5,32.67,Email,US
INV900843,2024-06-25,C100432,Office Supplies,1,38.9,Paid Ads,united kingdom
INV902256,2023-06-12,C101208,Sports & Outdoors,2,66.01,Paid Ads,DE
INV902803,2023-12-01,C101494,Books,2,7.01,Paid Ads,united kingdom
INV902125,2023-03-25,C101135,Electronics,1,160.15,Referral,DE
INV900437,2024-11-19,C100231,Toys,2,50.56,Paid Ads,united kingdom
INV902311,2024-07-08,C101247,Apparel,4,60.99,Social, United Kingdom
INV902151,2024-12-21,C101153,Sports & Outdoors,2,67.36,Referral,united kingdom
INV900854,2023-11-19,C100439,Home & Kitchen,5,25.03,Paid Ads,united kingdom
INV901431,2024-05-17,C100764,Electronics,5,414.69,Social,US
INV902071,2023-04-02,C101105,Electronics,2,402.73,Referral,United Kingdom
INV902222,2023-01-06,C101189,Beauty,5,30.53,Paid Ads,united kingdom
INV900765,2023-11-19,C100391,Home & Kitchen,2,55.4,Email,Ireland
INV903076,2024-07-22,C101657,Home & Kitchen,4,26.34,Organic Search, United Kingdom
INV900634,2023-12-21,C100327,Home & Kitchen,4,112.83,Paid Ads,United States
INV900471,2024-03-24,C100242,Office Supplies,3,38.22,Referral,United States
INV902026,2023-05-27,C101077,Sports & Outdoors,1,166.66,Social,united kingdom
INV902665,2023-09-25,C101438,Toys,4,59.79,Paid Ads,France
INV900141,2023-11-15,C100073,Toys,1,67.05,Social,united kingdom
INV901076,2023-05-12,C100566,Apparel,2,13.59,Paid Ads,UK
INV901962,2023-08-28,C101043,Home & Kitchen,4,52.95,Organic Search,germany
INV902145,2023-10-06,C101152,Sports & Outdoors,3,165.38,Paid Ads,united kingdom
INV901124,2024-07-26,C100586,Toys,1,32.97,Social,france
INV901205,2024-01-16,C100633,Toys,4,35.92,Email,UK
INV902423,2024-01-09,C101310,Apparel,1,84.87,Social,united kingdom
INV903270,2024-04-14,C101766,Electronics,5,201.91,Referral,United Kingdom
INV900710,2024-12-09,C100371,Books,3,7.61,Paid Ads,Ireland
INV902097,2024-04-09,C101118,Apparel,5,23.34,Email,france
INV900709,2024-07-14,C100371,Electronics,3,573.91,Paid Ads,Ireland
INV900923,2023-02-13,C100477,Apparel,2,70.52,Referral,united kingdom
INV901207,2023-12-04,C100634,Sports & Outdoors,4,158.49,Organic Search,united kingdom
INV902053,2024-05-17,C101096,Office Supplies,5,13.78,Organic Search,france
INV900390,2024-08-03,C100212,Books,2,17.55,Email,Germany
INV902429,2024-12-08,C101313,Books,4,6.9,Paid Ads,UK
INV900010,2023-09-09,C100006,Beauty,4,26.04,Paid Ads,US
INV900215,2024-01-21,C100114,Sports & Outdoors,3,187.44,Paid Ads,United Kingdom
INV902641,2024-03-20,C101423,Office Supplies,3,12.95,Organic Search, United Kingdom
INV900900,2024-04-18,C100455,Apparel,3,73.59,Organic Search,UK
INV900897,2024-04-21,C100454,Toys,5,68.44,Referral, United Kingdom
INV900454,2024-02-17,C100234,Beauty,1,53.76,Social,France
INV900669,2023-12-04,C100349,Books,5,30.1,Social,UK
INV900470,2023-06-19,C100242,Sports & Outdoors,1,51.88,Referral,US
INV902801,2024-06-08,C101493,Office Supplies,3,35.95,Organic Search,united states
INV901102,2024-06-06,C100575,Toys,3,6.99,Paid Ads,United States
INV901773,2023-10-03,C100941,Toys,2,12.28,Paid Ads,united kingdom
INV902000,2024-11-15,C101066,Books,1,5.17,Email,germany
INV901300,2024-10-17,C100683,Apparel,4,81.44,Organic Search,Germany
INV900462,2023-09-02,C100238,Office Supplies,4,6.7,Organic Search,United Kingdom
INV902741,2024-06-25,C101468,Apparel,1,16.06,Paid Ads,DE
INV903173,2023-03-14,C101720,Home & Kitchen,3,88.09,Referral,UK
INV900494,2023-07-17,C100253,Electronics,1,580.95,Organic Search,Ireland
INV900387,2024-06-20,C100210,Sports & Outdoors,5,74.7,Organic Search,france
INV900037,2024-05-13,C100018,Sports & Outdoors,5,54.82,Organic Search,UK
INV900014,2023-10-21,C100008,Beauty,5,50.04,Organic Search,united kingdom
INV901982,2024-11-07,C101053,Home & Kitchen,1,44.59,Social,US
INV902212,2023-10-06,,Home & Kitchen,5,61.33,Organic Search, United Kingdom
INV900481,2024-05-12,C100246,Apparel,2,26.39,Email, United Kingdom
INV903086,2024-01-22,C101663,Sports & Outdoors,1,23.68,Paid Ads,Ireland
INV903252,2023-11-21,C101761,Home & Kitchen,3,115.82,Paid Ads,united kingdom
INV902722,2023-12-17,C101462,Beauty,3,20.02,Paid Ads,United States
INV900399,2023-03-01,C100216,Toys,1,67.03,Organic Search, United Kingdom
INV902689,2024-05-21,C101450,Toys,4,24.02,Organic Search,UK
INV903004,2023-03-14,C101614,Home & Kitchen,5,18.6,Organic Search,united kingdom
INV900759,2024-06-09,C100389,Home & Kitchen,2,121.22,Paid Ads,ireland
INV902625,2024-12-23,C101412,Office Supplies,2,25.56,Paid Ads,USA
INV900926,2024-02-22,C100478,Office Supplies,1,12.21,Email,United Kingdom
INV900586,2023-09-14,C100302,Apparel,3,35.86,Referral,united kingdom
INV902953,2024-07-05,C101577,Home & Kitchen,5,61.45,Organic Search,USA
INV902042,2024-05-16,C101086,Apparel,3,33.61,Organic Search,ireland
INV902549,2024-07-12,C101365,Beauty,3,21.27,Organic Search,United States
INV900705,2024-03-18,C100366,Sports & Outdoors,3,181.42,Organic Search,UK
INV901611,2024-11-07,C100852,Apparel,4,49.86,Referral,united kingdom
INV900917,2023-12-13,C100473,Beauty,4,31.73,Referral,Ireland
INV901078,2023-05-03,C100567,Electronics,1,236.99,Organic Search,United States
INV902219,2024-03-08,C101187,Sports & Outdoors,4,40.04,Paid Ads,United States
INV902495,2024-07-01,C101339,Home & Kitchen,2,83.13,Paid Ads,United States
INV901202,2023-12-22,,Sports & Outdoors,2,161.28,Organic Search,United Kingdom
INV902881,2023-01-08,C101531,Apparel,3,32.98,Email,united kingdom
INV902623,2024-11-12,C101412,Apparel,3,69.56,Paid Ads,united states
INV902076,2024-12-07,C101107,Electronics,1,543.49,Organic Search,france
INV900354,2024-06-06,C100190,Electronics,5,370.36,Organic Search, United Kingdom
INV901204,2023-09-15,C100633,Toys,3,54.62,Email,United Kingdom
INV900148,2023-07-24,C100077,Books,1,31.59,Paid Ads,germany
INV900017,2024-12-04,C100009,Electronics,2,406.27,Organic Search,France
INV902746,2023-09-02,C101472,Beauty,2,23.6,Organic Search,ireland
INV902888,2024-11-26,C101535,Beauty,5,12.29,Social,United Kingdom
INV900506,2024-09-05,C100259,Apparel,4,44.9,Referral,Ireland
INV903297,2024-05-08,C101784,Toys,1,9.59,Organic Search,united states
INV900387,2024-06-20,C100210,Toys,1,57.79,Organic Search,france
INV900228,2023-09-24,C100118,Sports & Outdoors,4,186.05,Organic Search,DE
INV901120,2023-10-28,C100584,Home & Kitchen,2,91.44,Email,UK
INV901244,2024-08-03,C100654,Toys,4,32.96,Organic Search,germany
INV901157,2024-06-05,C100601,Home & Kitchen,5,149.73,Social, United Kingdom
INV900728,2023-06-02,C100379,Beauty,1,28.07,Paid Ads,united kingdom
INV900232,2024-11-16,C100120,Office Supplies,5,6.91,Referral,United Kingdom
INV901857,2024-02-03,C100985,Office Supplies,1,8.82,Paid Ads, United Kingdom
INV902882,2024-07-21,C101532,Beauty,3,32.53,Paid Ads,france
INV902759,2023-12-09,C101477,Home & Kitchen,2,147.86,Email,ireland
INV902776,2024-01-27,C101484,Electronics,2,488.02,Organic Search,Ireland
INV900435,2024-07-10,C100230,Books,1,23.44,Social,germany
INV902273,2024-08-28,C101213,Books,3,7.07,Email, United Kingdom
INV903055,2023-05-27,C101652,Apparel,5,17.12,Email,France
INV901083,2023-11-20,C100567,Sports & Outdoors,4,101.49,Organic Search,United States
INV902694,2023-11-25,C101451,Books,2,22.36,Referral,DE
INV902706,2023-10-17,C101457,Toys,4,11.8,Paid Ads, United Kingdom
INV901191,2024-07-23,C100620,Office Supplies,4,43.9,Organic Search,United Kingdom
INV902061,2023-10-02,C101100,Apparel,5,84.27,Referral,United Kingdom
INV902220,2024-06-16,C101187,Toys,3,63.7,Paid Ads,US
INV900441,2023-12-19,C100232,Beauty,3,15.73,Organic Search,DE
INV900012,2023-11-05,C100006,Books,1,15.96,Paid Ads,USA
INV902346,2024-12-09,C101275,Toys,2,17.11,Paid Ads,United Kingdom
INV901689,2024-06-28,C100885,Toys,1,11.06,Referral,USA
INV901918,2023-11-28,C101013,Apparel,3,12.33,Paid Ads,United States
INV900366,2023-11-13,C100196,Sports & Outdoors,4,134.43,Organic Search,Ireland
INV901143,2024-12-24,C100595,Beauty,3,16.23,Email,Ireland
INV903191,2023-10-19,C101728,Electronics,5,303.09,Organic Search,united kingdom
INV903010,2024-03-15,C101617,Sports & Outdoors,1,130.53,Organic Search,united states
INV903162,2024-08-09,C101716,Office Supplies,1,18.73,Organic Search,Germany
INV901977,2023-11-13,C101051,Apparel,1,80.58,Organic Search,Germany
INV902950,2023-12-22,C101575,Apparel,3,34.59,Organic Search,united kingdom
INV900887,2023-11-09,,Office Supplies,4,17.55,Organic Search,united kingdom
INV901577,2023-12-26,C100832,Office Supplies,5,3.8,Email,DE
INV903060,2024-02-28,C101653,Electronics,2,355.26,Social,UK
INV901166,2024-09-27,C100608,Beauty,4,44.95,Organic Search,DE
INV900198,2024-06-07,C100104,Apparel,1,21.92,Email,United Kingdom
INV901056,2023-11-21,C100548,Apparel,-3,24.41,Email,United States
INV901108,2024-02-27,C100577,Office Supplies,2,32.17,Social,DE
INV902786,2023-09-15,C101486,Books,5,15.05,Social,United Kingdom
INV900945,2024-07-13,C100491,Books,4,5.92,Referral,UK
INV901094,2023-12-14,C100572,Apparel,3,56.59,Organic Search,France
INV900913,2024-07-27,C100470,Apparel,4,71.77,Organic Search,ireland
INV901291,2023-11-18,C100678,Home & Kitchen,2,121.34,Social,DE
INV901600,2024-05-24,C100848,Apparel,5,85.6,Paid Ads, United Kingdom
INV901819,2024-05-19,C100967,Office Supplies,2,38.47,Organic Search, United Kingdom
INV903049,2024-08-28,C101649,Sports & Outdoors,3,65.84,Organic Search,united states
INV901944,2024-01-22,C101030,Electronics,3,272.58,Email,Ireland
INV902614,2023-12-22,C101408,Sports & Outdoors,2,73.42,Paid Ads,Ireland
INV901614,2023-11-27,C100853,Books,1,9.84,Referral,Germany
INV900288,2024-03-10,C100155,Toys,2,21.68,Email,ireland
INV903117,2023-11-14,C101685,Home & Kitchen,5,76.23,Paid Ads,Ireland
INV902347,2024-02-01,C101276,Beauty,4,35.24,Paid Ads, United Kingdom
INV902065,2024-12-14,C101100,Electronics,1,165.89,Referral, United Kingdom
INV903013,2024-05-07,C101623,Toys,4,48.27,Email,united kingdom
INV900808,2023-07-28,C100411,Electronics,3,79.74,Social,UK
INV901114,2024-06-22,C100581,Sports & Outdoors,5,124.31,Organic Search,United Kingdom
INV901418,2024-03-15,C100759,Beauty,5,46.22,Organic Search,united states
INV902436,2023-12-19,C101317,Home & Kitchen,2,44.5,Social,germany
INV901092,2023-08-20,C100572,Home & Kitchen,2,18.47,Organic Search,France
INV900849,2024-07-12,C100437,Office Supplies,3,3.96,Paid Ads,UK
INV902923,2024-12-07,C101555,Apparel,4,30.73,Paid Ads, United Kingdom
INV901552,2024-07-21,C100821,Toys,3,26.39,Organic Search,united states
INV900122,2024-12-19,C100056,Toys,3,59.65,Referral,US
INV900598,2024-08-05,,Home & Kitchen,5,17.82,Email,DE
INV903155,2024-09-22,C101713,Electronics,5,409.94,Referral, United Kingdom
INV901163,2024-05-15,C100606,Beauty,2,31.36,Email,UK
INV900873,2024-03-14,C100445,Apparel,3,72.61,Email,france
INV901747,2023-09-17,C100924,Electronics,1,257.48,Email,France
INV901188,2024-04-05,C100619,Apparel,3,61.57,Organic Search,united kingdom
INV903104,2023-05-04,C101676,Office Supplies,4,41.12,Email,France
INV901007,2024-04-18,C100518,Office Supplies,2,37.61,Referral,UK
INV903157,2024-01-12,C101714,Beauty,1,45.84,Organic Search,United Kingdom
INV901504,2024-06-18,C100800,Apparel,-4,77.2,Social,united kingdom
INV900353,2024-06-07,C100190,Sports & Outdoors,3,168.49,Organic Search,United Kingdom
INV902686,2023-12-20,C101449,Electronics,4,141.21,Organic Search,united kingdom
INV900433,2023-05-21,C100229,Beauty,1,27.66,Social,france
INV900848,2023-12-23,C100436,Toys,1,8.47,Organic Search,united states
INV901408,2024-12-21,C100753,Office Supplies,2,20.56,Organic Search, United Kingdom
INV902815,2024-04-05,C101500,Electronics,4,350.54,Paid Ads,United Kingdom
INV903201,2024-07-28,C101730,Books,2,30.22,Organic Search,united kingdom
INV900918,2024-01-14,C100473,Beauty,2,8.91,Referral,Ireland
INV902173,2023-01-18,C101166,Books,1,22.49,Paid Ads,DE
INV901865,2024-04-08,C100990,Home & Kitchen,4,64.49,Organic Search,United Kingdom
INV902312,2023-05-27,C101250,Books,1,8.15,Email,Germany
INV903278,2023-12-25,C101770,Apparel,3,65.96,Email,Ireland
INV901808,2024-07-28,C100964,Apparel,2,77.68,Email,United Kingdom
INV901024,2023-08-27,C100524,Apparel,3,47.38,Paid Ads,UK
INV902909,2024-07-24,C101553,Apparel,3,87.13,Referral,DE
INV902448,2024-07-04,C101319,Toys,3,20.74,Organic Search,france
INV901181,2024-08-27,C100614,Toys,2,62.57,Referral,united kingdom
INV902185,2023-11-17,C101176,Electronics,3,447.53,Social,UK
INV900374,2024-01-26,C100202,Sports & Outdoors,4,82.25,Referral,United Kingdom
INV902427,2024-06-02,,Office Supplies,5,18.0,Paid Ads, United Kingdom
INV901704,2024-08-01,C100892,Books,2,30.72,Organic Search,US
INV902055,2024-07-14,,Sports & Outdoors,3,69.5,Organic Search,France
INV900544,2024-01-08,C100281,Sports & Outdoors,4,69.18,Organic Search,UK
INV902617,2023-07-15,C101409,Beauty,3,49.83,Referral,germany
INV902498,2024-01-12,C101340,Home & Kitchen,1,137.67,Organic Search,Germany
INV901262,2024-06-02,C100660,Electronics,1,570.27,Social,united kingdom
INV902598,2023-07-20,C101399,Books,2,21.05,Email,Ireland
INV901123,2024-02-20,C100586,Beauty,4,33.93,Social,France
INV903044,2024-03-13,C101647,Toys,2,13.95,Organic Search,United States
INV901051,2024-09-19,C100544,Home & Kitchen,2,51.52,Organic Search,united kingdom
INV900724,2023-11-22,C100375,Sports & Outdoors,5,86.26,Paid Ads,ireland
INV900415,2023-10-28,C100221,Apparel,3,42.03,Organic Search,UK
INV901792,2023-09-05,C100953,Books,5,29.69,Referral,United Kingdom
INV901360,2024-07-19,C100721,Toys,1,57.03,Paid Ads, United Kingdom
INV902719,2024-05-03,C101460,Toys,5,23.3,Referral,germany
INV901730,2024-07-12,C100910,Office Supplies,4,36.68,Organic Search,france
INV900674,2023-09-17,,Books,4,29.05,Organic Search, United Kingdom
INV900419,2024-03-28,,Office Supplies,3,2181.1858972234095,Referral,united kingdom
INV901992,2024-11-09,C101063,Office Supplies,5,14.53,Organic Search, United Kingdom
INV900687,2024-09-17,C100355,Books,5,30.91,Referral,DE
INV900015,2023-03-21,C100009,Toys,1,13.68,Organic Search,france
INV902932,2024-03-08,C101564,Home & Kitchen,3,52.99,Organic Search,france
INV902888,2024-11-26,C101535,Sports & Outdoors,1,101.89,Social,United Kingdom
INV903087,2023-11-01,C101664,Office Supplies,3,3.59,Email,United States
INV902755,2024-03-22,C101476,Electronics,5,305.32,Referral,France
INV900996,2023-06-13,,Toys,2,37.89,Referral,US
INV901895,2023-07-24,C101010,Electronics,2,229.88,Organic Search,USA
INV903304,2023-05-26,C101786,Office Supplies,5,20.66,Organic Search,united states
INV900420,2024-07-18,C100222,Apparel,4,31.17,Referral,UK
INV901231,2023-12-12,C100646,Electronics,1,75.81,Organic Search,US
INV901532,2023-07-05,C100813,Apparel,4,79.2,Referral,Ireland
INV900915,2024-04-02,C100472,Apparel,3,78.38,Paid Ads,France
INV902104,2023-07-21,C101121,Apparel,2,22.18,Organic Search,France
INV901503,2024-01-10,C100799,Books,5,16.68,Email,USA
INV902343,2024-05-06,C101273,Sports & Outdoors,3,130.27,Organic Search,United Kingdom
INV901039,2024-03-07,C100536,Sports & Outdoors,5,58.81,Organic Search,ireland
INV903040,2024-09-19,C101640,Electronics,4,544.13,Paid Ads, United Kingdom
INV902886,2024-09-12,C101533,Beauty,1,56.79,Paid Ads,united states
INV901589,2024-05-12,C100843,Office Supplies,2,16.68,Social,united kingdom
INV901868,2023-05-09,C100992,Apparel,3,24.1,Paid Ads,United Kingdom
INV900034,2023-04-23,C100017,Office Supplies,2,30.26,Organic Search,Ireland
INV900529,2023-09-26,C100274,Toys,3,33.83,Paid Ads,DE
INV900869,2024-10-12,C100442,Home & Kitchen,3,62.6,Paid Ads,Ireland
INV900342,2024-05-15,C100183,Books,1,30.01,Referral,United Kingdom
INV901592,2023-08-28,C100844,Office Supplies,1,6.83,Email,united kingdom
INV902846,2023-10-09,C101514,Office Supplies,1,18.15,Paid Ads,germany
INV901756,2024-05-07,C100930,Books,3,28.16,Paid Ads, United Kingdom
INV900161,2024-04-18,C100085,Office Supplies,1,8.73,Social,France
INV900180,2024-04-13,C100095,Beauty,3,49.69,Paid Ads,Germany
INV902555,2024-04-25,C101371,Books,4,31.12,Email,France
INV901964,2023-12-25,C101043,Apparel,4,15.78,Organic Search,germany
INV901544,2024-07-13,C100818,Books,1,28.33,Email,Germany
INV901110,2024-05-05,C100577,Sports & Outdoors,2,132.84,Social,germany
INV901343,2024-11-10,C100711,Office Supplies,2,16.75,Referral,united kingdom
INV903201,2024-07-28,,Books,4,12.19,Organic Search,united kingdom
INV901873,2024-06-24,C100995,Home & Kitchen,3,65.16,Organic Search,DE
INV900050,2024-03-09,C100025,Home & Kitchen,1,99.71,Organic Search,United States
INV902744,2024-08-13,C101470,Books,2,18.02,Paid Ads,Ireland
INV901620,2023-07-14,C100857,Beauty,3,13.02,Social,Ireland
INV902586,2024-10-15,C101392,Sports & Outdoors,2,133.32,Email,US
INV903182,2024-06-28,C101722,Books,4,27.92,Organic Search,France
INV902533,2024-06-09,C101358,Apparel,5,47.17,Organic Search,UK
INV900616,2024-01-25,C100314,Books,1,13.47,Organic Search,UK
INV901818,2024-05-03,C100967,Toys,1,15.53,Organic Search,united kingdom
INV902943,2023-10-20,C101571,Electronics,4,512.99,Referral,DE
INV900015,2023-03-21,C100009,Sports & Outdoors,2,31.54,Organic Search,france
INV901779,2023-06-10,C100947,Beauty,1,21.46,Email, United Kingdom
INV903237,2024-11-03,C101745,Sports & Outdoors,5,135.61,Referral,Germany
INV900979,2023-11-04,C100508,Apparel,5,66.96,Referral,UK
INV902044,2024-12-28,C101087,Apparel,3,66.82,Email,UK
INV902435,2024-12-23,C101316,Apparel,3,86.66,Organic Search,united kingdom
INV900979,2023-11-04,C100508,Books,3,8.04,Referral,UK
INV903153,2024-04-03,C101713,Office Supplies,2,6.7,Referral,united kingdom
INV900627,2024-12-16,C100323,Home & Kitchen,1,54.17,Email,DE
INV902048,2023-11-28,C101090,Sports & Outdoors,1,153.38,Organic Search,UK
INV902452,2023-11-01,C101322,Electronics,4,278.52,Paid Ads,United Kingdom
INV901096,2023-05-19,C100573,Electronics,4,130.94,Paid Ads,france
INV902003,2024-09-20,C101067,Apparel,5,45.23,Referral,UK
INV901309,2024-09-17,C100692,Apparel,3,34.05,Social,Ireland
INV902286,2024-07-23,C101230,Sports & Outdoors,5,168.96,Organic Search,DE
INV902389,2023-06-10,C101296,Apparel,3,40.25,Organic Search,united kingdom
INV901412,2023-11-22,C100757,Toys,4,14.4,Referral,Ireland
INV901620,2023-07-14,C100857,Beauty,3,49.44,Social,Ireland
INV901428,2024-07-14,C100763,Books,3,19.0,Organic Search, United Kingdom
INV903154,2024-07-14,C101713,Toys,3,42.76,Referral,United Kingdom
INV901828,2023-06-11,C100970,Beauty,4,49.55,Organic Search,United Kingdom
INV901287,2024-05-14,C100674,Home & Kitchen,1,37.51,Organic Search,germany
INV903248,2023-09-20,C101756,Sports & Outdoors,1,145.82,Paid Ads, United Kingdom
INV902926,2024-03-01,,Sports & Outdoors,3,109.36,Referral,Ireland
INV903285,2023-07-24,C101776,Electronics,5,331.65,Paid Ads,Germany
INV901730,2024-07-12,C100910,Books,3,17.08,Organic Search,france
INV901548,2023-02-13,C100820,Books,4,22.14,Organic Search,DE
INV901944,2024-01-22,C101030,Home & Kitchen,5,83.17,Email,Ireland
INV901526,2024-06-25,C100811,Electronics,4,545.73,Paid Ads,france
INV900679,2024-04-09,C100351,Office Supplies,3,26.58,Organic Search, United Kingdom
INV901302,2024-05-18,C100686,Apparel,3,77.54,Paid Ads,germany
INV901134,2024-11-25,C100590,Books,4,6.17,Organic Search,united kingdom
INV901109,2024-05-21,C100577,Office Supplies,3,39.67,Social,germany
INV900646,2024-07-24,C100335,Books,1,34.54,Organic Search,france
INV903248,2023-09-20,C101756,Books,1,18.44,Paid Ads, United Kingdom
INV900196,2024-04-22,C100103,Beauty,4,42.42,Organic Search,Germany
INV901879,2024-12-19,C100998,Electronics,1,50.76,Organic Search,UK
INV901126,2024-05-04,C100588,Toys,1,33.35,Referral,United Kingdom
INV902337,2023-12-14,C101270,Office Supplies,1,13.32,Paid Ads,Ireland
INV901327,2023-04-08,C100703,Books,3,22.4,Referral,Ireland
INV901602,2024-01-06,C100849,Apparel,2,44.85,Paid Ads,USA
INV900482,2024-05-01,C100246,Toys,3,58.33,Email,UK
INV902010,2024-02-06,C101073,Office Supplies,3,31.14,Paid Ads,United States
INV902430,2024-08-03,C101314,Beauty,4,21.71,Social,Germany
INV902684,2023-11-20,C101449,Home & Kitchen,2,80.8,Organic Search,UK
INV900563,2024-05-05,C100296,Beauty,5,17.22,Organic Search,France
INV902995,2024-11-17,C101608,Toys,4,65.2,Paid Ads,ireland
INV900770,2024-06-12,C100395,Apparel,1,56.39,Paid Ads, United Kingdom
INV901077,2023-05-21,C100566,Beauty,5,25.99,Paid Ads,UK
INV900751,2024-08-23,C100387,Home & Kitchen,4,104.97,Paid Ads,germany
INV900145,2023-11-06,C100075,Sports & Outdoors,3,41.46,Email, United Kingdom
INV902752,2024-08-10,C101474,Sports & Outdoors,1,26.33,Paid Ads,united states
INV902330,2024-04-19,C101264,Books,2,25.39,Referral,united kingdom
INV900401,2023-03-13,C100217,Office Supplies,4,32.58,Referral,USA
INV900525,2024-04-18,C100269,Sports & Outdoors,2,130.44,Organic Search,UK
INV901655,2023-11-28,C100875,Office Supplies,5,11.91,Paid Ads,UK
INV901055,2024-11-24,C100546,Toys,4,36.64,Social, United Kingdom
INV901956,2024-05-08,C101037,Toys,2,31.5,Email,france
INV900591,2023-12-10,C100304,Toys,4,69.59,Organic Search, United Kingdom
INV903223,2023-04-18,C101738,Office Supplies,3,28.06,Referral, United Kingdom
INV902724,2023-03-12,C101463,Office Supplies,-5,25.56,Referral,united kingdom
INV900132,2023-09-27,C100064,Home & Kitchen,5,127.36,Social,UK
INV902375,2023-11-27,C101288,Electronics,5,189.88,Organic Search,Ireland
INV901435,2024-12-06,C100765,Home & Kitchen,3,90.11,Referral,US
INV902104,2023-07-21,C101121,Beauty,3,42.01,Organic Search,France
INV900567,2024-12-08,C100296,Sports & Outdoors,4,32.4,Organic Search,France
INV901624,2024-10-18,C100858,Apparel,2,77.62,Social,france
INV902488,2023-10-26,,Electronics,2,578.55,Paid Ads,US
INV901594,2023-12-14,C100844,Home & Kitchen,4,96.15,Email,united kingdom
INV900037,2024-05-13,C100018,Books,4,26.2,Organic Search,UK
INV902091,2023-12-28,C101114,Sports & Outdoors,4,72.05,Paid Ads,DE
INV902994,2023-12-02,C101607,Toys,3,56.69,Social, United Kingdom
INV900750,2023-11-01,,Apparel,3,72.5,Paid Ads,UK
INV901062,2023-09-05,C100553,Sports & Outdoors,1,56.98,Social,DE
INV902151,2024-12-21,C101153,Apparel,4,36.83,Referral,united kingdom
INV902432,2023-12-28,C101315,Home & Kitchen,4,89.62,Organic Search,DE
INV900758,2023-12-02,C100389,Books,4,9.83,Paid Ads,ireland
INV900984,2024-10-14,C100508,Home & Kitchen,4,66.1,Referral,UK
INV900451,2024-01-19,C100234,Beauty,5,27.71,Social,France
INV902915,2024-05-09,C101554,Books,4,5.65,Email,united states
INV900962,2024-06-25,C100501,Apparel,4,24.56,Organic Search,Ireland
INV901945,2024-06-03,C101032,Office Supplies,2,36.45,Referral,germany
INV900748,2023-12-28,C100385,Books,2,15.88,Social,United Kingdom
INV902668,2023-11-27,C101441,Apparel,2,75.49,Organic Search,DE
INV902291,2023-04-09,C101237,Office Supplies,5,29.62,Referral,France
INV902842,2024-01-13,C101513,Apparel,1,59.54,Paid Ads,United Kingdom
INV901489,2023-11-17,C100791,Home & Kitchen,3,77.21,Social,United Kingdom
INV900674,2023-09-17,C100351,Sports & Outdoors,4,192.13,Organic Search, United Kingdom
INV900764,2023-08-01,C100391,Beauty,2,53.21,Email,Ireland
INV900516,2023-08-08,C100267,Toys,1,49.34,Paid Ads, United Kingdom
INV902677,2024-10-06,,Apparel,2,83.69,Email,Germany
INV902738,2024-11-14,C101466,Electronics,2,109.33,Organic Search,United Kingdom
INV903033,2024-04-20,C101636,Sports & Outdoors,5,62.76,Referral,United Kingdom
INV902538,2023-04-05,C101361,Apparel,2,45.04,Social,France
INV902156,2023-12-21,C101154,Office Supplies,4,24.99,Paid Ads,france
INV901150,2024-04-24,C100597,Books,2,34.66,Email,Germany
INV900587,2024-12-04,C100302,Home & Kitchen,1,52.77,Referral,United Kingdom
INV902129,2024-06-21,C101137,Home & Kitchen,1,70.16,Organic Search, United Kingdom
INV902648,2024-09-17,C101430,Books,3,25.88,Paid Ads,france
INV901754,2023-12-24,C100930,Toys,1,32.67,Paid Ads,United Kingdom
INV901573,2023-10-07,,Home & Kitchen,2,130.17,Organic Search,UK
INV901343,2024-11-10,C100711,Toys,3,64.95,Referral,united kingdom
INV900367,2023-12-23,C100196,Home & Kitchen,1,119.8,Organic Search,ireland
INV902934,2024-01-14,,Office Supplies,2,32.81,Email,germany
INV902974,2023-05-27,C101593,Toys,1,21.1,Social,germany
INV901425,2024-06-27,C100761,Beauty,1,41.0,Email,USA
INV900840,2024-03-14,C100428,Home & Kitchen,4,53.98,Organic Search,france
INV900149,2024-04-22,C100079,Beauty,5,23.37,Organic Search,united kingdom
INV900519,2024-04-12,C100268,Toys,3,49.66,Referral,DE
INV903278,2023-12-25,C101770,Home & Kitchen,5,29.92,Email,Ireland
INV903027,2023-12-22,C101632,Apparel,5,52.55,Email, United Kingdom
INV901034,2024-11-24,C100535,Sports & Outdoors,2,66.28,Social,United Kingdom
INV901226,2024-06-24,C100644,Toys,5,69.2,Paid Ads,DE
INV902285,2024-06-23,C101230,Apparel,3,33.01,Organic Search,DE
INV901953,2024-08-21,C101035,Office Supplies,2,39.35,Organic Search,Ireland
INV900929,2024-05-13,C100479,Beauty,3,32.59,Paid Ads,Germany
INV901194,2023-12-09,C100621,Office Supplies,3,42.19,Paid Ads,germany
INV901425,2024-06-27,C100761,Apparel,1,59.37,Email,USA
INV902342,2024-05-13,C101273,Electronics,1,127.36,Organic Search, United Kingdom
INV900816,2023-09-12,C100413,Electronics,1,410.47,Organic Search,France
INV902372,2023-07-23,C101288,Apparel,-1,72.17,Organic Search,Ireland
INV901870,2024-08-28,C100994,Home & Kitchen,2,45.71,Organic Search,united states
INV900761,2024-03-03,C100390,Books,3,9.59,Paid Ads,USA
INV900180,2024-04-13,C100095,Home & Kitchen,5,100.9,Paid Ads,Germany
INV903138,2024-09-02,C101704,Office Supplies,1,43.51,Organic Search,Germany
INV902642,2024-05-13,C101423,Home & Kitchen,5,84.66,Organic Search,UK
INV901353,2023-10-26,C100717,Apparel,5,85.17,Paid Ads,US
INV902455,2024-06-09,C101323,Sports & Outdoors,2,196.07,Organic Search,Ireland
INV900303,2023-11-19,C100162,Apparel,5,52.92,Organic Search, United Kingdom
INV901342,2024-05-21,C100711,Books,3,8.49,Referral, United Kingdom
INV902347,2024-02-01,C101276,Books,5,23.14,Paid Ads, United Kingdom
INV901504,2024-06-18,C100800,Home & Kitchen,3,117.7,Social,united kingdom
INV902391,2023-08-16,C101296,Office Supplies,4,18.94,Organic Search, United Kingdom
INV903055,2023-05-27,C101652,Apparel,2,17.12,Email,France
INV901429,2024-11-28,C100763,Beauty,2,34.92,Organic Search, United Kingdom
INV901162,2024-01-03,C100606,Beauty,2,26.39,Email, United Kingdom
INV901109,2024-05-21,C100577,Beauty,3,18.98,Social,germany
INV900085,2024-03-13,C100043,Electronics,1,542.54,Paid Ads,United States
INV901024,2023-08-27,C100524,Apparel,5,79.07,Paid Ads,UK
INV901056,2023-11-21,C100548,Apparel,3,86.94,Email,United States
INV900051,2024-10-23,C100027,Electronics,3,109.94,Referral,United Kingdom
INV900872,2024-01-28,C100444,Apparel,3,,Social,US
INV902391,2023-08-16,C101296,Sports & Outdoors,5,76.78,Organic Search, United Kingdom
INV901711,2024-05-20,C100897,Sports & Outdoors,5,66.86,Organic Search,USA
INV900992,2024-11-01,C100513,Beauty,5,57.79,Social,DE
INV902326,2023-08-09,C101264,Beauty,5,10.32,Referral, United Kingdom
INV900464,2023-03-19,C100240,Sports & Outdoors,5,173.27,Paid Ads,ireland
INV900455,2024-05-22,C100234,Books,2,26.1,Social,france
INV902402,2023-09-06,C101299,Office Supplies,3,37.49,Email,united kingdom
INV901314,2023-10-04,C100694,Books,4,24.04,Referral,United States
INV901793,2023-09-10,C100953,Electronics,5,235.19,Referral,united kingdom
INV902509,2024-05-01,C101343,Office Supplies,1,15.75,Organic Search,ireland
INV903169,2024-07-17,C101718,Toys,3,9.96,Referral,United Kingdom
INV900263,2023-08-18,C100138,Toys,1,29.7,Paid Ads,United Kingdom
INV902724,2023-03-12,C101463,Electronics,3,425.36,Referral,united kingdom
INV900269,2023-07-07,C100142,Toys,4,69.17,Email,DE
INV902029,2024-06-24,C101079,Electronics,1,232.25,Organic Search,ireland
INV901130,2024-05-08,C100589,Apparel,4,11.46,Paid Ads,Germany
INV903251,2023-12-21,C101760,Office Supplies,5,17.51,Referral,Germany
INV902461,2024-11-04,C101325,Toys,1,68.31,Organic Search,Ireland
INV901795,2023-11-22,C100953,Office Supplies,5,11.28,Referral,United Kingdom
INV903319,2024-05-15,C101795,Office Supplies,5,40.14,Organic Search,united kingdom
INV900346,2023-11-13,C100185,Home & Kitchen,5,20.83,Email, United Kingdom
INV900403,2023-08-21,C100217,Home & Kitchen,4,37.36,Referral,USA
INV901428,2024-07-14,C100763,Beauty,1,16.23,Organic Search, United Kingdom
INV902579,2023-07-26,C101390,Toys,3,6.72,Social,United Kingdom
INV901857,2024-02-03,C100985,Apparel,2,26.47,Paid Ads, United Kingdom
INV901560,2024-03-09,C100826,Office Supplies,2,13.66,Paid Ads,UK
INV900645,2024-06-20,C100333,Beauty,4,18.59,Email,united kingdom
INV900063,2024-06-15,C100034,Apparel,5,70.59,Referral,united kingdom
INV902810,2023-12-21,C101498,Home & Kitchen,2,98.58,Organic Search,UK
INV901621,2024-05-02,C100858,Toys,4,36.27,Social,France
INV900422,2024-12-28,C100223,Sports & Outdoors,5,154.72,Organic Search,France
INV902818,2023-06-12,C101502,Books,4,16.37,Referral,UK
INV901711,2024-05-20,C100897,Books,2,16.06,Organic Search,USA
INV901177,2023-10-16,C100613,Beauty,1,58.9,Email,france
INV900313,2023-05-12,C100169,Books,5,20.87,Paid Ads,United Kingdom
INV900330,2024-07-24,,Sports & Outdoors,3,18.62,Email,germany
INV900477,2023-07-13,,Books,1,25.4,Paid Ads, United Kingdom
INV900020,2024-09-21,C100011,Apparel,5,82.03,Referral,UK
INV901785,2023-11-03,C100949,Electronics,4,396.59,Referral,united states
INV900992,2024-11-01,C100513,Office Supplies,1,5.86,Social,DE
INV900877,2023-08-20,C100446,Sports & Outdoors,4,93.13,Paid Ads,france
INV902392,2024-01-24,C101296,Office Supplies,4,3.72,Organic Search,United Kingdom
INV902641,2024-03-20,C101423,Sports & Outdoors,4,89.45,Organic Search, United Kingdom
INV900501,2023-09-25,C100257,Home & Kitchen,4,145.07,Organic Search, United Kingdom
INV901683,2024-06-01,C100884,Toys,1,8.74,Organic Search,Ireland
INV900914,2024-07-17,C100470,Home & Kitchen,4,68.36,Organic Search,ireland
INV902922,2024-11-03,C101555,Sports & Outdoors,4,127.13,Paid Ads,united kingdom
INV902175,2023-02-26,C101166,Office Supplies,2,7.93,Paid Ads,DE
INV900409,2024-04-13,C100218,Beauty,1,38.96,Organic Search,united kingdom
INV903015,2024-01-03,C101626,Office Supplies,5,37.73,Social,UK
INV900175,2024-05-17,C100091,Sports & Outdoors,3,24.27,Referral,United Kingdom
INV900224,2024-01-28,C100117,Beauty,1,46.08,Referral,germany
INV902853,2023-11-17,C101516,Books,5,34.34,Organic Search,France
INV902846,2023-10-09,C101514,Electronics,3,545.15,Paid Ads,germany
INV902417,2023-05-26,C101307,Toys,4,64.61,Paid Ads,United Kingdom
INV902541,2023-06-01,C101363,Sports & Outdoors,2,178.35,Organic Search,Germany
INV903143,2023-05-10,C101708,Electronics,3,164.44,Email,US
INV900288,2024-03-10,C100155,Sports & Outdoors,1,165.33,Email,ireland
INV903090,2024-06-12,C101668,Sports & Outdoors,4,,Email, United Kingdom
INV900864,2023-03-12,C100442,Apparel,1,62.91,Paid Ads,Ireland
INV901533,2023-10-17,C100813,Beauty,3,17.94,Referral,ireland
INV902101,2024-03-28,C101119,Electronics,5,451.74,Paid Ads,united states
INV902813,2024-10-28,C101499,Sports & Outdoors,1,88.22,Paid Ads, United Kingdom
INV900151,2024-10-21,C100080,Home & Kitchen,3,25.21,Social,UK
INV901239,2024-09-27,C100651,Books,4,26.02,Paid Ads,united kingdom
INV900522,2024-11-26,C100268,Toys,3,26.67,Referral,Germany
INV902661,2024-07-14,C101434,Electronics,4,150.13,Paid Ads,Germany
INV901535,2024-04-16,,Beauty,1,14.93,Organic Search,Ireland
INV902516,2024-08-15,C101347,Toys,4,35.9,Email,United Kingdom
INV902476,2024-05-18,C101331,Apparel,4,64.92,Email, United Kingdom
INV901091,2023-07-06,C100572,Sports & Outdoors,3,126.55,Organic Search,france
INV902044,2024-12-28,C101087,Toys,2,14.08,Email,UK
INV902920,2023-10-22,C101555,Books,1,21.12,Paid Ads,united kingdom
INV901983,2023-03-05,C101054,Sports & Outdoors,3,104.71,Social,germany
INV902460,2024-11-03,C101324,Apparel,1,18.72,Referral,United States
INV900949,2024-01-23,C100493,Home & Kitchen,5,66.8,Organic Search,France
INV901242,2023-12-05,C100654,Beauty,3,9.63,Organic Search,Germany
INV900891,2024-11-23,C100450,Home & Kitchen,4,45.37,Referral,united kingdom
INV900227,2023-06-02,C100118,Sports & Outdoors,1,30.8,Organic Search,germany
INV901884,2024-10-14,C101003,Sports & Outdoors,3,163.49,Organic Search,france
INV901222,2024-07-14,C100641,Apparel,5,40.96,Organic Search,United States
INV900743,2023-07-12,C100385,Electronics,3,101.16,Social,united kingdom
INV902679,2024-03-23,C101448,Electronics,2,132.86,Organic Search,germany
INV902568,2024-11-12,C101377,Toys,5,51.33,Organic Search,Germany
INV901513,2024-08-07,C100803,Sports & Outdoors,4,23.7,Email,France
INV900993,2024-11-13,C100513,Toys,1,37.51,Social,DE
INV900884,2024-03-27,C100448,Beauty,1,51.68,Paid Ads,United States
INV900770,2024-06-12,,Electronics,3,170.74,Paid Ads, United Kingdom
INV903140,2024-11-26,C101706,Home & Kitchen,1,69.37,Email,ireland
INV900775,2023-04-05,C100397,Electronics,3,565.66,Organic Search,United Kingdom
INV901017,2023-03-21,C100521,Home & Kitchen,3,46.42,Paid Ads,United States
INV901001,2023-11-18,C100518,Books,3,6.44,Referral,UK
INV901651,2023-03-07,C100873,Toys,5,37.07,Referral,germany
INV903240,2023-09-24,C101747,Toys,2,55.81,Referral,DE
INV900292,2024-04-05,C100159,Beauty,4,12.83,Email,DE
INV903314,2023-05-02,,Books,3,24.4,Organic Search,united kingdom
INV901862,2023-07-03,C100988,Apparel,1,48.03,Referral,france
INV902101,2024-03-28,C101119,Home & Kitchen,5,16.84,Paid Ads,united states
INV900646,2024-07-24,C100335,Apparel,5,37.11,Organic Search,france
INV903150,2024-09-23,C101712,Home & Kitchen,-4,10.6,Paid Ads,US
INV900325,2024-11-24,C100173,Office Supplies,5,7.61,Social,UK
INV902186,2024-04-24,C101176,Toys,5,60.13,Social,UK
INV902214,2023-12-01,C101185,Home & Kitchen,5,80.5,Organic Search, United Kingdom
INV902180,2024-05-05,C101170,Electronics,2,485.99,Referral,united kingdom
INV903070,2023-09-21,C101655,Office Supplies,5,5.05,Email,france
INV901888,2024-12-17,C101006,Beauty,5,,Paid Ads,united kingdom
INV901031,2024-05-10,C100533,Toys,3,55.67,Organic Search,united kingdom
INV900786,2023-12-06,C100404,Toys,1,12.76,Referral,France
INV903247,2023-07-19,C101756,Beauty,1,33.64,Paid Ads,United Kingdom
INV902432,2023-12-28,C101315,Home & Kitchen,3,67.63,Organic Search,DE
INV901935,2023-12-07,C101027,Office Supplies,3,41.95,Email, United Kingdom
INV902816,2024-04-26,C101500,Sports & Outdoors,1,27.64,Paid Ads,UK
INV900343,2024-07-17,C100183,Books,2,20.37,Referral, United Kingdom
INV902744,2024-08-13,C101470,Electronics,5,319.06,Paid Ads,Ireland
INV902117,2024-02-04,C101127,Electronics,3,112.02,Paid Ads,united kingdom
INV902989,2024-08-22,C101605,Books,5,21.57,Organic Search,United Kingdom
INV901761,2024-07-21,C100935,Beauty,2,32.03,Organic Search,United Kingdom
INV902406,2024-07-04,C101300,Apparel,4,65.16,Organic Search,france
INV900893,2023-12-12,C100452,Sports & Outdoors,1,64.88,Organic Search,united kingdom
INV902578,2024-09-24,,Sports & Outdoors,5,29.33,Organic Search, United Kingdom
INV901847,2024-02-06,C100983,Apparel,4,68.0,Email,germany
INV903221,2023-03-03,C101738,Office Supplies,2,23.13,Referral,UK
INV900058,2023-11-08,C100030,Office Supplies,3,11.08,Organic Search,united kingdom
INV902539,2023-09-03,C101362,Sports & Outdoors,4,13.17,Paid Ads,united kingdom
INV901386,2024-12-18,C100743,Office Supplies,2,34.64,Organic Search,United Kingdom
INV903144,2023-05-20,C101708,Sports & Outdoors,1,112.42,Email,USA
INV900180,2024-04-13,C100095,Toys,4,19.54,Paid Ads,Germany
INV903028,2024-05-13,C101632,Sports & Outdoors,-2,28.53,Email,United Kingdom
INV900014,2023-10-21,C100008,Home & Kitchen,4,21.64,Organic Search,united kingdom
INV902295,2023-11-22,C101237,Electronics,2,423.77,Referral,france
INV902071,2023-04-02,C101105,Home & Kitchen,5,59.98,Referral,United Kingdom
INV902393,2024-02-28,C101296,Apparel,5,24.7,Organic Search,UK
INV900207,2023-11-24,C100110,Toys,5,67.51,Email,united kingdom
INV900635,2023-05-06,C100328,Apparel,1,85.5,Social,france
INV903321,2023-06-05,C101797,Office Supplies,5,4.63,Organic Search,DE
INV901511,2024-07-16,C100803,Sports & Outdoors,3,104.44,Email,France
INV901246,2024-12-20,C100654,Books,5,22.8,Organic Search,Germany
INV903232,2023-05-13,C101744,Office Supplies,1,10.17,Organic Search,united kingdom
INV902542,2023-07-07,C101363,Beauty,2,26.99,Organic Search,DE
INV902660,2023-12-14,C101434,Books,1,7.21,Paid Ads,Germany
INV901555,2024-11-23,C100824,Beauty,5,18.57,Paid Ads,germany
INV901807,2024-08-04,C100963,Electronics,5,528.02,Paid Ads,France
INV900144,2024-11-26,C100073,Beauty,2,9.24,Social,united kingdom
INV901027,2024-08-02,C100528,Sports & Outdoors,5,59.87,Referral,France
INV901620,2023-07-14,C100857,Books,1,17.43,Social,Ireland
INV902367,2023-07-06,C101285,Books,1,17.71,Organic Search,united kingdom
INV900896,2023-12-14,C100454,Electronics,3,464.26,Referral, United Kingdom
INV901006,2024-03-07,C100518,Electronics,4,413.52,Referral,united kingdom
INV900226,2024-06-09,C100117,Office Supplies,5,3.71,Referral,germany
INV900197,2024-05-24,C100104,Office Supplies,5,36.95,Email,United Kingdom
INV901375,2024-06-09,C100733,Apparel,4,60.39,Email,united kingdom
INV901554,2024-11-23,C100824,Office Supplies,1,12.32,Paid Ads,Germany
INV900651,2023-12-19,C100338,Beauty,2,39.87,Organic Search,United Kingdom
INV901303,2024-01-13,C100687,Toys,1,33.63,Paid Ads,Ireland
INV902897,2023-12-26,C101541,Electronics,3,309.5,Organic Search,USA
INV902459,2024-11-20,C101324,Books,3,10.36,Referral,USA
INV902664,2024-07-06,C101436,Sports & Outdoors,3,111.75,Referral,germany
INV903182,2024-06-28,C101722,Office Supplies,5,42.9,Organic Search,France
INV902007,2023-08-11,C101071,Electronics,2,274.93,Social,Ireland
INV901485,2024-09-09,C100787,Apparel,4,71.78,Paid Ads,USA
INV902266,2024-05-17,,Office Supplies,2,24.88,Organic Search,USA
INV900886,2023-11-05,C100449,Books,4,17.99,Organic Search,United Kingdom
INV901193,2023-11-21,C100621,Office Supplies,3,36.89,Paid Ads,germany
INV901869,2024-08-13,C100994,Electronics,3,327.42,Organic Search,united states
INV902878,2024-07-19,C101529,Books,1,24.1,Referral, United Kingdom
INV901515,2023-11-25,C100806,Books,3,13.99,Organic Search,DE
INV903260,2023-12-03,C101764,Home & Kitchen,5,58.69,Paid Ads,UK
INV901252,2023-04-16,C100658,Sports & Outdoors,1,156.68,Email,france
INV900691,2023-11-24,C100356,Apparel,4,35.45,Referral,France
INV900164,2023-11-23,C100087,Office Supplies,5,7.77,Organic Search,Germany
INV902604,2023-07-09,C101403,Sports & Outdoors,2,114.24,Paid Ads,united kingdom
INV901853,2024-01-28,C100984,Apparel,3,60.64,Paid Ads, United Kingdom
INV901288,2023-12-09,C100676,Sports & Outdoors,2,146.61,Referral,united kingdom
INV901444,2024-02-02,C100770,Office Supplies,3,16.54,Organic Search,germany
INV902417,2023-05-26,C101307,Beauty,1,5.97,Paid Ads,United Kingdom
INV901407,2024-11-04,C100753,Office Supplies,2,14.98,Organic Search, United Kingdom
INV902932,2024-03-08,C101564,Beauty,2,30.44,Organic Search,france
INV900244,2023-12-08,C100128,Books,5,15.24,Email,USA
INV902734,2024-07-09,,Apparel,1,68.36,Email,France
INV903253,2023-03-07,C101762,Beauty,5,37.15,Paid Ads,United Kingdom
INV900048,2024-06-10,C100024,Home & Kitchen,1,112.23,Organic Search,United Kingdom
INV900135,2024-12-21,C100066,Beauty,4,7.6,Social,DE
INV902421,2024-06-04,C101309,Books,5,6.0,Organic Search,France
INV903234,2023-09-05,C101744,Books,2,18.08,Organic Search,united kingdom
INV900290,2023-12-07,C100156,Home & Kitchen,1,11.5,Social,France
INV900414,2024-08-10,C100220,Toys,1,29.91,Email,ireland
INV903243,2024-11-09,C101749,Toys,3,36.5,Referral, United Kingdom
INV903093,2024-05-26,C101669,Office Supplies,5,18.06,Social,Germany
INV902050,2023-12-03,C101090,Office Supplies,1,25.89,Organic Search,United Kingdom
INV901630,2024-09-13,C100863,Home & Kitchen,3,136.75,Organic Search,united kingdom
INV901982,2024-11-07,C101053,Books,3,32.43,Social,US
INV901470,2023-06-21,C100783,Apparel,5,12.67,Organic Search,germany
INV901249,2024-06-08,C100656,Toys,3,29.16,Social,Germany
INV902955,2023-04-23,C101578,Home & Kitchen,3,38.81,Paid Ads,UK
INV903186,2023-11-05,C101724,Home & Kitchen,1,119.3,Paid Ads,Germany
INV900824,2024-12-06,C100418,Electronics,2,185.99,Email,united kingdom
INV901881,2023-12-05,C101002,Books,5,29.07,Referral,Germany
INV900986,2024-09-23,C100510,Home & Kitchen,3,95.26,Referral,United Kingdom
INV900165,2024-04-03,,Toys,4,40.81,Paid Ads,Ireland
INV903175,2023-07-06,C101720,Sports & Outdoors,3,142.59,Referral,united kingdom
INV900779,2023-09-22,C100399,Electronics,3,129.6,Paid Ads,United Kingdom
INV900694,2024-10-09,C100357,Sports & Outdoors,3,146.78,Referral,united kingdom
INV901080,2023-06-26,C100567,Books,1,12.11,Organic Search,USA
INV903276,2023-04-24,C101769,Sports & Outdoors,3,173.59,Paid Ads,United Kingdom
INV901228,2023-07-16,C100645,Apparel,3,33.9,Paid Ads,france
INV901971,2024-11-26,C101045,Books,5,13.14,Social,france
INV902995,2024-11-17,C101608,Toys,3,19.94,Paid Ads,ireland
INV900231,2024-06-03,C100120,Office Supplies,4,33.16,Referral,United Kingdom
INV900048,2024-06-10,C100024,Apparel,4,29.95,Organic Search,United Kingdom
INV901367,2024-12-14,C100725,Electronics,5,236.06,Email,Germany
INV900904,2024-07-04,C100460,Electronics,4,52.93,Email,ireland
INV902249,2024-09-26,C101203,Books,4,14.74,Social,Germany
INV901213,2023-08-11,C100636,Books,2,9.37,Referral,Germany
INV900963,2024-08-03,C100502,Home & Kitchen,4,116.78,Social,Ireland
INV903289,2024-04-07,C101778,Beauty,1,13.54,Email,united states
INV902179,2024-01-14,C101167,Office Supplies,4,33.41,Social, United Kingdom
INV900091,2024-12-07,C100044,Toys,2,19.63,Paid Ads, United Kingdom
INV902585,2024-10-18,C101392,Electronics,2,104.45,Email,USA
INV902294,2023-09-25,C101237,Apparel,1,14.83,Referral,France
INV901960,2024-11-20,C101039,Beauty,4,12.26,Organic Search,Germany
INV902599,2023-10-13,C101399,Sports & Outdoors,3,124.51,Email,Ireland
INV901957,2023-09-12,C101038,Office Supplies,2,28.11,Organic Search,US
INV902584,2024-02-06,C101391,Toys,5,65.88,Email,united states
INV902987,2024-10-26,C101603,Electronics,1,281.31,Referral,UK
INV901823,2023-05-02,C100969,Office Supplies,4,22.55,Referral,Germany
INV902568,2024-11-12,C101377,Sports & Outdoors,1,129.75,Organic Search,Germany
INV903000,2024-04-26,C101613,Beauty,2,6.16,Organic Search,United States
INV902582,2023-11-03,C101391,Sports & Outdoors,4,179.68,Email,USA
INV902177,2023-08-03,C101167,Books,4,23.61,Social, United Kingdom
INV901207,2023-12-04,C100634,Apparel,3,40.35,Organic Search,united kingdom
INV901492,2024-11-16,C100794,Toys,5,32.28,Email,United Kingdom
INV901453,2023-09-20,C100776,Electronics,1,261.03,Email,United States
INV900510,2024-06-10,C100261,Office Supplies,4,5.92,Email,Ireland
INV901790,2023-09-22,C100951,Toys,2,29.44,Social, United Kingdom
INV902449,2024-08-02,C101319,Office Supplies,5,4.75,Organic Search,France
INV900582,2024-07-10,C100300,Sports & Outdoors,3,124.82,Paid Ads,United States
INV901750,2024-07-28,C100924,Sports & Outdoors,2,144.02,Email,France
INV902219,2024-03-08,C101187,Books,4,31.77,Paid Ads,United States
INV902182,2024-02-20,C101174,Sports & Outdoors,4,20.91,Paid Ads,Ireland
INV900092,2024-08-03,C100045,Office Supplies,3,4.52,Organic Search,United States
INV900001,2023-02-07,C100000,Books,4,5.1,Paid Ads,france
INV901923,2023-04-15,C101019,Sports & Outdoors,1,102.41,Social,Germany
INV902510,2024-08-01,C101345,Toys,1,43.43,Organic Search, United Kingdom
INV900206,2023-09-08,C100110,Apparel,2,58.46,Email,United Kingdom
INV901545,2024-07-12,C100818,Home & Kitchen,3,79.34,Email,Germany
INV900143,2024-10-09,C100073,Home & Kitchen,1,12.12,Social,UK
INV901904,2024-08-13,C101011,Toys,1,18.61,Organic Search,US
INV902334,2024-10-15,C101268,Sports & Outdoors,1,94.88,Paid Ads,germany
INV903305,2023-05-11,C101786,Electronics,4,447.57,Organic Search,US
INV900179,2023-10-20,C100095,Beauty,1,47.38,Paid Ads,Germany
INV902559,2023-11-26,C101372,Apparel,3,82.99,Referral, United Kingdom
INV902927,2023-12-13,C101561,Electronics,2,291.56,Email,USA
INV900217,2023-01-08,C100116,Books,1,29.03,Email, United Kingdom
INV902062,2023-11-14,C101100,Office Supplies,4,11.51,Referral,United Kingdom
INV901860,2023-10-11,C100987,Sports & Outdoors,5,124.83,Organic Search,Ireland
INV902957,2024-10-11,C101580,Electronics,4,575.62,Paid Ads, United Kingdom
INV900525,2024-04-18,C100269,Sports & Outdoors,5,12.96,Organic Search,UK
INV901567,2023-08-25,C100830,Books,3,6.03,Social,united kingdom
INV900114,2023-08-04,C100055,Sports & Outdoors,2,23.51,Referral,United States
INV900320,2023-10-10,C100171,Electronics,3,103.17,Email,germany
INV902966,2023-07-05,C101587,Office Supplies,2,27.44,Referral,united kingdom
INV902551,2024-05-21,C101369,Books,5,14.02,Referral,United Kingdom
INV900548,2024-07-25,C100283,Apparel,4,17.29,Organic Search,france
INV902232,2024-04-11,C101196,Electronics,4,547.96,Organic Search, United Kingdom
INV901323,2023-03-10,C100698,Beauty,1,14.91,Referral,France
INV900752,2023-04-25,C100389,Office Supplies,2,29.11,Paid Ads,Ireland
INV900243,2023-12-21,C100125,Home & Kitchen,5,11.63,Organic Search,France
INV901840,2023-08-28,C100976,Office Supplies,2,17.07,Organic Search,united kingdom
INV900682,2023-11-28,C100352,Apparel,3,87.98,Organic Search,france
INV902340,2024-02-05,,Beauty,5,25.59,Organic Search,united kingdom
INV903316,2023-06-07,C101795,Books,4,18.66,Organic Search,united kingdom
INV901307,2024-09-25,C100688,Electronics,1,553.29,Organic Search,germany
INV900152,2023-09-10,C100081,Toys,4,29.79,Referral,United Kingdom
INV902985,2023-07-20,C101603,Sports & Outdoors,3,108.21,Referral,UK
INV901379,2024-08-21,C100738,Toys,2,17.1,Organic Search,United Kingdom
INV902983,2023-08-15,C101600,Office Supplies,5,24.6,Organic Search,germany
INV900655,2024-06-16,C100343,Books,2,15.91,Organic Search,DE
INV901291,2023-11-18,C100678,Electronics,5,191.44,Social,DE
INV901253,2023-09-23,C100659,Toys,2,25.95,Referral,france
INV901014,2024-02-25,C100520,Sports & Outdoors,4,16.27,Email,UK
INV903036,2023-11-07,C101638,Electronics,1,496.58,Organic Search,germany
INV900328,2024-05-16,C100176,Beauty,1,8.29,Paid Ads,united kingdom
INV901935,2023-12-07,C101027,Books,3,12.84,Email, United Kingdom
INV901930,2023-10-26,C101025,Electronics,1,122.33,Organic Search,United States
INV900222,2023-08-05,C100117,Sports & Outdoors,5,71.91,Referral,DE
INV901262,2024-06-02,C100660,Sports & Outdoors,4,18.04,Social,united kingdom
INV901450,2024-03-04,C100773,Home & Kitchen,4,128.3,Organic Search, United Kingdom
INV901899,2024-04-13,C101011,Toys,2,49.51,Organic Search,united states
INV902730,2024-01-12,C101463,Electronics,3,596.69,Referral, United Kingdom
INV901400,2023-12-07,C100751,Beauty,3,33.79,Organic Search,DE
INV902656,2023-08-06,C101432,Electronics,1,183.5,Referral,germany
INV903207,2024-12-04,C101731,Office Supplies,4,9.79,Paid Ads,ireland
INV901095,2023-01-08,C100573,Apparel,5,21.58,Paid Ads,france
INV901828,2023-06-11,C100970,Books,1,33.29,Organic Search,United Kingdom
INV900657,2023-06-22,C100345,Home & Kitchen,1,16.1,Organic Search,ireland
INV901909,2023-12-28,C101012,Books,2,30.47,Social,Ireland
INV901335,2023-03-06,C100706,Apparel,2,71.91,Social,Germany
INV900764,2023-08-01,C100391,Sports & Outdoors,1,13.16,Email,Ireland
INV900830,2024-04-20,C100423,Beauty,5,56.63,Referral,DE
INV900272,2023-10-04,C100143,Office Supplies,1,23.25,Email,UK
INV901196,2023-07-20,C100622,Toys,2,15.19,Referral,france
INV900388,2024-05-26,C100211,Home & Kitchen,3,23.87,Paid Ads,UK
INV902857,2024-01-11,C101518,Books,1,30.06,Organic Search,Ireland
INV902537,2023-08-12,C101360,Books,3,33.25,Email,Ireland
INV900686,2024-09-27,C100355,Office Supplies,5,10.98,Referral,DE
INV903279,2024-03-03,C101771,Beauty,4,59.99,Paid Ads,UK
INV901896,2023-08-14,C101010,Beauty,4,17.83,Organic Search,US
INV901716,2024-02-22,C100902,Toys,5,17.77,Organic Search,Germany
INV902415,2024-03-11,C101306,Home & Kitchen,4,124.5,Email,germany
INV901412,2023-11-22,,Electronics,3,553.92,Referral,Ireland
INV902251,2024-10-20,C101204,Electronics,2,133.18,Email,United Kingdom
INV900429,2024-07-04,C100226,Beauty,-2,25.21,Paid Ads,france
INV902757,2023-09-12,C101477,Office Supplies,4,23.36,Email,ireland
INV901131,2024-12-09,C100589,Electronics,1,86.67,Paid Ads,germany
INV900842,2024-05-28,C100432,Home & Kitchen,2,13.83,Paid Ads,united kingdom
INV901558,2023-03-08,C100825,Office Supplies,5,41.02,Organic Search,germany
INV900741,2023-05-24,C100385,Apparel,4,66.88,Social,United Kingdom
INV900630,2023-06-15,C100325,Beauty,5,36.87,Referral,United Kingdom
INV901717,2023-11-05,C100904,Toys,5,23.63,Email,ireland
INV902653,2023-08-22,C101431,Electronics,-2,235.86,Paid Ads,france
INV903238,2024-12-21,C101745,Sports & Outdoors,3,83.41,Referral,germany
INV900914,2024-07-17,C100470,Office Supplies,2,16.01,Organic Search,ireland
INV903299,2024-08-12,C101784,Sports & Outdoors,4,62.81,Organic Search,united states
INV901887,2024-10-20,C101005,Office Supplies,4,35.78,Paid Ads,UK
INV902135,2024-11-10,C101142,Sports & Outdoors,4,193.9,Email,France
INV902982,2023-07-17,C101600,Toys,3,40.84,Organic Search,germany
INV900523,2024-12-05,C100268,Sports & Outdoors,5,103.84,Referral,Germany
INV900358,2024-08-25,C100194,Office Supplies,4,32.07,Paid Ads,Ireland
INV901063,2024-08-27,C100554,Home & Kitchen,1,96.65,Paid Ads, United Kingdom
INV900392,2024-11-13,C100212,Toys,5,12.12,Email,germany
INV901645,2024-10-09,C100868,Home & Kitchen,4,124.62,Organic Search,United States
INV901512,2024-08-20,C100803,Electronics,1,217.59,Email,France
INV900057,2023-11-16,C100030,Home & Kitchen,2,139.96,Organic Search,United Kingdom
INV902384,2024-07-04,C101291,Toys,3,16.35,Paid Ads,DE
INV900294,2024-10-09,C100159,Electronics,5,123.71,Email,DE
INV900271,2024-03-22,C100142,Apparel,5,22.11,Email,germany
INV903156,2024-11-04,C101713,Electronics,5,69.32,Referral,UK
INV902211,2023-07-05,C101185,Apparel,4,8.7,Organic Search, United Kingdom
INV902394,2024-08-06,C101296,Home & Kitchen,1,36.83,Organic Search,UK
INV902002,2024-02-21,C101067,Toys,1,40.77,Referral,UK
INV901119,2023-06-28,C100582,Sports & Outdoors,5,12.65,Paid Ads,United Kingdom
INV900212,2024-12-04,C100111,Books,2,7.91,Paid Ads,USA
INV902087,2024-12-09,C101112,Sports & Outdoors,3,89.74,Organic Search,Germany
INV901371,2023-10-22,C100731,Sports & Outdoors,5,32.53,Referral,germany
INV900914,2024-07-17,C100470,Beauty,1,57.13,Organic Search,ireland
INV900720,2023-06-23,C100375,Toys,5,18.45,Paid Ads,ireland
INV901155,2024-05-20,C100598,Home & Kitchen,5,143.66,Paid Ads,germany
INV901919,2024-01-13,C101013,Apparel,1,13.01,Paid Ads,USA
INV900973,2024-11-22,C100506,Toys,2,24.79,Social,united kingdom
INV901810,2023-12-09,C100965,Beauty,5,40.05,Referral,UK
INV901722,2024-01-24,C100906,Apparel,4,12.89,Organic Search,United Kingdom
INV900704,2023-12-13,C100366,Electronics,-3,153.26,Organic Search,united kingdom
INV901200,2023-11-01,C100628,Books,4,31.12,Organic Search,DE
INV902889,2024-10-23,C101536,Toys,1,53.61,Paid Ads, United Kingdom
INV902088,2023-06-02,C101113,Beauty,3,49.75,Paid Ads,UK
INV902805,2023-12-28,C101496,Apparel,2,61.76,Organic Search,United Kingdom
INV903311,2024-06-09,C101790,Electronics,5,286.32,Social,germany
INV903137,2024-08-18,C101704,Beauty,4,26.65,Organic Search,DE
INV901379,2024-08-21,C100738,Toys,4,60.89,Organic Search,United Kingdom
INV901139,2024-11-13,C100594,Toys,5,56.83,Paid Ads,Germany
INV902426,2024-08-23,C101312,Electronics,2,556.51,Referral,ireland
INV903107,2023-12-13,C101676,Electronics,3,411.42,Email,France
INV900372,2023-12-12,C100200,Sports & Outdoors,1,82.92,Organic Search,United Kingdom
INV901801,2024-02-18,,Sports & Outdoors,4,116.34,Organic Search,united kingdom
INV901228,2023-07-16,C100645,Toys,4,65.29,Paid Ads,france
INV901873,2024-06-24,C100995,Home & Kitchen,5,115.77,Organic Search,DE
INV901713,2023-01-26,C100900,Books,2,16.48,Email,united kingdom
INV900905,2023-09-01,C100461,Books,3,18.75,Paid Ads,Ireland
INV903126,2023-09-22,C101693,Home & Kitchen,3,19.59,Organic Search,france
INV900466,2024-05-24,C100241,Apparel,2,85.97,Referral,united kingdom
INV901046,2024-05-22,C100540,Sports & Outdoors,1,174.1,Organic Search,United States
INV902379,2024-07-15,C101288,Electronics,1,256.73,Organic Search,Ireland
INV900900,2024-04-18,C100455,Office Supplies,2,42.12,Organic Search,UK
INV900319,2023-06-17,C100171,Apparel,3,28.2,Email,DE
INV903042,2023-10-01,C101644,Apparel,1,61.29,Paid Ads,france
INV901560,2024-03-09,C100826,Toys,4,48.04,Paid Ads,UK
INV903316,2023-06-07,C101795,Books,2,19.63,Organic Search,united kingdom
INV900158,2024-10-09,C100083,Sports & Outdoors,1,28.35,Paid Ads,UK
INV901525,2024-07-18,C100808,Electronics,3,99.87,Referral,france
INV902429,2024-12-08,C101313,Sports & Outdoors,1,24.66,Paid Ads,UK
INV901707,2024-11-19,C100894,Sports & Outdoors,5,87.53,Social,united kingdom
INV901829,2023-07-19,C100970,Sports & Outdoors,2,16.76,Organic Search,UK
INV902993,2023-12-17,C101607,Office Supplies,4,43.19,Social, United Kingdom
INV901282,2024-09-12,C100670,Electronics,3,249.04,Paid Ads,USA
INV902244,2024-12-02,C101201,Beauty,4,32.55,Organic Search,united states
INV900573,2024-02-28,C100297,Beauty,2,59.54,Email,United Kingdom
INV901666,2023-12-09,C100878,Office Supplies,1,42.64,Paid Ads,US
INV902731,2024-03-11,C101463,Apparel,1,71.65,Referral, United Kingdom
INV902538,2023-04-05,C101361,Books,1,10.27,Social,France
INV900311,2023-12-27,C100168,Apparel,1,14.72,Organic Search,ireland
INV900171,2024-06-14,C100090,Books,1,8.54,Email,United States
INV902514,2024-04-08,C101347,Office Supplies,2,7.78,Email, United Kingdom
INV901478,2023-12-17,C100784,Office Supplies,5,28.91,Organic Search,france
INV900117,2023-11-15,C100056,Apparel,2,85.03,Referral,USA
INV902167,2024-08-17,C101161,Books,5,18.88,Organic Search,United Kingdom
INV900719,2023-04-22,C100375,Electronics,-2,510.46,Paid Ads,Ireland
INV901057,2024-09-07,C100548,Books,1,32.71,Email,USA
INV902781,2024-11-28,C101485,Sports & Outdoors,5,100.29,Referral,USA
INV901147,2024-05-17,C100596,Home & Kitchen,5,146.74,Referral,united states
INV901446,2024-06-05,C100770,Apparel,1,79.38,Organic Search,DE
INV901669,2024-07-05,C100879,Beauty,5,16.49,Paid Ads,UK
INV902578,2024-09-24,C101389,Books,2,5.27,Organic Search, United Kingdom
INV902646,2024-03-11,C101426,Beauty,1,28.15,Organic Search,DE
INV900189,2023-07-02,C100101,Office Supplies,2,21.54,Paid Ads,DE
INV900953,2024-06-20,C100495,Home & Kitchen,3,124.98,Organic Search,United Kingdom
INV902182,2024-02-20,C101174,Home & Kitchen,1,30.57,Paid Ads,Ireland
INV902928,2024-01-17,C101561,Home & Kitchen,4,42.88,Email,USA
INV900575,2024-10-08,C100297,Beauty,3,13.14,Email,United Kingdom
INV902163,2024-01-14,C101159,Beauty,4,53.98,Organic Search,United Kingdom
INV903282,2024-03-23,C101773,Home & Kitchen,2,135.83,Paid Ads, United Kingdom
INV900785,2023-10-22,C100404,Home & Kitchen,1,88.95,Referral,france
INV902526,2024-04-01,C101356,Toys,5,24.0,Social,UK
INV900884,2024-03-27,,Books,2,18.71,Paid Ads,United States
INV902632,2024-09-25,C101418,Home & Kitchen,4,121.57,Paid Ads,United Kingdom
INV903119,2024-04-12,C101687,Office Supplies,5,40.98,Organic Search,UK
INV903005,2023-07-24,C101614,Beauty,4,53.49,Organic Search,United Kingdom
INV900563,2024-05-05,C100296,Home & Kitchen,5,131.65,Organic Search,France
INV900153,2024-01-12,,Home & Kitchen,1,46.91,Referral,UK
INV901052,2023-02-12,C100545,Apparel,5,68.7,Paid Ads,DE
INV902187,2023-06-20,C101177,Home & Kitchen,1,48.32,Organic Search,ireland
INV901138,2023-11-16,C100592,Electronics,1,167.0,Email,DE
INV902546,2023-12-14,C101364,Apparel,2,72.86,Paid Ads,United Kingdom
INV902642,2024-05-13,C101423,Books,3,16.26,Organic Search,UK
INV900342,2024-05-15,C100183,Apparel,5,29.83,Referral,United Kingdom
INV900045,2023-07-12,C100022,Toys,5,46.98,Email, United Kingdom
INV901527,2024-07-16,C100811,Office Supplies,1,23.32,Paid Ads,france
INV900606,2024-04-07,C100310,Electronics,5,565.79,Referral,united kingdom
INV903139,2024-11-17,C101705,Toys,1,53.25,Organic Search,DE
INV902617,2023-07-15,C101409,Toys,2,15.68,Referral,germany
INV900238,2024-12-07,C100121,Books,4,31.97,Email,france
INV900107,2024-03-16,,Apparel,1,58.67,Organic Search, United Kingdom
INV902131,2024-05-02,C101138,Apparel,4,21.44,Email,USA
INV903309,2023-04-20,C101787,Apparel,1,27.39,Email,united kingdom
INV902404,2024-06-09,C101300,Beauty,1,37.13,Organic Search,france
INV900585,2023-09-05,C100302,Office Supplies,4,17.14,Referral,United Kingdom
INV901354,2023-11-07,C100718,Toys,1,55.84,Social, United Kingdom
INV901765,2023-11-22,C100938,Beauty,3,21.89,Referral,US
INV902918,2024-12-18,C101554,Electronics,2,533.1,Email,US
INV901551,2024-04-01,C100821,Apparel,2,70.79,Organic Search,USA
INV900293,2024-05-01,C100159,Office Supplies,4,31.72,Email,germany
INV901476,2023-11-12,C100784,Electronics,4,490.89,Organic Search,france
INV901218,2024-07-02,C100639,Sports & Outdoors,4,158.85,Paid Ads,Germany
INV900422,2024-12-28,C100223,Electronics,5,554.31,Organic Search,France
INV902693,2023-06-25,C101451,Toys,3,38.44,Referral,germany
INV902396,2023-12-23,C101298,Books,3,16.91,Organic Search,UK
INV900675,2023-09-15,C100351,Home & Kitchen,1,69.11,Organic Search,UK
INV900419,2024-03-28,C100222,Apparel,4,18.8,Referral,united kingdom
INV900602,2024-12-23,C100307,Apparel,2,22.52,Paid Ads,united kingdom
INV902526,2024-04-01,C101356,Electronics,4,269.01,Social,UK
INV900565,2024-07-06,C100296,Toys,3,37.27,Organic Search,France
INV900290,2023-12-07,C100156,Office Supplies,2,18.01,Social,France
INV901658,2024-09-28,C100875,Toys,1,25.99,Paid Ads, United Kingdom
INV903012,2023-03-11,C101623,Office Supplies,3,24.54,Email, United Kingdom
INV901732,2023-07-15,C100911,Electronics,1,346.54,Paid Ads, United Kingdom
INV900731,2024-10-21,C100381,Home & Kitchen,-4,116.7,Paid Ads,united kingdom
INV903229,2024-01-25,C101739,Home & Kitchen,1,72.83,Organic Search,UK
INV900468,2024-11-25,C100241,Beauty,3,39.73,Referral,UK
INV903036,2023-11-07,C101638,Sports & Outdoors,4,62.17,Organic Search,germany
INV903188,2024-05-26,C101725,Beauty,5,45.02,Paid Ads,UK
INV901800,2023-12-10,C100956,Beauty,5,26.6,Organic Search,UK
INV901621,2024-05-02,C100858,Toys,3,30.43,Social,France
INV902090,2024-10-02,C101113,Office Supplies,-3,18.77,Paid Ads,United Kingdom
INV900539,2024-07-27,C100278,Home & Kitchen,4,108.14,Organic Search,France
INV901227,2024-12-12,C100644,Apparel,5,48.45,Paid Ads,germany
INV900522,2024-11-26,C100268,Apparel,4,56.83,Referral,Germany
INV902472,2024-07-09,C101329,Books,4,14.42,Email,ireland
INV902895,2024-07-12,C101539,Books,2,7.03,Referral,france
INV902484,2023-06-17,C101337,Apparel,5,19.6,Paid Ads,USA
INV901154,2024-02-25,C100598,Sports & Outdoors,4,110.27,Paid Ads,DE
INV901764,2023-03-03,C100937,Electronics,1,483.03,Paid Ads,UK
INV902065,2024-12-14,C101100,Electronics,2,281.49,Referral, United Kingdom
INV903229,2024-01-25,,Apparel,5,82.52,Organic Search,UK
INV902988,2023-09-02,C101604,Beauty,4,58.98,Organic Search,united kingdom
INV900983,2024-09-24,C100508,Apparel,4,65.18,Referral, United Kingdom
INV902781,2024-11-28,C101485,Beauty,1,22.85,Referral,USA
INV900316,2024-06-27,C100169,Sports & Outdoors,2,169.94,Paid Ads, United Kingdom
INV902113,2024-05-17,C101125,Books,3,5.05,Paid Ads,germany
INV901163,2024-05-15,C100606,Home & Kitchen,2,42.31,Email,UK
INV902245,2024-08-24,C101202,Home & Kitchen,2,76.3,Referral,France
INV902840,2024-09-13,,Electronics,2,210.76,Paid Ads,germany
INV903298,2024-06-08,C101784,Office Supplies,5,12.27,Organic Search,USA
INV901584,2023-01-20,C100838,Home & Kitchen,1,86.48,Paid Ads,United Kingdom
INV900032,2023-12-05,C100016,Sports & Outdoors,5,158.64,Organic Search,Germany
INV903064,2023-05-11,C101654,Toys,4,66.14,Organic Search,US
INV902287,2024-09-27,C101230,Home & Kitchen,5,12.68,Organic Search,Germany
INV903305,2023-05-11,C101786,Beauty,1,18.1,Organic Search,US
INV901304,2024-02-11,C100687,Books,4,19.69,Paid Ads,Ireland
INV902211,2023-07-05,C101185,Home & Kitchen,2,88.7,Organic Search, United Kingdom
INV901838,2024-09-03,C100975,Books,4,33.8,Referral,united states
INV901220,2024-07-08,C100640,Books,2,27.28,Referral, United Kingdom
INV900496,2023-06-17,C100255,Electronics,5,380.47,Organic Search,united kingdom
INV902383,2024-07-07,C101291,Books,3,12.27,Paid Ads,DE
INV901591,2023-01-25,C100844,Sports & Outdoors,1,155.58,Email,UK
INV902252,2023-11-21,C101206,Books,1,18.63,Email,USA
INV900069,2023-09-19,C100038,Books,5,32.94,Referral,france
INV900792,2023-12-16,C100405,Office Supplies,2,11.71,Social,france
INV902054,2024-06-28,C101096,Beauty,5,15.57,Organic Search,france
INV901726,2024-04-15,C100910,Toys,4,24.15,Organic Search,France
INV900805,2024-01-21,C100410,Electronics,4,293.93,Paid Ads,United Kingdom
INV900922,2024-05-21,C100476,Beauty,5,25.52,Email,United States
INV900282,2024-07-18,C100150,Toys,3,23.63,Email,united kingdom
INV901746,2023-12-27,C100923,Sports & Outdoors,1,20.02,Email,united states
INV901345,2024-10-23,C100712,Electronics,5,198.52,Referral,Germany
INV902328,2023-10-05,C101264,Home & Kitchen,2,21.62,Referral,united kingdom
INV901951,2024-06-06,C101035,Books,1,33.37,Organic Search,Ireland
INV900582,2024-07-10,C100300,Books,3,20.87,Paid Ads,United States
INV902764,2023-09-08,C101478,Apparel,4,14.21,Organic Search,France
INV902283,2024-12-24,C101226,Sports & Outdoors,4,176.56,Paid Ads,Germany
INV902713,2023-12-03,,Electronics,5,582.04,Social,Germany
INV901341,2023-11-03,C100711,Sports & Outdoors,4,90.0,Referral, United Kingdom
INV902549,2024-07-12,C101365,Toys,5,57.7,Organic Search,United States
INV902250,2024-02-25,C101204,Beauty,5,53.41,Email, United Kingdom
INV901489,2023-11-17,C100791,Home & Kitchen,5,28.18,Social,United Kingdom
INV902945,2024-12-24,C101571,Sports & Outdoors,5,61.58,Referral,Germany
INV900363,2023-08-13,C100196,Electronics,3,97.45,Organic Search,Ireland
INV902546,2023-12-14,C101364,Apparel,5,85.26,Paid Ads,United Kingdom
INV900978,2023-11-26,C100508,Toys,3,34.9,Referral,United Kingdom
INV900896,2023-12-14,C100454,Toys,1,31.19,Referral, United Kingdom
INV900176,2024-07-12,C100091,Toys,3,53.61,Referral,United Kingdom
INV901178,2023-10-09,C100613,Sports & Outdoors,5,114.66,Email,France
INV901671,2023-09-03,C100880,Office Supplies,5,17.65,Organic Search,US
INV901095,2023-01-08,C100573,Sports & Outdoors,3,155.57,Paid Ads,france
INV902351,2024-07-07,C101277,Toys,2,52.7,Referral,united kingdom
INV900903,2024-06-08,C100460,Home & Kitchen,2,112.13,Email,Ireland
INV901364,2024-05-25,C100724,Apparel,3,23.95,Paid Ads,UK
INV903130,2024-02-02,C101696,Apparel,3,10.13,Organic Search,united kingdom
INV902363,2024-07-11,C101283,Home & Kitchen,4,68.83,Organic Search, United Kingdom
INV900511,2024-11-28,C100263,Apparel,2,26.28,Organic Search,DE
INV902694,2023-11-25,C101451,Office Supplies,2,4.77,Referral,DE
INV900115,2023-11-24,C100055,Apparel,4,15.27,Referral,united states
INV902777,2024-05-17,C101484,Office Supplies,2,34.55,Organic Search,Ireland
INV903188,2024-05-26,C101725,Toys,1,44.32,Paid Ads,UK
INV900197,2024-05-24,C100104,Toys,5,61.48,Email,United Kingdom
INV902488,2023-10-26,C101339,Sports & Outdoors,2,108.08,Paid Ads,US
INV903160,2024-01-13,C101716,Beauty,1,38.66,Organic Search,germany
INV903093,2024-05-26,C101669,Apparel,5,59.49,Social,Germany
INV900470,2023-06-19,C100242,Office Supplies,5,27.12,Referral,US
INV901593,2023-09-20,C100844,Beauty,1,57.91,Email,united kingdom
INV902642,2024-05-13,C101423,Apparel,2,54.64,Organic Search,UK
INV903277,2023-07-14,C101770,Books,5,26.23,Email,Ireland
INV902800,2023-12-26,C101493,Apparel,4,68.22,Organic Search,US
INV900413,2023-03-07,C100220,Sports & Outdoors,2,65.29,Email,Ireland
INV900155,2024-08-22,C100081,Electronics,3,434.81,Referral,UK
INV901812,2024-03-03,C100965,Sports & Outdoors,5,138.06,Referral,united kingdom
INV902094,2024-03-27,C101115,Sports & Outdoors,-1,172.16,Paid Ads,united kingdom
INV900165,2024-04-03,C100088,Toys,3,64.66,Paid Ads,Ireland
INV902007,2023-08-11,C101071,Sports & Outdoors,-1,62.37,Social,Ireland
INV901587,2024-11-21,C100839,Beauty,3,44.62,Referral,United Kingdom
INV902326,2023-08-09,C101264,Beauty,3,20.24,Referral, United Kingdom
INV901798,2024-12-01,C100955,Office Supplies,4,39.55,Social,UK
INV900524,2023-12-15,C100269,Books,-2,25.63,Organic Search,United Kingdom
INV900675,2023-09-15,C100351,Sports & Outdoors,4,138.14,Organic Search,UK
INV901970,2024-11-14,C101045,Home & Kitchen,4,146.16,Social,france
INV901683,2024-06-01,C100884,Sports & Outdoors,4,169.63,Organic Search,Ireland
INV902058,2024-12-10,C101096,Apparel,5,25.37,Organic Search,france
INV901451,2024-08-16,C100774,Sports & Outdoors,2,135.96,Referral,Germany
INV900060,2023-03-16,C100032,Home & Kitchen,1,101.05,Paid Ads,DE
INV901496,2024-07-25,C100797,Beauty,1,45.51,Referral,US
INV900375,2024-01-10,C100202,Toys,1,12.56,Referral,united kingdom
INV901897,2023-12-03,C101010,Beauty,4,7.64,Organic Search,USA
INV901215,2023-11-20,C100636,Office Supplies,4,11.83,Referral,DE
INV902705,2024-12-20,C101456,Electronics,5,85.76,Paid Ads,Ireland
INV902080,2023-12-07,C101109,Sports & Outdoors,5,27.5,Email,United States
INV900918,2024-01-14,C100473,Toys,5,60.91,Referral,Ireland
INV902374,2023-10-01,C101288,Beauty,4,58.53,Organic Search,ireland
INV902658,2023-12-08,C101433,Home & Kitchen,5,30.47,Organic Search,germany
INV900467,2024-09-19,C100241,Office Supplies,1,6.1,Referral, United Kingdom
INV900014,2023-10-21,C100008,Sports & Outdoors,4,49.45,Organic Search,united kingdom
INV901943,2024-01-01,C101030,Apparel,5,24.86,Email,Ireland
INV901755,2024-04-08,C100930,Office Supplies,3,15.95,Paid Ads,UK
INV902245,2024-08-24,C101202,Books,5,15.27,Referral,France
INV900364,2023-10-24,C100196,Home & Kitchen,5,103.84,Organic Search,Ireland
INV902837,2024-04-18,C101511,Books,2,24.35,Social,United Kingdom
INV901072,2023-11-11,C100563,Home & Kitchen,5,16.76,Paid Ads,DE
INV900622,2024-06-27,C100319,Home & Kitchen,4,71.24,Organic Search, United Kingdom
INV902156,2023-12-21,C101154,Sports & Outdoors,4,150.29,Paid Ads,france
INV900297,2024-08-03,C100160,Office Supplies,5,11.04,Social,United Kingdom
INV900434,2023-11-20,C100230,Sports & Outdoors,5,104.46,Social,DE
INV902274,2024-11-27,,Toys,4,59.32,Email, United Kingdom
INV901433,2024-08-27,C100765,Books,3,20.98,Referral,US
INV900470,2023-06-19,C100242,Electronics,5,444.43,Referral,US
INV900574,2024-04-16,C100297,Books,1,19.94,Email,UK
INV901317,2024-02-06,C100694,Beauty,2,46.06,Referral,USA
INV901701,2023-08-19,C100890,Books,4,7.33,Referral,United States
INV902563,2024-03-21,C101373,Books,4,25.52,Referral,United Kingdom
INV900458,2024-04-23,C100235,Books,4,22.86,Organic Search,germany
INV900204,2024-08-06,C100109,Toys,2,25.08,Paid Ads,UK
INV902946,2024-03-15,C101572,Office Supplies,2,8.46,Email,united states
INV902275,2023-11-14,C101216,Office Supplies,5,19.35,Organic Search,Germany
INV903045,2024-07-28,C101647,Beauty,3,26.47,Organic Search,united states
INV900620,2024-11-17,C100318,Beauty,5,26.65,Email,UK
INV900060,2023-03-16,C100032,Home & Kitchen,1,13.41,Paid Ads,DE
INV900946,2024-09-27,C100492,Toys,3,33.93,Organic Search,DE
INV902943,2023-10-20,,Electronics,2,118.57,Referral,DE
INV903006,2023-04-25,C101615,Books,1,11.65,Referral,France
INV901202,2023-12-22,C100629,Apparel,3,24.1,Organic Search,United Kingdom
INV903255,2023-07-26,C101762,Sports & Outdoors,3,130.1,Paid Ads,united kingdom
INV901399,2023-04-06,C100751,Office Supplies,5,44.24,Organic Search,Germany
INV903084,2023-05-09,C101662,Sports & Outdoors,3,78.0,Email,france
INV902342,2024-05-13,C101273,Beauty,4,11.06,Organic Search, United Kingdom
INV902322,2023-12-05,C101262,Books,4,23.89,Paid Ads,france
INV900735,2024-08-26,C100383,Apparel,5,28.58,Email,USA
INV900576,2024-11-06,C100297,Apparel,1,85.0,Email,united kingdom
INV900834,2024-02-23,C100425,Office Supplies,1,9.17,Referral,UK
INV903223,2023-04-18,C101738,Beauty,1,13.66,Referral, United Kingdom
INV900989,2024-07-06,C100512,Toys,3,47.73,Referral,United States
INV900374,2024-01-26,C100202,Sports & Outdoors,1,106.0,Referral,United Kingdom
INV902968,2023-03-18,C101589,Books,4,25.0,Email,France
INV902349,2024-10-04,C101276,Sports & Outdoors,5,163.65,Paid Ads,united kingdom
INV901126,2024-05-04,C100588,Apparel,5,35.28,Referral,United Kingdom
INV902920,2023-10-22,C101555,Books,5,34.32,Paid Ads,united kingdom
INV901965,2024-04-15,C101044,Toys,1,29.54,Referral,UK
INV903208,2024-03-17,C101732,Toys,3,12.6,Referral,United States
INV901388,2023-07-09,C100747,Beauty,5,54.99,Referral,USA
INV901389,2023-09-21,C100747,Beauty,2,51.69,Referral,US
INV902091,2023-12-28,C101114,Beauty,5,51.96,Paid Ads,DE
INV900387,2024-06-20,C100210,Electronics,1,204.6,Organic Search,france
INV901922,2023-03-08,C101018,Office Supplies,-3,3.33,Paid Ads,ireland
INV902153,2023-10-25,C101154,Electronics,5,155.58,Paid Ads,france
INV902773,2023-09-26,C101484,Office Supplies,4,43.62,Organic Search,Ireland
INV902651,2023-05-08,C101431,Books,2,13.52,Paid Ads,France
INV901498,2023-07-25,C100798,Electronics,1,348.1,Social,UK
INV901261,2023-07-22,C100660,Apparel,3,37.04,Social,united kingdom
INV901122,2023-11-09,C100584,Electronics,5,224.8,Email, United Kingdom
INV900340,2023-11-13,C100182,Home & Kitchen,2,67.31,Social,DE
INV900785,2023-10-22,C100404,Office Supplies,3,33.69,Referral,france
INV901552,2024-07-21,C100821,Home & Kitchen,5,57.84,Organic Search,united states
INV902284,2023-05-19,C101228,Apparel,2,3671.074396136287,Organic Search,united kingdom
INV902447,2023-09-07,C101319,Sports & Outdoors,5,149.55,Organic Search,france
INV902552,2024-06-03,C101370,Sports & Outdoors,2,45.53,Email,United Kingdom
INV901158,2024-06-01,C100602,Apparel,1,52.66,Paid Ads,UK
INV902056,2024-11-28,,Electronics,3,67.46,Organic Search,France
INV902024,2024-03-24,C101076,Home & Kitchen,3,62.71,Paid Ads,France
INV902619,2023-09-08,C101409,Home & Kitchen,5,52.64,Referral,Germany
INV901975,2023-08-06,C101051,Books,5,7.12,Organic Search,Germany
INV900753,2023-04-28,C100389,Sports & Outdoors,3,152.7,Paid Ads,Ireland
INV902841,2023-09-27,C101513,Sports & Outdoors,2,13.54,Paid Ads,United Kingdom
INV901507,2024-03-05,C100802,Electronics,3,322.49,Paid Ads,united kingdom
INV900439,2023-04-23,C100232,Toys,5,25.17,Organic Search,Germany
INV901434,2024-08-21,C100765,Toys,3,66.6,Referral,United States
INV900411,2024-09-10,C100219,Toys,2,48.45,Referral,france
INV903195,2023-07-12,C101729,Sports & Outdoors,2,75.18,Organic Search,United Kingdom
INV901224,2024-06-06,C100642,Sports & Outdoors,2,192.98,Paid Ads,UK
INV901634,2024-11-20,C100863,Beauty,1,33.12,Organic Search,united kingdom
INV903198,2023-12-18,C101729,Home & Kitchen,2,132.12,Organic Search,UK
INV900093,2023-11-18,C100046,Electronics,2,409.05,Email,UK
INV900412,2023-03-22,C100220,Apparel,4,54.05,Email,ireland
INV901507,2024-03-05,C100802,Apparel,4,49.67,Paid Ads,united kingdom
INV900619,2024-09-14,C100318,Toys,3,54.54,Email,UK
INV901906,2023-06-21,C101012,Apparel,1,36.42,Social,ireland
INV902727,2023-07-28,C101463,Toys,5,22.57,Referral,UK
INV903204,2024-12-18,C101730,Sports & Outdoors,1,102.5,Organic Search,United Kingdom
INV901438,2024-08-23,C100766,Electronics,5,204.67,Referral,france
INV902616,2023-06-03,C101409,Beauty,3,14.13,Referral,Germany
INV900014,2023-10-21,C100008,Beauty,5,50.04,Organic Search,united kingdom
INV900605,2024-02-07,C100310,Electronics,3,60.47,Referral,UK
INV902125,2023-03-25,C101135,Electronics,4,509.27,Referral,DE
INV901135,2023-07-16,C100592,Sports & Outdoors,4,19.67,Email,germany
INV900642,2023-11-23,C100332,Sports & Outdoors,1,61.29,Organic Search, United Kingdom
INV900520,2024-05-02,C100268,Books,1,13.3,Referral,Germany
INV902619,2023-09-08,C101409,Apparel,4,33.11,Referral,Germany
INV902708,2023-12-11,C101457,Home & Kitchen,4,82.02,Paid Ads,United Kingdom
INV902148,2024-03-11,C101152,Home & Kitchen,1,27.08,Paid Ads, United Kingdom
INV901013,2023-12-11,C100520,Office Supplies,2,28.78,Email,united kingdom
INV903145,2023-06-22,C101708,Books,3,7.16,Email,United States
INV901898,2024-12-01,C101010,Books,5,17.53,Organic Search,US
INV901921,2023-12-04,C101017,Toys,2,13.57,Email,United States
INV901389,2023-09-21,C100747,Electronics,2,418.21,Referral,US
INV902678,2023-05-17,C101445,Sports & Outdoors,3,169.47,Organic Search, United Kingdom
INV902063,2024-01-05,C101100,Home & Kitchen,5,148.51,Referral, United Kingdom
INV900956,2023-07-19,C100496,Home & Kitchen,2,103.64,Paid Ads,Germany
INV900413,2023-03-07,C100220,Home & Kitchen,3,106.48,Email,Ireland
INV901611,2024-11-07,C100852,Sports & Outdoors,5,128.24,Referral,united kingdom
INV901561,2024-12-16,C100826,Electronics,2,438.76,Paid Ads, United Kingdom
INV902525,2024-03-04,C101356,Sports & Outdoors,1,197.86,Social, United Kingdom
INV900595,2023-11-07,C100306,Toys,2,59.83,Email,DE
INV900037,2024-05-13,C100018,Toys,5,14.03,Organic Search,UK
INV901275,2023-11-06,C100666,Electronics,2,231.46,Organic Search,france
INV900613,2023-07-02,C100314,Toys,5,60.77,Organic Search,United Kingdom
INV901161,2023-11-07,C100605,Apparel,2,78.09,Paid Ads,United Kingdom
INV901334,2023-02-08,C100706,Books,3,6.79,Social,germany
INV902101,2024-03-28,C101119,Toys,1,59.04,Paid Ads,united states
INV900699,2024-07-23,C100360,Electronics,1,258.59,Organic Search,germany
INV900081,2023-08-19,,Office Supplies,4,28.69,Paid Ads,United States
INV902197,2024-07-23,C101180,Apparel,5,60.14,Paid Ads,france
INV901015,2024-02-17,C100520,Sports & Outdoors,2,169.45,Email,United Kingdom
INV901092,2023-08-20,C100572,Beauty,3,6.77,Organic Search,France
INV900146,2023-10-17,C100076,Home & Kitchen,3,143.68,Paid Ads,france
INV901690,2024-09-26,C100885,Toys,4,9.85,Referral,US
INV901134,2024-11-25,C100590,Beauty,2,11.47,Organic Search,united kingdom
INV902888,2024-11-26,C101535,Electronics,4,330.13,Social,United Kingdom
INV900611,2023-07-23,C100313,Apparel,5,53.31,Paid Ads,france
INV900212,2024-12-04,C100111,Home & Kitchen,2,122.1,Paid Ads,USA
INV901537,2024-10-06,C100815,Toys,2,27.23,Referral,US
INV902544,2023-09-03,C101363,Beauty,3,49.79,Organic Search,DE
INV902661,2024-07-14,C101434,Home & Kitchen,2,105.23,Paid Ads,Germany
INV900107,2024-03-16,C100053,Beauty,3,50.32,Organic Search, United Kingdom
INV902572,2024-06-14,C101379,Beauty,4,25.8,Email,Germany
INV903097,2024-04-04,C101671,Beauty,4,20.28,Paid Ads, United Kingdom
INV901834,2023-05-28,C100974,Books,3,7.1,Social,US
INV903196,2023-09-27,C101729,Electronics,3,235.2,Organic Search,united kingdom
INV900765,2023-11-19,C100391,Home & Kitchen,2,84.13,Email,Ireland
INV901396,2024-12-13,C100750,Beauty,2,10.54,Organic Search,france
INV902237,2024-10-06,C101197,Home & Kitchen,3,146.81,Paid Ads, United Kingdom
INV900880,2023-11-01,C100448,Beauty,2,47.51,Paid Ads,US
INV901636,2024-05-19,C100865,Home & Kitchen,5,10.1,Organic Search,US
INV902399,2024-05-09,C101298,Home & Kitchen,4,59.02,Organic Search,United Kingdom
INV900001,2023-02-07,C100000,Sports & Outdoors,1,160.97,Paid Ads,france
INV900331,2024-07-08,C100178,Office Supplies,4,5.97,Email,Germany
INV902396,2023-12-23,C101298,Toys,2,21.81,Organic Search,UK
INV901607,2024-09-08,C100851,Sports & Outdoors,1,128.39,Organic Search,germany
INV900850,2024-08-22,C100437,Electronics,4,595.5,Paid Ads,United Kingdom
INV902286,2024-07-23,C101230,Electronics,-1,40.71,Organic Search,DE
INV901476,2023-11-12,C100784,Toys,-4,39.46,Organic Search,france
INV901945,2024-06-03,C101032,Electronics,5,228.79,Referral,germany
INV900619,2024-09-14,C100318,Sports & Outdoors,5,67.34,Email,UK
INV902391,2023-08-16,C101296,Office Supplies,4,25.63,Organic Search, United Kingdom
INV901305,2023-09-14,C100688,Beauty,1,5.54,Organic Search,DE
INV900604,2023-11-12,C100308,Books,2,29.4,Organic Search,United Kingdom
INV902556,2024-12-01,C101371,Home & Kitchen,5,46.95,Email,France
INV900473,2024-03-23,C100244,Beauty,1,40.07,Paid Ads,UK
INV901157,2024-06-05,C100601,Office Supplies,2,37.77,Social, United Kingdom
INV900729,2023-08-04,C100379,Books,3,26.08,Paid Ads,united kingdom
INV900743,2023-07-12,C100385,Office Supplies,2,15.75,Social,united kingdom
INV902157,2024-01-20,C101156,Beauty,5,7.52,Social,US
INV901541,2023-06-07,C100817,Apparel,4,43.28,Email, United Kingdom
INV902518,2024-07-21,C101348,Beauty,2,53.92,Paid Ads,united kingdom
INV902580,2023-12-11,C101390,Home & Kitchen,1,16.07,Social,UK
INV901910,2024-02-25,C101012,Toys,1,54.39,Social,Ireland
INV901637,2024-05-26,C100865,Home & Kitchen,4,125.61,Organic Search,united states
INV902196,2024-02-23,C101180,Beauty,1,23.59,Paid Ads,france
INV902552,2024-06-03,C101370,Apparel,1,18.63,Email,United Kingdom
INV900316,2024-06-27,C100169,Home & Kitchen,5,80.91,Paid Ads, United Kingdom
INV900543,2023-10-15,C100281,Books,2,21.29,Organic Search,United Kingdom
INV902523,2023-07-03,C101356,Home & Kitchen,5,72.92,Social,UK
INV900393,2023-09-05,C100213,Office Supplies,3,41.79,Social,France
INV901706,2024-08-14,C100893,Electronics,5,185.64,Email,united kingdom
INV903185,2024-11-16,C101722,Sports & Outdoors,2,100.35,Organic Search,france
INV900115,2023-11-24,C100055,Office Supplies,1,19.21,Referral,united states
INV902612,2023-04-28,C101408,Apparel,5,33.84,Paid Ads,Ireland
INV900613,2023-07-02,C100314,Toys,2,60.56,Organic Search,United Kingdom
INV902362,2024-06-21,C101283,Apparel,3,42.17,Organic Search,UK
INV901892,2024-04-27,C101008,Home & Kitchen,5,74.8,Referral,Germany
INV902053,2024-05-17,C101096,Toys,2,24.83,Organic Search,france
INV900859,2023-07-25,C100441,Office Supplies,3,28.76,Referral,UK
INV902908,2024-03-13,C101553,Apparel,5,12.35,Referral,germany
INV903161,2024-02-02,C101716,Apparel,2,8.75,Organic Search,germany
INV901675,2023-11-04,C100882,Home & Kitchen,3,79.68,Organic Search,united kingdom
INV902427,2024-06-02,C101313,Beauty,3,31.15,Paid Ads, United Kingdom
INV900468,2024-11-25,C100241,Sports & Outdoors,5,109.85,Referral,UK
INV900003,2023-03-04,C100000,Sports & Outdoors,5,162.06,Paid Ads,France
INV901992,2024-11-09,C101063,Beauty,5,42.75,Organic Search, United Kingdom
INV901146,2024-05-18,C100596,Home & Kitchen,4,103.63,Referral,United States
INV902507,2024-03-12,C101342,Toys,3,20.13,Paid Ads,united kingdom
INV901639,2024-11-03,C100865,Electronics,5,188.15,Organic Search,united states
INV900427,2023-08-22,C100225,Home & Kitchen,5,11.17,Paid Ads,germany
INV901587,2024-11-21,C100839,Office Supplies,5,33.21,Referral,United Kingdom
INV903304,2023-05-26,C101786,Apparel,5,17.11,Organic Search,united states
INV903103,2023-04-02,C101676,Home & Kitchen,5,131.17,Email,France
INV902570,2023-11-17,C101379,Home & Kitchen,5,92.36,Email,Germany
INV902888,2024-11-26,C101535,Beauty,5,48.15,Social,United Kingdom
INV900530,2024-04-05,C100275,Toys,4,63.0,Referral,United States
INV902998,2023-09-12,C101611,Electronics,3,557.11,Paid Ads,USA
INV903234,2023-09-05,C101744,Toys,5,42.52,Organic Search,united kingdom
INV900784,2024-11-27,C100403,Electronics,2,368.71,Organic Search,United States
INV900025,2024-08-19,C100013,Office Supplies,1,32.13,Social,UK
INV901965,2024-04-15,C101044,Apparel,3,77.64,Referral,UK
INV900853,2023-11-08,C100439,Beauty,4,28.71,Paid Ads, United Kingdom
INV900475,2023-02-01,C100245,Electronics,5,576.65,Paid Ads,united kingdom
INV902189,2023-12-04,C101177,Sports & Outdoors,5,159.43,Organic Search,ireland
INV901141,2024-06-01,C100595,Sports & Outdoors,1,53.4,Email,ireland
INV901018,2023-09-16,C100521,Home & Kitchen,1,125.63,Paid Ads,united states
INV901357,2023-05-20,C100720,Beauty,1,48.5,Organic Search,united states
INV902317,2023-04-20,C101255,Toys,4,41.22,Referral,Germany
INV900571,2023-11-13,C100297,Beauty,1,16.65,Email,UK
INV903219,2024-07-13,C101737,Apparel,5,56.99,Organic Search,united kingdom
INV900573,2024-02-28,C100297,Office Supplies,3,25.81,Email,United Kingdom
INV900269,2023-07-07,C100142,Apparel,5,81.52,Email,DE
INV900258,2023-12-01,C100135,Office Supplies,1,32.45,Email,france
INV902878,2024-07-19,C101529,Office Supplies,5,9.24,Referral, United Kingdom
INV901013,2023-12-11,C100520,Beauty,4,18.86,Email,united kingdom
INV902375,2023-11-27,,Office Supplies,5,30.26,Organic Search,Ireland
INV902473,2023-10-26,C101330,Toys,4,60.64,Paid Ads,DE
INV902922,2024-11-03,C101555,Sports & Outdoors,4,161.55,Paid Ads,united kingdom
INV900948,2024-01-25,C100493,Electronics,3,140.96,Organic Search,france
INV902454,2024-06-06,C101323,Home & Kitchen,4,143.77,Organic Search,Ireland
INV900883,2024-03-12,C100448,Office Supplies,1,23.21,Paid Ads,united states
INV900586,2023-09-14,C100302,Apparel,1,63.09,Referral,united kingdom
INV901233,2023-12-27,,Sports & Outdoors,4,114.24,Referral,DE
INV901961,2024-12-13,C101039,Sports & Outdoors,2,185.89,Organic Search,germany
INV901147,2024-05-17,C100596,Toys,3,30.57,Referral,united states
INV900267,2023-06-09,C100142,Beauty,1,54.7,Email,DE
INV900587,2024-12-04,C100302,Toys,4,55.9,Referral,United Kingdom
INV903296,2024-04-05,C101784,Beauty,2,20.17,Organic Search,United States
INV900360,2024-09-28,C100194,Home & Kitchen,5,21.65,Paid Ads,Ireland
INV901056,2023-11-21,C100548,Apparel,3,86.94,Email,United States
INV900285,2024-11-03,C100152,Books,4,17.93,Organic Search,USA
INV900650,2024-12-11,C100335,Electronics,5,239.35,Organic Search,France
INV902229,2023-12-12,C101191,Books,3,28.23,Referral,France
INV902709,2024-12-13,C101457,Sports & Outdoors,3,100.82,Paid Ads, United Kingdom
INV902030,2024-09-06,C101079,Books,4,34.45,Organic Search,Ireland
INV900268,2023-06-07,C100142,Electronics,1,197.65,Email,Germany
INV900960,2024-10-16,C100499,Office Supplies,5,20.38,Paid Ads,ireland
INV901362,2024-07-09,C100722,Toys,4,47.79,Referral,France
INV902783,2023-05-26,C101486,Books,1,19.32,Social,UK
INV902440,2023-09-14,C101318,Toys,2,22.35,Social,UK
INV901498,2023-07-25,C100798,Toys,5,56.1,Social,UK
INV900129,2024-10-24,C100062,Office Supplies,5,36.1,Organic Search,United Kingdom
INV900863,2023-03-02,C100442,Office Supplies,3,10.83,Paid Ads,Ireland
INV903223,2023-04-18,C101738,Sports & Outdoors,4,41.29,Referral, United Kingdom
INV902034,2024-10-16,C101082,Sports & Outdoors,4,112.77,Referral,Ireland
INV900768,2023-12-18,C100393,Office Supplies,2,27.27,Paid Ads,ireland
INV901021,2024-12-26,C100522,Office Supplies,3,39.7,Paid Ads,United States
INV900633,2023-04-14,C100327,Office Supplies,2,15.31,Paid Ads,united states
INV901212,2023-07-07,C100636,Home & Kitchen,5,100.62,Referral,Germany
INV902634,2024-08-22,C101420,Books,1,28.73,Organic Search,Ireland
INV901717,2023-11-05,C100904,Apparel,4,35.29,Email,ireland
INV903145,2023-06-22,C101708,Sports & Outdoors,3,20.83,Email,United States
INV900938,2023-12-27,C100486,Toys,5,68.34,Email,France
INV902437,2024-02-12,C101317,Beauty,5,12.62,Social,germany
INV901182,2024-12-21,C100614,Toys,-3,51.42,Referral,United Kingdom
INV901883,2024-09-13,C101003,Electronics,5,53.94,Organic Search,france
INV901250,2024-03-06,C100657,Sports & Outdoors,5,75.77,Paid Ads,Germany
INV902253,2023-12-07,C101206,Sports & Outdoors,2,29.9,Email,United States
INV900852,2023-08-27,,Electronics,4,102.42,Paid Ads,UK
INV901804,2024-12-28,C100961,Apparel,3,50.87,Social,ireland
INV900402,2023-07-08,C100217,Home & Kitchen,3,21.27,Referral,United States
INV901258,2023-04-16,C100660,Books,4,21.43,Social,UK
INV901239,2024-09-27,C100651,Home & Kitchen,1,37.49,Paid Ads,united kingdom
INV901182,2024-12-21,C100614,Home & Kitchen,4,116.01,Referral,United Kingdom
INV901406,2024-08-11,C100753,Electronics,3,379.85,Organic Search,United Kingdom
INV902460,2024-11-03,C101324,Toys,4,69.2,Referral,United States
INV901242,2023-12-05,C100654,Beauty,2,39.81,Organic Search,Germany
INV900539,2024-07-27,C100278,Office Supplies,1,25.56,Organic Search,France
INV902847,2023-12-09,C101514,Electronics,5,332.88,Paid Ads,Germany
INV900216,2024-05-11,C100115,Sports & Outdoors,3,166.35,Organic Search,Germany
INV900311,2023-12-27,C100168,Home & Kitchen,1,75.31,Organic Search,ireland
INV901565,2023-06-07,C100830,Books,2,23.47,Social, United Kingdom
INV902907,2024-01-19,C101553,Beauty,5,30.87,Referral,DE
INV900511,2024-11-28,C100263,Beauty,1,59.21,Organic Search,DE
INV903261,2024-02-02,C101764,Apparel,2,83.44,Paid Ads,UK
INV902962,2023-11-23,C101583,Books,5,29.34,Paid Ads,united kingdom
INV902755,2024-03-22,C101476,Sports & Outdoors,3,87.21,Referral,France
INV901414,2024-01-08,C100757,Apparel,5,66.22,Referral,ireland
INV900937,2023-10-17,C100486,Apparel,5,89.4,Email,France
INV902278,2024-06-05,C101220,Sports & Outdoors,1,199.53,Organic Search,UK
INV900015,2023-03-21,C100009,Electronics,3,499.2,Organic Search,france
INV902195,2024-12-09,C101179,Books,1,9.77,Organic Search,United Kingdom
INV901864,2024-02-17,C100990,Apparel,3,41.72,Organic Search,United Kingdom
INV900932,2024-08-18,C100483,Home & Kitchen,2,14.05,Social,united kingdom
INV901356,2023-05-20,,Toys,5,64.83,Organic Search,US
INV900385,2024-12-23,C100208,Electronics,1,79.85,Social,Ireland
INV903098,2024-12-26,C101671,Home & Kitchen,4,86.24,Paid Ads, United Kingdom
INV900926,2024-02-22,C100478,Beauty,2,17.44,Email,United Kingdom
INV903241,2024-11-07,C101747,Sports & Outdoors,5,94.17,Referral,germany
INV902035,2024-12-04,C101082,Electronics,2,183.8,Referral,Ireland
INV900790,2024-05-23,C100404,Toys,1,41.08,Referral,france
INV902218,2024-02-10,C101187,Beauty,3,10.59,Paid Ads,US
INV902318,2024-05-12,C101257,Apparel,3,41.29,Organic Search,ireland
INV903127,2023-10-03,C101693,Apparel,3,69.57,Organic Search,France
INV903078,2024-08-16,C101657,Beauty,3,24.01,Organic Search,UK
INV900694,2024-10-09,C100357,Books,4,34.51,Referral,united kingdom
INV902668,2023-11-27,C101441,Home & Kitchen,1,53.35,Organic Search,DE
INV900324,2024-06-12,C100173,Office Supplies,3,34.49,Social, United Kingdom
INV902516,2024-08-15,C101347,Home & Kitchen,5,83.43,Email,United Kingdom
INV903039,2024-05-27,C101640,Beauty,4,21.32,Paid Ads,UK
INV900207,2023-11-24,C100110,Home & Kitchen,1,139.71,Email,united kingdom
INV901189,2024-04-14,C100619,Apparel,4,45.82,Organic Search,united kingdom
INV902046,2023-12-28,C101089,Home & Kitchen,3,13.84,Organic Search,France
INV901761,2024-07-21,C100935,Office Supplies,4,16.4,Organic Search,United Kingdom
INV901882,2024-07-01,C101003,Home & Kitchen,2,81.24,Organic Search,France
INV902919,2023-06-23,C101555,Beauty,4,57.84,Paid Ads,United Kingdom
INV900683,2024-02-01,C100352,Books,4,23.24,Organic Search,France
INV902117,2024-02-04,C101127,Beauty,2,45.58,Paid Ads,united kingdom
INV901467,2023-04-23,C100783,Toys,1,30.46,Organic Search,Germany
INV900899,2024-03-11,C100455,Beauty,5,56.43,Organic Search,UK
INV900352,2024-06-28,C100189,Home & Kitchen,1,99.3,Paid Ads,UK
INV900008,2023-03-13,C100006,Electronics,5,367.49,Paid Ads,United States
INV901968,2023-07-10,C101045,Sports & Outdoors,4,49.62,Social,france
INV900047,2024-04-21,C100024,Beauty,3,36.32,Organic Search,United Kingdom
INV901571,2023-05-15,C100831,Apparel,1,8.55,Organic Search,UK
INV901065,2024-06-05,C100555,Apparel,4,32.12,Organic Search,United States
INV900771,2024-07-20,C100395,Electronics,2,495.81,Paid Ads,United Kingdom
INV900417,2023-11-16,C100221,Electronics,2,79.92,Organic Search,united kingdom
INV903009,2024-07-25,C101615,Toys,2,13.24,Referral,france
INV900815,2023-06-03,C100413,Toys,3,39.87,Organic Search,France
INV902902,2023-09-05,C101550,Home & Kitchen,3,91.49,Email,United Kingdom
INV900268,2023-06-07,C100142,Apparel,4,44.99,Email,Germany
INV901067,2023-12-25,C100560,Sports & Outdoors,4,193.37,Referral, United Kingdom
INV901603,2024-12-20,C100850,Toys,2,59.55,Email,USA
INV901223,2024-07-13,,Toys,5,39.3,Organic Search,US
INV901584,2023-01-20,C100838,Beauty,1,48.27,Paid Ads,United Kingdom
INV900218,2023-06-18,C100116,Books,4,6.05,Email,united kingdom
INV900929,2024-05-13,C100479,Sports & Outdoors,3,16.42,Paid Ads,Germany
INV900255,2024-08-27,C100133,Toys,4,36.77,Social,United States
INV903005,2023-07-24,C101614,Apparel,4,76.67,Organic Search,United Kingdom
INV902530,2023-08-04,C101358,Sports & Outdoors,2,12.2,Organic Search, United Kingdom
INV902314,2024-01-14,C101254,Home & Kitchen,3,144.49,Email,united kingdom
INV901023,2023-07-02,C100524,Sports & Outdoors,3,69.78,Paid Ads, United Kingdom
INV901564,2024-03-23,C100829,Home & Kitchen,1,148.63,Paid Ads,germany
INV902768,2024-09-15,C101479,Toys,5,69.63,Email,United States
INV901954,2023-02-02,C101037,Sports & Outdoors,3,130.04,Email,france
INV900474,2024-12-15,C100244,Apparel,2,20.99,Paid Ads,united kingdom
INV900157,2023-08-24,C100082,Office Supplies,1,43.67,Email,France
INV900697,2023-03-04,C100358,Office Supplies,3,15.35,Paid Ads,united kingdom
INV901296,2023-10-17,C100681,Beauty,1,26.33,Organic Search,united states
INV902516,2024-08-15,C101347,Electronics,4,219.65,Email,United Kingdom
INV900566,2024-10-06,C100296,Beauty,5,27.61,Organic Search,france
INV901843,2024-04-13,C100980,Electronics,1,137.23,Paid Ads,France
INV901483,2023-11-23,C100786,Toys,3,8.05,Paid Ads,france
INV902759,2023-12-09,C101477,Apparel,4,81.48,Email,ireland
INV902958,2024-10-22,C101580,Toys,2,44.61,Paid Ads, United Kingdom
INV901777,2023-04-27,C100944,Office Supplies,4,44.97,Organic Search,united kingdom
INV902832,2024-12-07,C101509,Home & Kitchen,2,31.69,Social, United Kingdom
INV901681,2024-09-07,C100883,Electronics,1,442.72,Organic Search,france
INV900626,2024-07-27,C100323,Beauty,3,56.59,Email,DE
INV901495,2024-09-09,C100796,Books,2,32.94,Organic Search,france
INV900174,2024-09-17,C100090,Electronics,1,286.87,Email,US
INV902310,2023-10-20,C101247,Toys,1,69.08,Social,United Kingdom
INV900908,2024-05-16,C100463,Sports & Outdoors,4,,Organic Search,France
INV901640,2024-12-19,C100865,Apparel,3,42.98,Organic Search,united states
INV903307,2024-07-20,C101786,Beauty,1,30.98,Organic Search,United States
INV901910,2024-02-25,C101012,Toys,4,51.59,Social,Ireland
INV902653,2023-08-22,C101431,Apparel,1,83.93,Paid Ads,france
INV902476,2024-05-18,C101331,Beauty,5,58.37,Email, United Kingdom
INV901074,2024-08-12,C100564,Apparel,1,36.97,Email,UK
INV901901,2024-05-28,C101011,Beauty,3,39.09,Organic Search,USA
INV901551,2024-04-01,C100821,Beauty,3,43.14,Organic Search,USA
INV902880,2023-06-27,C101530,Sports & Outdoors,5,105.4,Referral,Ireland
INV900051,2024-10-23,C100027,Books,2,7.98,Referral,United Kingdom
INV901321,2023-12-27,C100697,Books,4,30.79,Organic Search,United Kingdom
INV901480,2024-04-13,C100784,Office Supplies,1,19.39,Organic Search,France
INV903193,2023-06-07,C101729,Apparel,1,59.13,Organic Search,UK
INV900355,2024-11-19,C100190,Electronics,2,356.6,Organic Search,united kingdom
INV900218,2023-06-18,C100116,Books,2,25.66,Email,united kingdom
INV902559,2023-11-26,C101372,Sports & Outdoors,4,46.44,Referral, United Kingdom
INV900410,2024-11-01,C100218,Books,2,10.45,Organic Search,United Kingdom
INV901612,2023-08-23,C100853,Books,4,19.59,Referral,DE
INV901660,2023-12-25,,Apparel,2,82.33,Email,US
INV903164,2023-09-22,C101718,Office Supplies,2,20.83,Referral,united kingdom
INV901451,2024-08-16,C100774,Toys,4,41.51,Referral,Germany
INV903024,2023-04-20,C101632,Apparel,2,35.31,Email,United Kingdom
INV901430,2024-11-18,C100763,Toys,3,15.95,Organic Search,UK
INV901629,2024-07-25,C100863,Sports & Outdoors,4,61.6,Organic Search, United Kingdom
INV901492,2024-11-16,C100794,Beauty,3,24.48,Email,United Kingdom
INV901321,2023-12-27,C100697,Electronics,3,77.32,Organic Search,United Kingdom
INV902802,2023-12-03,C101494,Toys,4,31.5,Paid Ads,UK
INV900371,2023-08-28,C100200,Books,1,14.72,Organic Search,united kingdom
INV903173,2023-03-14,C101720,Sports & Outdoors,-4,116.34,Referral,UK
INV900236,2024-07-10,C100121,Beauty,5,25.53,Email,france
INV902075,2024-08-24,C101107,Electronics,4,573.18,Organic Search,france
INV902938,2024-10-21,C101566,Toys,2,50.62,Referral,DE
INV902383,2024-07-07,C101291,Toys,4,65.94,Paid Ads,DE
INV900095,2024-06-02,C100046,Home & Kitchen,3,94.94,Email,UK
INV901495,2024-09-09,C100796,Books,1,11.01,Organic Search,france
INV901671,2023-09-03,C100880,Apparel,4,17.79,Organic Search,US
INV902100,2023-10-09,,Home & Kitchen,-4,58.29,Paid Ads,united states
INV900238,2024-12-07,C100121,Office Supplies,3,15.11,Email,france
INV900709,2024-07-14,C100371,Home & Kitchen,4,132.64,Paid Ads,Ireland
INV903062,2023-04-06,C101654,Electronics,1,522.22,Organic Search,united states
INV902695,2023-12-01,C101451,Books,3,30.46,Referral,Germany
INV902798,2023-07-02,C101492,Books,2,31.22,Paid Ads,germany
INV901471,2023-06-27,C100783,Office Supplies,5,44.77,Organic Search,DE
INV901132,2024-07-22,C100590,Books,3,29.48,Organic Search,United Kingdom
INV902575,2024-09-12,C101388,Sports & Outdoors,5,29.21,Organic Search, United Kingdom
INV901809,2024-08-25,C100964,Books,2,22.39,Email,united kingdom
INV901810,2023-12-09,,Toys,1,69.58,Referral,UK
INV902060,2023-03-10,C101098,Toys,4,52.76,Referral,United Kingdom
INV903232,2023-05-13,C101744,Office Supplies,4,30.71,Organic Search,united kingdom
INV902812,2024-10-23,C101499,Electronics,1,459.17,Paid Ads, United Kingdom
INV902791,2023-12-15,C101488,Office Supplies,2,31.67,Email,UK
INV903209,2024-04-11,C101732,Home & Kitchen,5,61.69,Referral,US
INV900498,2023-10-11,C100255,Beauty,3,13.98,Organic Search, United Kingdom
INV900368,2023-10-09,C100197,Beauty,2,18.08,Referral,United Kingdom
INV901596,2023-12-03,C100845,Electronics,3,78.16,Email,Germany
INV903244,2024-03-21,C101754,Toys,2,27.81,Paid Ads,DE
INV902839,2024-08-19,C101512,Sports & Outdoors,5,36.01,Paid Ads,DE
INV900303,2023-11-19,C100162,Electronics,1,502.28,Organic Search, United Kingdom
INV901990,2024-05-18,C101060,Beauty,5,21.7,Email,Ireland
INV901886,2024-08-09,C101005,Sports & Outdoors,3,105.66,Paid Ads, United Kingdom
INV902114,2024-08-11,C101125,Beauty,3,6.4,Paid Ads,DE
INV900720,2023-06-23,C100375,Apparel,2,39.07,Paid Ads,ireland
INV900270,2023-10-11,C100142,Electronics,5,357.08,Email,germany
INV901844,2024-10-06,C100981,Toys,5,69.89,Email,UK
INV900235,2024-05-22,C100121,Home & Kitchen,4,141.96,Email,France
INV903148,2024-06-17,C101710,Toys,1,9.94,Referral, United Kingdom
INV901687,2024-11-04,C100884,Books,5,22.9,Organic Search,ireland
INV903217,2023-11-01,C101737,Office Supplies,2,12.26,Organic Search,United Kingdom
INV902984,2023-08-10,C101600,Office Supplies,5,2476.5831155584606,Organic Search,DE
INV901939,2024-01-02,C101029,Office Supplies,4,9.08,Paid Ads,United States
INV901741,2024-06-23,C100920,Office Supplies,5,12.91,Social,France
INV902693,2023-06-25,C101451,Apparel,2,44.65,Referral,germany
INV902745,2024-05-15,C101471,Sports & Outdoors,1,173.52,Paid Ads,france
INV902525,2024-03-04,C101356,Home & Kitchen,5,14.4,Social, United Kingdom
INV902855,2023-12-11,C101518,Sports & Outdoors,1,189.78,Organic Search,ireland
INV900593,2023-06-27,C100305,Electronics,5,487.12,Organic Search,United States
INV902918,2024-12-18,C101554,Home & Kitchen,5,87.7,Email,US
INV901515,2023-11-25,C100806,Toys,5,37.44,Organic Search,DE
INV902324,2024-08-04,C101262,Home & Kitchen,-5,95.05,Paid Ads,france
INV900401,2023-03-13,C100217,Toys,2,63.71,Referral,USA
INV902620,2023-11-27,C101409,Apparel,5,27.39,Referral,germany
INV900686,2024-09-27,C100355,Home & Kitchen,3,103.58,Referral,DE
INV901625,2024-05-03,C100859,Toys,2,12.58,Social,Germany
INV902499,2024-03-04,C101340,Sports & Outdoors,4,124.2,Organic Search,DE
INV901514,2024-08-20,C100805,Electronics,5,415.82,Social,DE
INV901523,2023-09-14,C100808,Toys,3,61.19,Referral,france
INV902486,2024-06-05,C101337,Office Supplies,4,17.79,Paid Ads,United States
INV900623,2024-12-18,C100319,Office Supplies,4,30.17,Organic Search,UK
INV900334,2024-09-21,C100180,Office Supplies,3,24.58,Organic Search,united kingdom
INV900497,2023-06-09,C100255,Sports & Outdoors,5,67.98,Organic Search,UK
INV901863,2024-02-26,C100990,Office Supplies,3,24.38,Organic Search, United Kingdom
INV901805,2023-07-10,C100963,Books,3,31.33,Paid Ads,France
INV902199,2024-06-25,C101182,Toys,4,27.23,Email,france
INV902155,2023-11-08,C101154,Office Supplies,1,28.25,Paid Ads,France
INV900481,2024-05-12,C100246,Books,1,29.95,Email, United Kingdom
INV900028,2024-05-17,C100015,Apparel,4,64.62,Social,united kingdom
INV902448,2024-07-04,C101319,Office Supplies,1,4.34,Organic Search,france
INV902714,2024-01-05,C101458,Beauty,1,33.44,Social,DE
INV903252,2023-11-21,C101761,Beauty,5,49.83,Paid Ads,united kingdom
INV901939,2024-01-02,C101029,Books,2,30.54,Paid Ads,United States
INV902330,2024-04-19,C101264,Books,5,24.32,Referral,united kingdom
INV900783,2024-09-20,C100403,Apparel,4,27.21,Organic Search,US
INV900176,2024-07-12,C100091,Toys,4,19.62,Referral,United Kingdom
INV900696,2023-03-18,C100358,Books,5,18.59,Paid Ads,united kingdom
INV903273,2024-12-22,C101766,Sports & Outdoors,2,141.17,Referral, United Kingdom
INV902982,2023-07-17,C101600,Apparel,5,19.6,Organic Search,germany
INV901104,2024-08-14,C100575,Beauty,2,15.11,Paid Ads,US
INV900182,2024-03-24,C100096,Toys,4,61.13,Email,france
INV903124,2024-07-18,C101690,Home & Kitchen,2,141.08,Referral,UK
INV901162,2024-01-03,C100606,Apparel,2,48.4,Email, United Kingdom
INV902761,2023-06-23,C101478,Home & Kitchen,3,120.93,Organic Search,France
INV903034,2024-04-14,C101636,Office Supplies,4,31.88,Referral,united kingdom
INV902550,2023-08-12,C101366,Toys,2,69.03,Referral,United Kingdom
INV901699,2024-04-04,C100887,Apparel,3,42.4,Email,Germany
INV902545,2023-11-20,,Books,2,27.45,Organic Search,DE
INV902508,2023-12-05,C101343,Toys,3,15.59,Organic Search,ireland
INV902110,2024-03-26,C101123,Home & Kitchen,1,12.44,Organic Search,United Kingdom
INV901721,2023-12-16,C100906,Sports & Outdoors,4,198.77,Organic Search,United Kingdom
INV900208,2024-05-05,C100111,Home & Kitchen,4,102.88,Paid Ads,USA
INV900070,2023-09-18,C100038,Office Supplies,4,43.38,Referral,france
INV901553,2024-02-11,C100824,Electronics,1,213.65,Paid Ads,Germany
INV900609,2023-08-17,C100312,Office Supplies,4,39.63,Paid Ads,USA
INV902547,2023-01-23,C101365,Toys,5,49.02,Organic Search,United States
INV901564,2024-03-23,C100829,Home & Kitchen,1,108.75,Paid Ads,germany
INV902399,2024-05-09,C101298,Toys,3,27.31,Organic Search,United Kingdom
INV902781,2024-11-28,C101485,Home & Kitchen,5,71.36,Referral,USA
INV901817,2023-08-16,C100967,Books,4,31.43,Organic Search,United Kingdom
INV901417,2023-07-10,C100758,Electronics,3,410.81,Paid Ads,United Kingdom
INV903275,2023-08-06,C101768,Office Supplies,2,26.82,Paid Ads,ireland
INV900711,2023-09-17,C100372,Books,3,30.42,Paid Ads,united states
INV902782,2024-12-28,C101485,Apparel,4,32.3,Referral,united states
INV900835,2024-12-14,C100425,Electronics,1,378.64,Referral,United Kingdom
INV902873,2023-04-06,C101525,Office Supplies,5,6.55,Email,United States
INV900422,2024-12-28,C100223,Books,5,14.87,Organic Search,France
INV900440,2023-08-02,C100232,Electronics,5,334.14,Organic Search,DE
INV901361,2024-08-23,C100721,Electronics,4,187.1,Paid Ads,UK
INV900090,2024-12-11,C100044,Home & Kitchen,1,18.27,Paid Ads,United Kingdom
INV900940,2024-06-22,C100488,Electronics,2,145.91,Social,United Kingdom
INV900366,2023-11-13,,Electronics,4,459.42,Organic Search,Ireland
INV902336,2023-12-12,C101269,Beauty,4,34.88,Paid Ads, United Kingdom
INV903068,2023-06-26,C101655,Apparel,2,84.1,Email,France
INV903273,2024-12-22,C101766,Sports & Outdoors,3,20.67,Referral, United Kingdom
INV900828,2023-12-14,C100423,Books,3,10.37,Referral,germany
INV900328,2024-05-16,C100176,Apparel,5,8.21,Paid Ads,united kingdom
INV900547,2024-03-01,C100282,Office Supplies,1,42.83,Organic Search,UK
INV902060,2023-03-10,C101098,Toys,4,58.61,Referral,United Kingdom
INV902158,2024-11-13,C101156,Home & Kitchen,1,33.04,Social,USA
INV902719,2024-05-03,C101460,Electronics,5,123.35,Referral,germany
INV900781,2024-12-05,C100400,Electronics,2,317.09,Organic Search,Ireland
INV901658,2024-09-28,C100875,Sports & Outdoors,1,145.64,Paid Ads, United Kingdom
INV902547,2023-01-23,C101365,Electronics,3,526.41,Organic Search,United States
INV902436,2023-12-19,C101317,Home & Kitchen,4,61.66,Social,germany
INV902270,2024-11-18,C101212,Beauty,5,44.07,Organic Search,United States
INV900541,2023-05-23,C100279,Beauty,5,30.76,Organic Search,United States
INV900972,2024-07-12,C100506,Apparel,3,76.79,Social,united kingdom
INV900466,2024-05-24,C100241,Home & Kitchen,1,70.39,Referral,united kingdom
INV902464,2024-06-10,C101326,Books,3,16.15,Email,france
INV901358,2023-07-17,C100720,Electronics,3,341.96,Organic Search,US
INV902529,2023-06-28,C101358,Apparel,2,59.55,Organic Search,United Kingdom
INV901116,2024-10-27,C100581,Electronics,4,164.3,Organic Search,United Kingdom
INV900580,2023-09-14,C100300,Beauty,3,54.25,Paid Ads,USA
INV902248,2024-11-10,,Home & Kitchen,2,123.72,Referral,france
INV902645,2023-08-22,,Electronics,2,452.89,Organic Search,Ireland
INV901090,2023-06-02,C100572,Office Supplies,5,25.11,Organic Search,France
INV901980,2024-05-03,C101052,Books,4,24.22,Referral,DE
INV901430,2024-11-18,C100763,Home & Kitchen,1,64.14,Organic Search,UK
INV902120,2024-03-22,C101131,Toys,1,6.12,Paid Ads,France
INV900516,2023-08-08,C100267,Home & Kitchen,1,54.39,Paid Ads, United Kingdom
INV903135,2024-03-06,C101702,Sports & Outdoors,2,175.18,Paid Ads,United Kingdom
INV900193,2024-10-27,C100102,Home & Kitchen,4,122.32,Organic Search,UK
INV900871,2023-12-10,,Office Supplies,3,27.2,Paid Ads,united kingdom
INV900255,2024-08-27,C100133,Sports & Outdoors,5,59.82,Social,United States
INV901549,2024-03-01,C100821,Apparel,4,84.44,Organic Search,United States
INV900022,2024-11-19,C100012,Toys,4,6.27,Social, United Kingdom
INV901445,2024-03-09,C100770,Books,2,33.63,Organic Search,Germany
INV900188,2023-05-21,C100101,Office Supplies,2,22.5,Paid Ads,germany
INV901436,2024-04-22,C100766,Office Supplies,1,21.73,Referral,France
INV901346,2024-04-02,C100713,Books,3,5.69,Paid Ads,UK
INV900306,2023-08-11,C100167,Home & Kitchen,3,3783.1216168840647,Email,Germany
INV902046,2023-12-28,C101089,Books,5,18.52,Organic Search,France
INV900770,2024-06-12,C100395,Sports & Outdoors,1,73.99,Paid Ads, United Kingdom
INV902292,2023-05-23,C101237,Apparel,5,72.71,Referral,France
INV902225,2023-05-21,C101189,Beauty,2,11.46,Paid Ads,UK
INV903187,2024-04-11,,Books,4,33.42,Paid Ads, United Kingdom
INV900901,2024-12-11,C100455,Beauty,1,53.48,Organic Search, United Kingdom
INV900232,2024-11-16,C100120,Office Supplies,4,29.21,Referral,United Kingdom
INV900588,2024-12-12,C100302,Beauty,1,51.7,Referral,UK
INV903016,2024-01-14,C101626,Beauty,3,32.32,Social,United Kingdom
INV902904,2023-12-11,C101552,Home & Kitchen,4,81.1,Email,UK
INV902338,2024-07-03,C101270,Books,5,8.97,Paid Ads,Ireland
INV902435,2024-12-23,,Toys,4,36.04,Organic Search,united kingdom
INV902226,2023-08-04,C101189,Books,1,21.61,Paid Ads, United Kingdom
INV903294,2024-08-18,C101783,Sports & Outdoors,2,75.71,Paid Ads,united kingdom
INV903101,2024-04-11,C101674,Sports & Outdoors,2,99.56,Paid Ads,Germany
INV900111,2023-11-25,C100054,Beauty,3,48.84,Social,US
INV901651,2023-03-07,C100873,Books,1,19.65,Referral,germany
INV903192,2023-03-18,C101729,Home & Kitchen,2,107.09,Organic Search,UK
INV903311,2024-06-09,C101790,Office Supplies,-4,21.22,Social,germany
INV902945,2024-12-24,C101571,Office Supplies,3,29.89,Referral,Germany
INV901268,2023-12-06,C100663,Electronics,2,274.46,Social,DE
INV902992,2023-03-07,C101606,Apparel,5,54.38,Social,DE
INV903238,2024-12-21,C101745,Books,1,6.61,Referral,germany
INV900001,2023-02-07,C100000,Electronics,3,387.32,Paid Ads,france
INV901001,2023-11-18,C100518,Toys,5,37.32,Referral,UK
INV902005,2023-06-20,C101071,Toys,5,29.79,Social,Ireland
INV901470,2023-06-21,C100783,Apparel,4,34.22,Organic Search,germany
INV902808,2024-12-10,C101497,Office Supplies,2,43.99,Organic Search,US
INV900209,2024-05-21,C100111,Home & Kitchen,3,63.42,Paid Ads,USA
INV902910,2024-08-19,C101553,Toys,4,47.54,Referral,DE
INV903003,2023-03-04,C101614,Toys,1,13.7,Organic Search,United Kingdom
INV901791,2024-05-08,C100952,Beauty,3,41.89,Paid Ads,united kingdom
INV901309,2024-09-17,C100692,Sports & Outdoors,4,132.66,Social,Ireland
INV901941,2023-11-16,C101030,Home & Kitchen,3,130.99,Email,Ireland
INV900960,2024-10-16,C100499,Office Supplies,3,23.19,Paid Ads,ireland
INV901758,2023-06-22,C100932,Toys,4,58.99,Paid Ads,DE
INV900962,2024-06-25,C100501,Home & Kitchen,3,138.72,Organic Search,Ireland
INV901256,2024-07-09,C100659,Home & Kitchen,3,106.52,Referral,france
INV900239,2024-02-25,C100122,Apparel,5,59.68,Social, United Kingdom
INV900073,2024-04-01,C100038,Office Supplies,5,20.96,Referral,france
INV902551,2024-05-21,C101369,Toys,5,63.89,Referral,United Kingdom
INV901596,2023-12-03,C100845,Beauty,5,29.6,Email,Germany
INV900957,2023-11-23,C100496,Beauty,3,59.42,Paid Ads,DE
INV902486,2024-06-05,C101337,Office Supplies,3,43.23,Paid Ads,United States
INV903054,2023-02-17,C101652,Beauty,1,33.86,Email,France
INV902903,2023-11-03,C101552,Office Supplies,1,10.43,Email,UK
INV900873,2024-03-14,C100445,Electronics,4,408.92,Email,france
INV901155,2024-05-20,C100598,Apparel,2,80.44,Paid Ads,germany
INV903308,2023-04-16,C101787,Electronics,5,235.55,Email,United Kingdom
INV900808,2023-07-28,C100411,Sports & Outdoors,4,79.0,Social,UK
INV900448,2023-11-16,C100234,Books,2,13.26,Social,France
INV901221,2024-11-03,C100640,Toys,5,26.99,Referral,UK
INV902013,2023-04-20,C101075,Sports & Outdoors,3,113.88,Organic Search,germany
INV900850,2024-08-22,C100437,Electronics,4,261.0,Paid Ads,United Kingdom
INV902262,2023-10-05,C101212,Apparel,3,38.01,Organic Search,united states
INV900472,2024-09-26,C100243,Sports & Outdoors,5,164.72,Referral,United Kingdom
INV901954,2023-02-02,C101037,Beauty,1,18.19,Email,france
INV901420,2023-12-24,C100761,Beauty,1,42.01,Email,United States
INV901899,2024-04-13,C101011,Sports & Outdoors,1,77.29,Organic Search,united states
INV900359,2024-08-20,C100194,Apparel,4,29.28,Paid Ads,ireland
INV902360,2024-07-06,C101281,Electronics,3,377.37,Social,DE
INV900190,2023-09-12,C100101,Books,1,28.86,Paid Ads,germany
INV902416,2024-03-09,C101306,Books,5,30.68,Email,Germany
INV902383,2024-07-07,C101291,Books,1,11.39,Paid Ads,DE
INV900451,2024-01-19,C100234,Office Supplies,-1,16.21,Social,France
INV902737,2024-04-23,,Electronics,3,114.22,Organic Search, United Kingdom
INV901793,2023-09-10,C100953,Books,3,28.76,Referral,united kingdom
INV903168,2024-06-22,C101718,Sports & Outdoors,4,131.63,Referral,united kingdom
INV902536,2023-06-11,C101360,Beauty,1,12.44,Email,Ireland
INV903038,2024-05-01,C101640,Sports & Outdoors,2,197.78,Paid Ads, United Kingdom
INV900155,2024-08-22,C100081,Apparel,3,63.5,Referral,UK
INV900760,2024-03-10,C100390,Home & Kitchen,3,32.48,Paid Ads,US
INV903284,2023-07-08,C101776,Office Supplies,2,37.47,Paid Ads,germany
INV900266,2023-07-23,C100141,Sports & Outdoors,4,101.63,Email,germany
INV902238,2024-07-26,C101200,Electronics,4,259.08,Email, United Kingdom
INV902000,2024-11-15,C101066,Toys,2,55.69,Email,germany
INV900693,2024-09-22,C100357,Apparel,3,48.42,Referral, United Kingdom
INV900329,2024-08-27,C100176,Home & Kitchen,4,92.36,Paid Ads,United Kingdom
INV901078,2023-05-03,C100567,Electronics,2,58.27,Organic Search,United States
INV902080,2023-12-07,C101109,Books,4,33.13,Email,United States
INV903087,2023-11-01,,Sports & Outdoors,4,196.1,Email,United States
INV900862,2024-12-23,C100441,Electronics,1,295.7,Referral,united kingdom
INV902256,2023-06-12,C101208,Office Supplies,1,36.64,Paid Ads,DE
INV903326,2024-01-19,C101799,Office Supplies,5,13.66,Referral,USA
INV900487,2023-05-24,C100250,Office Supplies,-2,16.26,Organic Search,UK
INV903197,2023-11-28,C101729,Beauty,3,21.26,Organic Search, United Kingdom
INV902561,2024-12-02,C101372,Books,4,17.69,Referral,UK
INV902171,2024-09-16,C101162,Home & Kitchen,1,47.6,Paid Ads,france
INV900880,2023-11-01,C100448,Office Supplies,2,42.19,Paid Ads,US
INV903250,2023-12-12,C101759,Electronics,2,473.02,Organic Search,united states
INV901755,2024-04-08,,Office Supplies,4,11.04,Paid Ads,UK
INV902563,2024-03-21,C101373,Apparel,4,44.71,Referral,United Kingdom
INV902068,2024-11-06,C101101,Books,1,18.76,Paid Ads, United Kingdom
INV901194,2023-12-09,C100621,Electronics,4,146.05,Paid Ads,germany
INV902008,2024-04-07,C101071,Toys,1,20.6,Social,Ireland
INV900857,2024-09-05,C100440,Toys,1,9.54,Organic Search,United Kingdom
INV900483,2024-11-11,,Toys,2,29.69,Email,united kingdom
INV900665,2024-08-20,C100348,Beauty,1,54.7,Referral,ireland
INV901051,2024-09-19,C100544,Apparel,3,48.5,Organic Search,united kingdom
INV902961,2023-12-22,C101581,Home & Kitchen,2,76.98,Organic Search,United Kingdom
INV901497,2024-07-05,C100797,Beauty,2,40.86,Referral,United States
INV902904,2023-12-11,C101552,Home & Kitchen,3,92.29,Email,UK
INV901353,2023-10-26,C100717,Apparel,2,84.71,Paid Ads,US
INV901504,2024-06-18,C100800,Toys,1,7.78,Social,united kingdom
INV903272,2024-11-25,C101766,Home & Kitchen,5,15.34,Referral,United Kingdom
INV903098,2024-12-26,C101671,Apparel,1,60.02,Paid Ads, United Kingdom
INV900800,2023-01-22,C100409,Apparel,4,19.77,Social,Ireland
INV902643,2024-05-27,C101423,Home & Kitchen,5,108.08,Organic Search, United Kingdom
INV902750,2023-05-22,C101473,Toys,4,67.71,Organic Search,United Kingdom
INV901377,2023-05-10,C100734,Toys,1,37.47,Social,UK
INV900184,2024-07-26,C100097,Apparel,5,46.86,Organic Search, United Kingdom
INV902852,2023-10-21,C101516,Home & Kitchen,3,69.4,Organic Search,france
INV902918,2024-12-18,C101554,Home & Kitchen,3,76.5,Email,US
INV901728,2024-06-08,C100910,Apparel,3,81.74,Organic Search,france
INV901118,2023-04-11,C100582,Beauty,5,11.89,Paid Ads,United Kingdom
INV900163,2023-10-24,C100087,Office Supplies,5,17.69,Organic Search,DE
INV902843,2024-12-01,,Office Supplies,2,12.8,Paid Ads,United Kingdom
INV900570,2023-10-26,C100297,Books,2,14.63,Email, United Kingdom
INV901257,2023-04-20,C100660,Electronics,3,597.34,Social,UK
INV903317,2023-09-27,C101795,Toys,4,23.5,Organic Search,United Kingdom
INV901450,2024-03-04,C100773,Office Supplies,4,12.85,Organic Search, United Kingdom
INV903168,2024-06-22,C101718,Home & Kitchen,5,104.87,Referral,united kingdom
INV903012,2023-03-11,C101623,Toys,1,11.6,Email, United Kingdom
INV901115,2024-07-23,C100581,Home & Kitchen,4,131.24,Organic Search,United Kingdom
INV901010,2023-08-11,C100520,Beauty,4,31.47,Email,UK
INV900980,2024-02-18,C100508,Books,2,25.08,Referral,UK
INV900996,2023-06-13,C100515,Office Supplies,4,7.88,Referral,US
INV901594,2023-12-14,C100844,Apparel,1,85.8,Email,united kingdom
INV901027,2024-08-02,C100528,Books,4,19.17,Referral,France
INV900781,2024-12-05,C100400,Beauty,2,16.67,Organic Search,Ireland
INV900234,2024-03-15,C100121,Toys,1,57.17,Email,france
INV900548,2024-07-25,C100283,Home & Kitchen,1,122.97,Organic Search,france
INV902842,2024-01-13,C101513,Books,5,34.47,Paid Ads,United Kingdom
INV900308,2023-09-26,C100167,Books,5,31.86,Email,Germany
INV901702,2023-12-10,C100892,Home & Kitchen,5,71.91,Organic Search,United States
INV901832,2023-03-12,C100974,Toys,5,36.76,Social,USA
INV903301,2024-09-22,C101784,Sports & Outdoors,3,80.09,Organic Search,United States
INV902314,2024-01-14,C101254,Books,5,31.86,Email,united kingdom
INV900633,2023-04-14,C100327,Beauty,4,41.88,Paid Ads,united states
INV900801,2023-12-18,C100409,Office Supplies,4,21.08,Social,Ireland
INV902319,2024-01-26,C101258,Office Supplies,3,43.04,Paid Ads,United Kingdom
INV901604,2024-06-17,C100851,Books,4,32.15,Organic Search,Germany
INV901955,2024-05-02,C101037,Books,5,20.79,Email,France
INV901890,2024-06-12,C101007,Toys,4,62.2,Organic Search,france
INV901780,2023-06-11,C100947,Sports & Outdoors,1,22.11,Email,United Kingdom
INV903236,2024-11-07,C101745,Apparel,5,64.53,Referral,germany
INV902401,2023-04-15,C101299,Electronics,1,169.1,Email,United Kingdom
INV902638,2024-03-15,C101422,Home & Kitchen,1,106.76,Paid Ads,US
INV902270,2024-11-18,C101212,Beauty,1,54.74,Organic Search,United States
INV903192,2023-03-18,C101729,Beauty,5,19.22,Organic Search,UK
INV900397,2024-09-13,C100213,Office Supplies,4,10.47,Social,france
INV901092,2023-08-20,C100572,Apparel,3,31.67,Organic Search,France
INV901871,2024-04-07,C100995,Home & Kitchen,3,62.06,Organic Search,DE
INV903224,2023-05-12,C101738,Toys,3,15.9,Referral,UK
INV901669,2024-07-05,C100879,Sports & Outdoors,4,151.62,Paid Ads,UK
INV900558,2024-06-15,C100290,Office Supplies,4,28.98,Paid Ads,USA
INV901398,2023-04-01,C100751,Office Supplies,5,20.95,Organic Search,Germany
INV902824,2024-07-17,C101506,Books,1,6.8,Paid Ads,UK
INV900010,2023-09-09,C100006,Apparel,1,17.94,Paid Ads,US
INV900890,2024-10-19,C100450,Home & Kitchen,1,130.0,Referral, United Kingdom
INV901085,2024-04-01,C100567,Toys,2,67.57,Organic Search,United States
INV901199,2024-11-21,C100624,Apparel,2,73.44,Email,france
INV901723,2023-08-09,C100908,Home & Kitchen,2,132.86,Paid Ads, United Kingdom
INV902190,2024-02-14,C101177,Electronics,2,504.52,Organic Search,Ireland
INV901140,2024-05-13,C100595,Office Supplies,3,8.92,Email,Ireland
INV902749,2024-04-23,C101472,Office Supplies,1,18.2,Organic Search,ireland
INV903284,2023-07-08,C101776,Sports & Outdoors,4,136.33,Paid Ads,germany
INV900225,2024-04-07,,Apparel,5,85.64,Referral,germany
INV901052,2023-02-12,C100545,Office Supplies,5,38.22,Paid Ads,DE
INV902591,2023-07-04,,Toys,3,17.21,Organic Search,united kingdom
INV900466,2024-05-24,C100241,Office Supplies,2,43.33,Referral,united kingdom
INV901037,2024-01-23,C100536,Office Supplies,2,34.28,Organic Search,ireland
INV902990,2024-10-20,C101605,Sports & Outdoors,1,95.85,Organic Search,united kingdom
INV903071,2023-10-02,C101655,Books,1,12.59,Email,france
INV902904,2023-12-11,C101552,Electronics,2,530.08,Email,UK
INV902972,2023-12-02,C101592,Books,3,26.56,Organic Search,united kingdom
INV903311,2024-06-09,C101790,Toys,3,13.94,Social,germany
INV902949,2023-06-02,C101574,Apparel,4,81.11,Paid Ads,UK
INV901138,2023-11-16,C100592,Apparel,1,59.07,Email,DE
INV901588,2023-07-20,C100840,Toys,1,10.22,Organic Search,united states
INV902949,2023-06-02,C101574,Books,2,7.02,Paid Ads,UK
INV901491,2024-06-18,C100793,Apparel,5,49.36,Email,France
INV901644,2024-05-19,C100868,Electronics,4,455.29,Organic Search,united states
INV903195,2023-07-12,C101729,Books,3,14.3,Organic Search,United Kingdom
INV902100,2023-10-09,,Toys,5,54.44,Paid Ads,united states
INV902965,2023-07-08,C101587,Office Supplies,2,27.19,Referral,United Kingdom
INV901553,2024-02-11,C100824,Beauty,5,32.75,Paid Ads,Germany
INV901166,2024-09-27,C100608,Toys,1,45.51,Organic Search,DE
INV903046,2024-10-28,C101647,Beauty,1,15.14,Organic Search,united states
INV901635,2024-12-14,C100863,Apparel,3,48.56,Organic Search, United Kingdom
INV902767,2024-09-07,C101479,Books,1,13.81,Email,united states
INV900911,2024-11-15,C100468,Apparel,2,81.91,Organic Search,united kingdom
INV901485,2024-09-09,C100787,Apparel,3,58.63,Paid Ads,USA
INV903293,2023-03-05,C101782,Sports & Outdoors,5,155.56,Organic Search,USA
INV900718,2023-03-19,C100375,Office Supplies,3,41.8,Paid Ads,ireland
INV901554,2024-11-23,C100824,Sports & Outdoors,3,28.09,Paid Ads,Germany
INV900624,2024-11-22,C100320,Office Supplies,2,3.16,Organic Search,UK
INV902827,2024-02-19,C101509,Apparel,1,24.59,Social,united kingdom
INV902884,2023-06-26,,Office Supplies,1,19.51,Paid Ads,united states
INV903138,2024-09-02,C101704,Sports & Outdoors,4,79.81,Organic Search,Germany
INV902038,2024-03-06,C101083,Toys,3,16.54,Organic Search,United Kingdom
INV902783,2023-05-26,C101486,Apparel,5,70.66,Social,UK
INV901012,2023-10-03,C100520,Sports & Outdoors,2,123.25,Email,United Kingdom
INV900591,2023-12-10,C100304,Books,2,19.11,Organic Search, United Kingdom
INV900105,2023-12-09,C100052,Electronics,5,581.95,Organic Search,United States
INV900918,2024-01-14,C100473,Books,2,16.12,Referral,Ireland
INV900029,2024-08-17,C100015,Sports & Outdoors,3,92.53,Social,UK
INV900873,2024-03-14,C100445,Toys,2,28.28,Email,france
INV900226,2024-06-09,C100117,Electronics,1,549.8,Referral,germany
INV903151,2024-03-28,C101713,Beauty,5,55.48,Referral,UK
INV900723,2023-11-17,,Apparel,2,76.68,Paid Ads,ireland
INV902042,2024-05-16,C101086,Office Supplies,2,9.47,Organic Search,ireland
INV902984,2023-08-10,C101600,Electronics,5,557.04,Organic Search,DE
INV900709,2024-07-14,C100371,Sports & Outdoors,1,102.28,Paid Ads,Ireland
INV900908,2024-05-16,C100463,Beauty,2,20.46,Organic Search,France
INV900697,2023-03-04,C100358,Office Supplies,3,15.35,Paid Ads,united kingdom
INV902690,2023-04-22,C101451,Home & Kitchen,5,35.39,Referral,Germany
INV900301,2024-05-08,C100161,Office Supplies,5,6.98,Email,germany
INV902719,2024-05-03,C101460,Beauty,4,29.3,Referral,germany
INV901521,2023-12-16,C100807,Apparel,4,13.7,Paid Ads,United States
INV900447,2024-12-06,C100233,Office Supplies,4,5.86,Email,US
INV901679,2023-09-05,C100883,Electronics,5,433.61,Organic Search,France
INV902208,2023-11-14,C101184,Apparel,3,68.14,Email,ireland
INV902816,2024-04-26,C101500,Home & Kitchen,3,14.96,Paid Ads,UK
INV901854,2024-02-26,C100984,Electronics,1,259.42,Paid Ads,united kingdom
INV900375,2024-01-10,C100202,Office Supplies,2,31.91,Referral,united kingdom
INV902991,2024-10-27,C101605,Apparel,1,53.36,Organic Search,united kingdom
INV901749,2024-03-25,C100924,Apparel,3,73.13,Email,france
INV902187,2023-06-20,C101177,Sports & Outdoors,4,78.21,Organic Search,ireland
INV903151,2024-03-28,,Home & Kitchen,2,141.66,Referral,UK
INV902147,2024-01-20,C101152,Sports & Outdoors,-1,129.91,Paid Ads,United Kingdom
INV902547,2023-01-23,C101365,Electronics,1,88.11,Organic Search,United States
INV903112,2024-07-22,C101680,Beauty,4,23.14,Organic Search,Germany
INV901647,2024-05-14,C100869,Electronics,3,292.9,Referral,United Kingdom
INV902801,2024-06-08,C101493,Beauty,5,53.16,Organic Search,united states
INV901747,2023-09-17,C100924,Electronics,4,156.85,Email,France
INV900436,2024-11-08,C100231,Home & Kitchen,4,70.96,Paid Ads, United Kingdom
INV900876,2023-07-06,,Home & Kitchen,5,83.95,Paid Ads,france
INV902462,2024-02-07,C101326,Sports & Outdoors,2,66.35,Email,France
INV901117,2023-03-04,C100582,Sports & Outdoors,1,43.99,Paid Ads,United Kingdom
INV901668,2024-07-24,C100879,Home & Kitchen,5,144.34,Paid Ads,united kingdom
INV900881,2023-12-01,C100448,Toys,2,18.98,Paid Ads,USA
INV902682,2023-06-15,C101449,Office Supplies,4,28.13,Organic Search,UK
INV901562,2024-06-23,C100827,Apparel,5,86.13,Referral,united kingdom
INV901528,2024-07-24,C100811,Books,5,12.86,Paid Ads,france
INV901876,2023-12-13,C100997,Home & Kitchen,2,105.91,Organic Search,united kingdom
INV902704,2024-10-06,C101456,Beauty,3,23.97,Paid Ads,ireland
INV900677,2023-10-22,C100351,Toys,3,36.16,Organic Search,UK
INV902652,2023-07-27,C101431,Beauty,5,40.76,Paid Ads,france
INV902398,2024-03-01,C101298,Home & Kitchen,1,51.35,Organic Search,UK
INV902056,2024-11-28,C101096,Toys,3,23.37,Organic Search,France
INV901891,2024-03-08,C101008,Home & Kitchen,5,73.11,Referral,germany
INV900197,2024-05-24,C100104,Electronics,3,576.94,Email,United Kingdom
INV900963,2024-08-03,C100502,Beauty,3,28.43,Social,Ireland
INV900267,2023-06-09,C100142,Home & Kitchen,4,126.48,Email,DE
INV901623,2024-10-12,C100858,Books,1,30.27,Social,France
INV900954,2024-10-09,C100495,Office Supplies,2,20.13,Organic Search,united kingdom
INV900751,2024-08-23,C100387,Books,4,34.63,Paid Ads,germany
INV903073,2024-03-01,C101655,Electronics,2,548.15,Email,france
INV901725,2023-04-18,C100909,Electronics,5,218.59,Organic Search,united kingdom
INV900684,2024-07-19,C100352,Toys,1,51.09,Organic Search,France
INV900578,2024-06-21,C100298,Books,1,17.5,Organic Search,Ireland
INV903116,2024-05-22,C101684,Beauty,4,53.99,Organic Search,United States
INV900703,2023-11-08,C100366,Electronics,3,53.54,Organic Search,united kingdom
INV902298,2024-04-10,C101241,Books,4,20.4,Paid Ads,United Kingdom
INV900742,2023-06-01,C100385,Books,5,21.31,Social,United Kingdom
INV901413,2024-01-23,C100757,Sports & Outdoors,5,190.71,Referral,Ireland
INV900797,2023-08-25,C100407,Beauty,1,30.63,Email,France
INV901401,2023-04-26,C100752,Office Supplies,1,9.68,Organic Search,United Kingdom
INV900583,2024-06-05,C100301,Home & Kitchen,1,89.5,Paid Ads,germany
INV901458,2024-06-05,C100779,Home & Kitchen,4,71.51,Paid Ads,DE
INV901030,2023-09-04,C100533,Sports & Outdoors,3,154.17,Organic Search,UK
INV903012,2023-03-11,C101623,Books,2,16.66,Email, United Kingdom
INV901101,2023-11-28,C100575,Electronics,1,589.49,Paid Ads,united states
INV901362,2024-07-09,C100722,Electronics,4,339.0,Referral,France
INV903273,2024-12-22,C101766,Electronics,2,155.63,Referral, United Kingdom
INV901069,2023-12-22,,Sports & Outdoors,5,16.99,Organic Search, United Kingdom
INV901689,2024-06-28,C100885,Home & Kitchen,1,12.93,Referral,USA
INV902443,2024-03-19,C101318,Sports & Outdoors,4,22.89,Social, United Kingdom
INV902793,2023-11-15,C101489,Electronics,4,566.74,Organic Search,germany
INV902958,2024-10-22,C101580,Home & Kitchen,5,144.63,Paid Ads, United Kingdom
INV902496,2023-11-21,C101340,Apparel,1,71.17,Organic Search,germany
INV902019,2023-11-16,C101075,Office Supplies,1,16.66,Organic Search,DE
INV901877,2023-12-14,C100997,Office Supplies,1,8.5,Organic Search,UK
INV900632,2024-06-01,C100326,Apparel,2,39.26,Paid Ads,UK
INV901999,2024-08-18,C101066,Office Supplies,5,44.35,Email,Germany
INV901290,2024-12-07,C100677,Electronics,5,579.7,Referral,ireland
INV902947,2024-08-28,C101572,Electronics,3,178.47,Email,United States
INV901491,2024-06-18,C100793,Electronics,1,599.15,Email,France
INV901438,2024-08-23,C100766,Books,5,24.0,Referral,france
INV902833,2023-07-02,C101510,Toys,1,19.12,Email,France
INV901560,2024-03-09,C100826,Sports & Outdoors,1,111.14,Paid Ads,UK
INV901283,2024-09-15,C100670,Home & Kitchen,3,68.78,Paid Ads,USA
INV900651,2023-12-19,C100338,Apparel,3,30.13,Organic Search,United Kingdom
INV900167,2024-07-28,C100088,Office Supplies,5,33.36,Paid Ads,ireland
INV902733,2024-06-12,C101464,Home & Kitchen,3,11.46,Email,France
INV903191,2023-10-19,C101728,Toys,3,49.85,Organic Search,united kingdom
INV903148,2024-06-17,C101710,Books,5,8.21,Referral, United Kingdom
INV903299,2024-08-12,C101784,Office Supplies,4,29.23,Organic Search,united states
INV903171,2023-12-16,C101719,Sports & Outdoors,1,26.8,Social,Germany
INV903042,2023-10-01,C101644,Toys,4,66.79,Paid Ads,france
INV900530,2024-04-05,C100275,Office Supplies,1,17.7,Referral,United States
INV902512,2024-07-05,C101346,Sports & Outdoors,4,143.5,Organic Search,United Kingdom
INV901631,2024-10-25,C100863,Sports & Outdoors,4,166.42,Organic Search,united kingdom
INV902922,2024-11-03,C101555,Electronics,1,298.51,Paid Ads,united kingdom
INV902912,2023-10-26,C101554,Office Supplies,2,40.14,Email,United States
INV900110,2023-11-07,C100054,Electronics,3,123.15,Social,USA
INV902159,2024-06-19,,Sports & Outdoors,5,45.54,Paid Ads,germany
INV903222,2023-03-28,C101738,Home & Kitchen,2,23.49,Referral,United Kingdom
INV903047,2024-08-22,C101648,Books,4,14.33,Organic Search,germany
INV902682,2023-06-15,C101449,Books,1,34.74,Organic Search,UK
INV902745,2024-05-15,C101471,Beauty,5,42.43,Paid Ads,france
INV901546,2024-09-13,C100818,Home & Kitchen,1,91.73,Email,DE
INV901019,2023-11-14,C100521,Books,2,25.06,Paid Ads,USA
INV900583,2024-06-05,C100301,Books,-4,33.44,Paid Ads,germany
INV900462,2023-09-02,C100238,Electronics,3,256.59,Organic Search,United Kingdom
INV901739,2024-06-03,C100916,Home & Kitchen,1,22.44,Referral, United Kingdom
INV900878,2024-08-19,C100447,Apparel,5,33.65,Paid Ads,france
INV902400,2023-02-14,C101299,Apparel,1,37.1,Email,UK
INV901415,2024-03-22,C100757,Apparel,5,53.58,Referral,Ireland
INV902064,2024-12-05,C101100,Sports & Outdoors,1,157.79,Referral,united kingdom
INV902868,2024-09-24,C101522,Books,4,31.31,Referral,United Kingdom
INV901836,2023-11-02,C100975,Apparel,4,14.81,Referral,USA
INV902280,2024-11-22,C101222,Beauty,3,25.19,Organic Search, United Kingdom
INV902143,2023-12-04,C101150,Sports & Outdoors,2,121.39,Social,germany
INV900654,2024-11-13,,Office Supplies,2,33.77,Paid Ads,USA
INV900756,2023-09-17,C100389,Home & Kitchen,1,148.35,Paid Ads,Ireland
INV902602,2024-06-22,C101400,Books,1,8.02,Social,United Kingdom
INV900317,2023-06-04,C100170,Sports & Outdoors,4,127.38,Referral,France
INV901930,2023-10-26,C101025,Sports & Outdoors,1,169.3,Organic Search,United States
INV902631,2024-06-01,C101418,Beauty,3,31.37,Paid Ads,united kingdom
INV902859,2024-06-28,C101518,Toys,4,23.9,Organic Search,ireland
INV900010,2023-09-09,C100006,Sports & Outdoors,4,106.84,Paid Ads,US
INV901054,2023-12-18,C100546,Apparel,1,87.64,Social, United Kingdom
INV901762,2023-04-21,C100936,Electronics,1,192.04,Organic Search,US
INV903185,2024-11-16,C101722,Sports & Outdoors,5,39.4,Organic Search,france
INV903037,2023-12-25,C101639,Books,4,28.91,Paid Ads,USA
INV900705,2024-03-18,C100366,Home & Kitchen,5,77.67,Organic Search,UK
INV902465,2023-02-28,C101327,Electronics,3,368.29,Organic Search,France
INV900627,2024-12-16,C100323,Sports & Outdoors,2,21.56,Email,DE
INV901123,2024-02-20,C100586,Sports & Outdoors,4,81.04,Social,France
INV902067,2024-08-25,C101101,Books,3,21.85,Paid Ads,UK
INV900510,2024-06-10,C100261,Toys,3,53.98,Email,Ireland
INV902983,2023-08-15,C101600,Home & Kitchen,1,19.99,Organic Search,germany
INV901851,2024-12-10,,Home & Kitchen,5,144.46,Email,germany
INV902033,2024-11-20,C101080,Electronics,3,387.77,Referral, United Kingdom
INV901129,2024-12-06,C100588,Books,4,17.13,Referral, United Kingdom
INV900075,2024-04-04,C100041,Toys,5,50.84,Referral,USA
INV901698,2024-02-26,C100887,Books,5,5.4,Email,Germany
INV900238,2024-12-07,C100121,Office Supplies,4,35.86,Email,france
INV902285,2024-06-23,C101230,Sports & Outdoors,1,39.92,Organic Search,DE
INV900625,2023-04-24,,Toys,4,34.66,Organic Search,united states
INV901021,2024-12-26,C100522,Sports & Outdoors,3,156.49,Paid Ads,United States
INV900608,2024-07-18,C100310,Home & Kitchen,5,132.59,Referral, United Kingdom
INV902214,2023-12-01,C101185,Office Supplies,3,19.39,Organic Search, United Kingdom
INV900313,2023-05-12,C100169,Office Supplies,1,3.24,Paid Ads,United Kingdom
INV902113,2024-05-17,C101125,Sports & Outdoors,-2,92.53,Paid Ads,germany
INV902534,2023-08-24,C101359,Office Supplies,2,4.38,Paid Ads,United States
INV901244,2024-08-03,C100654,Office Supplies,2,29.18,Organic Search,germany
INV902152,2023-07-10,C101154,Beauty,5,53.69,Paid Ads,France
INV900688,2024-12-23,C100355,Office Supplies,2,5.54,Referral,DE
INV900603,2024-12-13,C100307,Office Supplies,2,34.81,Paid Ads,united kingdom
INV902094,2024-03-27,C101115,Sports & Outdoors,3,195.25,Paid Ads,united kingdom
INV902581,2023-11-15,C101391,Office Supplies,5,9.88,Email,united states
INV902582,2023-11-03,C101391,Books,4,18.71,Email,USA
INV900246,2024-12-28,C100131,Home & Kitchen,3,54.84,Email,germany
INV902199,2024-06-25,C101182,Sports & Outdoors,2,56.4,Email,france
INV900221,2023-05-04,,Apparel,1,77.46,Referral,Germany
INV902431,2023-11-22,C101315,Electronics,3,194.81,Organic Search,germany
INV900582,2024-07-10,C100300,Books,5,34.42,Paid Ads,United States
INV900150,2024-08-07,C100080,Office Supplies,3,39.03,Social,united kingdom
INV901083,2023-11-20,C100567,Apparel,5,78.76,Organic Search,United States
INV900520,2024-05-02,C100268,Beauty,1,19.84,Referral,Germany
INV901646,2023-04-18,C100869,Apparel,2,31.61,Referral,UK
INV900406,2023-12-14,C100218,Toys,3,15.27,Organic Search,United Kingdom
INV900432,2023-11-27,C100228,Beauty,5,53.31,Email,United Kingdom
INV901964,2023-12-25,C101043,Sports & Outdoors,2,115.01,Organic Search,germany
INV900806,2024-01-08,C100410,Sports & Outdoors,1,188.46,Paid Ads, United Kingdom
INV900816,2023-09-12,C100413,Toys,5,23.67,Organic Search,France
INV900533,2023-12-23,C100276,Toys,4,23.21,Paid Ads,France
INV901424,2024-04-01,C100761,Home & Kitchen,1,134.59,Email,United States
INV900532,2023-11-05,C100276,Books,3,15.34,Paid Ads,France
INV903208,2024-03-17,C101732,Books,1,11.94,Referral,United States
INV900139,2023-05-23,C100071,Books,3,19.95,Organic Search,USA
INV900635,2023-05-06,C100328,Books,2,28.02,Social,france
INV903019,2023-03-09,C101629,Toys,3,47.17,Email,Ireland
INV900629,2024-12-22,C100324,Beauty,5,19.69,Organic Search,United Kingdom
INV900909,2023-04-25,C100466,Sports & Outdoors,4,144.1,Organic Search,united kingdom
INV901206,2024-02-03,C100633,Home & Kitchen,3,132.0,Email,UK
INV902367,2023-07-06,C101285,Books,1,17.71,Organic Search,united kingdom
INV902633,2024-01-27,C101419,Toys,4,54.84,Social,germany
INV902140,2024-12-02,C101148,Sports & Outdoors,4,56.35,Organic Search,United Kingdom
INV900199,2024-11-10,C100104,Electronics,5,97.67,Email, United Kingdom
INV902192,2023-11-13,C101178,Beauty,5,30.51,Organic Search,United Kingdom
INV902416,2024-03-09,C101306,Home & Kitchen,4,96.48,Email,Germany
INV901429,2024-11-28,C100763,Home & Kitchen,1,134.84,Organic Search, United Kingdom
INV901076,2023-05-12,C100566,Toys,4,47.97,Paid Ads,UK
INV901407,2024-11-04,C100753,Beauty,1,8.5,Organic Search, United Kingdom
INV902758,2023-10-06,C101477,Electronics,5,227.82,Email,ireland
INV901105,2024-11-13,C100575,Sports & Outdoors,3,197.12,Paid Ads,US
INV900234,2024-03-15,C100121,Toys,5,44.62,Email,france
INV902391,2023-08-16,C101296,Office Supplies,2,4.26,Organic Search, United Kingdom
INV902658,2023-12-08,C101433,Office Supplies,1,21.96,Organic Search,germany
INV902758,2023-10-06,C101477,Beauty,2,45.29,Email,ireland
INV902255,2024-10-06,C101207,Books,5,23.13,Social,US
INV900451,2024-01-19,C100234,Apparel,1,82.5,Social,France
INV900920,2024-06-07,C100475,Toys,5,66.24,Organic Search,united kingdom
INV901887,2024-10-20,C101005,Toys,2,15.43,Paid Ads,UK
INV901307,2024-09-25,C100688,Office Supplies,1,37.83,Organic Search,germany
INV902555,2024-04-25,C101371,Office Supplies,5,19.78,Email,France
INV901284,2024-01-16,C100672,Apparel,2,34.02,Paid Ads,united states
INV901294,2024-09-18,C100680,Apparel,1,62.83,Referral,United Kingdom
INV902692,2023-06-20,C101451,Beauty,4,25.31,Referral,Germany
INV901599,2024-06-19,C100847,Apparel,5,51.73,Paid Ads,ireland
INV903022,2024-07-19,C101630,Sports & Outdoors,2,173.9,Email, United Kingdom
INV901313,2023-08-03,C100694,Toys,1,65.64,Referral,US
INV900054,2023-12-04,C100029,Home & Kitchen,4,13.96,Email,united states
INV901340,2023-12-08,C100709,Office Supplies,2,11.03,Paid Ads,UK
INV901180,2024-05-27,C100614,Electronics,1,140.09,Referral, United Kingdom
INV902191,2023-07-12,C101178,Office Supplies,1,12.47,Organic Search,UK
INV900450,2023-12-10,,Apparel,2,44.61,Social,france
INV901180,2024-05-27,C100614,Beauty,3,5.64,Referral, United Kingdom
INV900389,2024-06-11,C100212,Home & Kitchen,5,99.7,Email,DE
INV902912,2023-10-26,C101554,Beauty,5,8.36,Email,United States
INV901287,2024-05-14,C100674,Electronics,1,273.83,Organic Search,germany
INV901787,2023-12-13,C100950,Office Supplies,2,27.44,Organic Search,United Kingdom
INV902276,2024-03-06,C101220,Toys,3,67.79,Organic Search,united kingdom
INV900473,2024-03-23,C100244,Beauty,4,24.95,Paid Ads,UK
INV901155,2024-05-20,C100598,Home & Kitchen,4,83.86,Paid Ads,germany
INV902012,2023-11-07,C101074,Apparel,1,50.04,Organic Search,US
INV902604,2023-07-09,C101403,Books,5,17.53,Paid Ads,united kingdom
INV902744,2024-08-13,C101470,Electronics,2,288.44,Paid Ads,Ireland
INV900145,2023-11-06,C100075,Sports & Outdoors,2,75.8,Email, United Kingdom
INV900556,2023-11-25,C100288,Sports & Outdoors,2,130.53,Organic Search,UK
INV902897,2023-12-26,C101541,Electronics,3,309.5,Organic Search,USA
INV900476,2023-04-23,C100245,Home & Kitchen,1,10.53,Paid Ads, United Kingdom
INV900171,2024-06-14,C100090,Office Supplies,3,23.93,Email,United States
INV901585,2024-07-25,,Office Supplies,2,15.79,Referral,UK
INV902420,2024-06-20,C101309,Beauty,3,41.4,Organic Search,france
INV902875,2023-06-18,C101528,Apparel,5,76.69,Email,germany
INV903051,2023-04-22,C101650,Beauty,5,15.45,Paid Ads,united kingdom
INV901136,2023-10-11,C100592,Beauty,3,50.22,Email,Germany
INV901012,2023-10-03,C100520,Office Supplies,4,22.17,Email,United Kingdom
INV901153,2024-10-03,C100597,Books,5,25.49,Email,germany
INV901845,2023-12-06,C100982,Apparel,2,84.2,Paid Ads,germany
INV902985,2023-07-20,C101603,Home & Kitchen,4,99.78,Referral,UK
INV901035,2023-11-08,C100536,Sports & Outdoors,2,98.74,Organic Search,Ireland
INV900799,2024-08-06,C100408,Sports & Outdoors,5,136.18,Organic Search,UK
INV900660,2024-09-25,C100347,Books,4,6.64,Organic Search,france
INV901547,2023-01-10,C100820,Books,5,13.48,Organic Search,germany
INV902663,2023-12-21,C101436,Toys,3,53.96,Referral,DE
INV902351,2024-07-07,C101277,Sports & Outdoors,4,130.75,Referral,united kingdom
INV900787,2024-02-21,C100404,Electronics,-2,139.94,Referral,france
INV901112,2023-05-14,C100580,Books,4,29.29,Paid Ads,france
INV901845,2023-12-06,C100982,Toys,2,67.66,Paid Ads,germany
INV902443,2024-03-19,C101318,Apparel,3,53.79,Social, United Kingdom
INV900039,2024-09-21,C100018,Electronics,5,313.02,Organic Search, United Kingdom
INV901338,2024-02-02,C100707,Sports & Outdoors,1,69.81,Organic Search,united kingdom
INV902327,2023-08-20,C101264,Sports & Outdoors,4,153.29,Referral, United Kingdom
INV900634,2023-12-21,C100327,Apparel,3,27.62,Paid Ads,United States
INV901815,2024-05-15,C100965,Sports & Outdoors,2,168.82,Referral,UK
INV900658,2023-07-05,C100345,Office Supplies,4,17.52,Organic Search,ireland
INV900446,2024-11-04,C100233,Beauty,5,21.52,Email,United States
INV900683,2024-02-01,C100352,Books,5,20.75,Organic Search,France
INV900340,2023-11-13,C100182,Apparel,3,36.02,Social,DE
INV901764,2023-03-03,C100937,Sports & Outdoors,5,64.87,Paid Ads,UK
INV901767,2024-03-13,C100938,Electronics,2,173.59,Referral,United States
INV900331,2024-07-08,C100178,Office Supplies,4,13.27,Email,Germany
INV902412,2024-02-07,C101304,Electronics,5,583.57,Paid Ads,DE
INV901302,2024-05-18,C100686,Home & Kitchen,2,76.12,Paid Ads,germany
INV900799,2024-08-06,C100408,Apparel,3,40.4,Organic Search,UK
INV902460,2024-11-03,C101324,Sports & Outdoors,1,39.99,Referral,United States
INV903067,2023-05-27,C101655,Books,4,19.05,Email,France
INV901518,2023-06-21,C100807,Electronics,4,551.44,Paid Ads,USA
INV900814,2023-05-28,C100413,Sports & Outdoors,1,101.87,Organic Search,france
INV902639,2024-06-01,C101422,Office Supplies,4,8.69,Paid Ads,USA
INV903318,2023-12-12,C101795,Office Supplies,3,14.62,Organic Search, United Kingdom
INV901953,2024-08-21,C101035,Electronics,4,194.3,Organic Search,Ireland
INV900134,2024-03-14,C100064,Home & Kitchen,5,72.72,Social, United Kingdom
INV902562,2023-09-10,C101373,Books,4,29.98,Referral,UK
INV901794,2023-10-27,C100953,Electronics,2,158.7,Referral,UK
INV902402,2023-09-06,C101299,Home & Kitchen,5,45.47,Email,united kingdom
INV902111,2024-08-22,C101124,Office Supplies,1,15.96,Paid Ads,France
INV901110,2024-05-05,C100577,Sports & Outdoors,2,86.17,Social,germany
INV900259,2024-01-15,C100135,Sports & Outdoors,3,28.42,Email,france
INV900986,2024-09-23,C100510,Office Supplies,4,7.5,Referral,United Kingdom
INV901183,2024-12-22,C100614,Toys,3,59.6,Referral,united kingdom
INV901401,2023-04-26,C100752,Beauty,1,49.15,Organic Search,United Kingdom
INV901610,2024-10-15,C100852,Books,2,15.53,Referral,UK
INV902006,2023-08-18,C101071,Office Supplies,2,22.05,Social,Ireland
INV900519,2024-04-12,C100268,Books,5,20.1,Referral,DE
INV903034,2024-04-14,C101636,Toys,3,65.45,Referral,united kingdom
INV900681,2023-09-28,C100352,Apparel,5,65.71,Organic Search,france
INV902366,2023-05-10,C101285,Sports & Outdoors,5,132.29,Organic Search,UK
INV902481,2024-12-23,C101334,Beauty,2,36.2,Email,United Kingdom
INV900428,2024-12-01,C100225,Apparel,5,66.99,Paid Ads,Germany
INV902524,2024-03-08,C101356,Electronics,3,568.26,Social,UK
INV902984,2023-08-10,C101600,Books,2,34.05,Organic Search,DE
INV900299,2024-03-12,C100161,Sports & Outdoors,3,77.82,Email,DE
INV900766,2023-11-04,C100391,Toys,4,29.54,Email,Ireland
INV902665,2023-09-25,C101438,Office Supplies,3,29.32,Paid Ads,France
INV901115,2024-07-23,C100581,Toys,3,25.13,Organic Search,United Kingdom
INV900272,2023-10-04,C100143,Sports & Outdoors,5,42.46,Email,UK
INV902349,2024-10-04,C101276,Apparel,5,28.03,Paid Ads,united kingdom
INV902114,2024-08-11,C101125,Apparel,3,60.6,Paid Ads,DE
INV902981,2024-08-09,C101599,Home & Kitchen,1,66.61,Paid Ads,france
INV901350,2024-04-06,C100715,Books,5,19.35,Organic Search,united kingdom
INV901125,2024-08-09,C100586,Home & Kitchen,5,69.79,Social,france
INV901909,2023-12-28,C101012,Electronics,5,409.57,Social,Ireland
INV902572,2024-06-14,C101379,Sports & Outdoors,2,65.21,Email,Germany
INV902966,2023-07-05,C101587,Toys,2,18.31,Referral,united kingdom
INV900697,2023-03-04,C100358,Home & Kitchen,5,127.01,Paid Ads,united kingdom
INV900445,2024-10-12,,Home & Kitchen,4,37.77,Email,United States
INV901991,2024-03-25,C101063,Electronics,3,109.06,Organic Search,united kingdom
INV902111,2024-08-22,C101124,Books,2,25.21,Paid Ads,France
INV902930,2023-12-27,C101564,Electronics,5,493.09,Organic Search,France
INV903276,2023-04-24,C101769,Home & Kitchen,5,54.16,Paid Ads,United Kingdom
INV900194,2023-01-23,C100103,Toys,4,66.02,Organic Search,Germany
INV901324,2023-03-04,C100698,Beauty,4,31.41,Referral,France
INV902928,2024-01-17,C101561,Office Supplies,3,15.94,Email,USA
INV902407,2024-03-17,C101302,Home & Kitchen,3,90.82,Referral,united states
INV902944,2023-12-16,C101571,Electronics,2,118.57,Referral,Germany
INV902671,2024-09-28,C101442,Sports & Outdoors,3,63.83,Email,United Kingdom
INV903289,2024-04-07,C101778,Electronics,2,73.58,Email,united states
INV900919,2024-04-16,C100475,Sports & Outdoors,2,89.37,Organic Search,UK
INV901531,2023-06-27,C100813,Sports & Outdoors,2,13.05,Referral,Ireland
INV900984,2024-10-14,C100508,Beauty,1,44.29,Referral,UK
INV900248,2023-02-12,C100132,Home & Kitchen,4,131.73,Paid Ads,DE
INV902355,2023-09-03,C101278,Electronics,4,262.11,Organic Search,DE
INV902343,2024-05-06,C101273,Electronics,1,292.28,Organic Search,United Kingdom
INV900089,2024-09-18,C100044,Office Supplies,4,5.79,Paid Ads,United Kingdom
INV900899,2024-03-11,C100455,Office Supplies,3,41.97,Organic Search,UK
INV901842,2023-12-04,C100980,Beauty,4,17.35,Paid Ads,france
INV902910,2024-08-19,C101553,Beauty,3,5.75,Referral,DE
INV901859,2023-09-25,C100987,Home & Kitchen,4,90.3,Organic Search,ireland
INV902927,2023-12-13,C101561,Toys,1,18.25,Email,USA
INV902036,2023-12-22,C101083,Sports & Outdoors,4,70.38,Organic Search,united kingdom
INV900383,2023-12-23,C100208,Books,2,13.05,Social,ireland
INV901983,2023-03-05,C101054,Office Supplies,3,5.29,Social,germany
INV901326,2023-05-09,C100702,Toys,2,38.0,Email,Germany
INV900723,2023-11-17,C100375,Office Supplies,5,19.2,Paid Ads,ireland
INV902545,2023-11-20,C101363,Home & Kitchen,5,39.11,Organic Search,DE
INV900353,2024-06-07,C100190,Office Supplies,5,30.33,Organic Search,United Kingdom
INV903046,2024-10-28,C101647,Beauty,2,45.33,Organic Search,united states
INV901905,2023-05-02,C101012,Sports & Outdoors,3,185.53,Social,Ireland
INV900903,2024-06-08,C100460,Electronics,2,408.29,Email,Ireland
INV900868,2023-07-03,,Books,4,32.59,Paid Ads,ireland
INV903204,2024-12-18,C101730,Books,1,10.17,Organic Search,United Kingdom
INV900351,2024-01-05,C100189,Office Supplies,4,28.26,Paid Ads, United Kingdom
INV902766,2023-09-11,C101479,Electronics,4,342.5,Email,united states
INV900157,2023-08-24,C100082,Sports & Outdoors,4,19.97,Email,France
INV901894,2023-06-19,C101010,Office Supplies,4,8.04,Organic Search,USA
INV901355,2023-03-10,C100720,Electronics,5,569.4,Organic Search,US
INV900624,2024-11-22,C100320,Apparel,-1,19.24,Organic Search,UK
INV900732,2024-08-11,C100382,Apparel,3,89.65,Paid Ads,france
INV900560,2024-08-11,C100293,Books,2,28.3,Social,germany
INV902205,2024-11-17,C101183,Toys,2,24.71,Organic Search,germany
INV901033,2023-10-25,C100535,Toys,2,46.31,Social,united kingdom
INV902149,2024-11-17,C101153,Sports & Outdoors,5,134.32,Referral,united kingdom
INV901423,2024-04-04,C100761,Apparel,4,42.36,Email,united states
INV900532,2023-11-05,C100276,Electronics,3,207.68,Paid Ads,France
INV900475,2023-02-01,C100245,Electronics,4,379.53,Paid Ads,united kingdom
INV900326,2024-02-19,C100174,Beauty,3,24.1,Referral,United Kingdom
INV902333,2024-08-08,C101268,Books,2,25.81,Paid Ads,germany
INV902751,2023-12-02,C101473,Home & Kitchen,5,108.11,Organic Search,united kingdom
INV902677,2024-10-06,C101444,Beauty,1,35.49,Email,Germany
INV902086,2024-12-22,C101112,Books,4,17.07,Organic Search,DE
INV902126,2023-07-06,C101135,Apparel,2,23.67,Referral,DE
INV902608,2024-06-04,C101404,Electronics,4,330.87,Paid Ads,ireland
INV902844,2023-07-04,C101514,Toys,4,32.23,Paid Ads,DE
INV903063,2023-04-25,C101654,Office Supplies,3,40.36,Organic Search,united states
INV901408,2024-12-21,C100753,Electronics,5,314.02,Organic Search, United Kingdom
INV902330,2024-04-19,C101264,Office Supplies,-1,41.14,Referral,united kingdom
INV901386,2024-12-18,,Books,2,34.62,Organic Search,United Kingdom
INV901536,2024-05-10,,Apparel,5,16.32,Organic Search,Ireland
INV902075,2024-08-24,C101107,Sports & Outdoors,1,109.85,Organic Search,france
INV902025,2023-05-13,C101077,Office Supplies,1,9.25,Social,UK
INV901478,2023-12-17,C100784,Beauty,3,5.71,Organic Search,france
INV902219,2024-03-08,,Toys,2,26.6,Paid Ads,United States
INV900727,2024-06-27,C100377,Electronics,5,342.96,Organic Search,France
INV902180,2024-05-05,C101170,Books,5,30.83,Referral,united kingdom
INV900739,2023-03-03,C100385,Electronics,1,563.03,Social, United Kingdom
INV901335,2023-03-06,C100706,Sports & Outdoors,5,199.05,Social,Germany
INV900416,2023-11-18,C100221,Beauty,1,24.91,Organic Search,UK
INV902557,2023-10-26,C101372,Electronics,4,242.55,Referral,united kingdom
INV901827,2023-06-09,C100970,Office Supplies,3,5.68,Organic Search,United Kingdom
INV900684,2024-07-19,C100352,Sports & Outdoors,3,149.97,Organic Search,France
INV901867,2024-02-05,C100991,Books,2,19.19,Referral,France
INV902409,2024-07-23,,Sports & Outdoors,4,167.94,Organic Search,United Kingdom
INV902794,2023-12-06,C101491,Beauty,2,46.52,Referral,france
INV902457,2024-11-27,C101323,Books,2,5.69,Organic Search,ireland
INV903114,2023-02-13,C101681,Books,2,13.93,Referral, United Kingdom
INV901684,2024-07-09,,Toys,5,17.52,Organic Search,ireland
INV901409,2024-10-04,C100754,Home & Kitchen,4,14.24,Social,ireland
INV900569,2023-09-15,C100297,Toys,2,46.29,Email, United Kingdom
INV901599,2024-06-19,C100847,Toys,5,21.49,Paid Ads,ireland
INV902173,2023-01-18,C101166,Office Supplies,5,25.39,Paid Ads,DE
INV902387,2024-08-17,C101294,Beauty,2,55.14,Paid Ads,United Kingdom
INV900764,2023-08-01,C100391,Books,2,34.11,Email,Ireland
INV900553,2024-11-11,C100285,Beauty,1,32.14,Referral, United Kingdom
INV900825,2024-08-28,C100420,Toys,1,35.01,Paid Ads, United Kingdom
INV902283,2024-12-24,C101226,Home & Kitchen,1,23.78,Paid Ads,Germany
INV900331,2024-07-08,,Home & Kitchen,1,104.86,Email,Germany
INV901462,2024-04-09,C100781,Toys,2,31.7,Referral,france
INV902754,2024-12-06,C101474,Apparel,4,49.89,Paid Ads,US
INV901663,2024-06-20,C100877,Beauty,1,41.28,Paid Ads,United Kingdom
INV900943,2024-11-03,C100490,Sports & Outdoors,3,123.01,Social, United Kingdom
INV900353,2024-06-07,C100190,Electronics,3,375.22,Organic Search,United Kingdom
INV900019,2024-08-14,C100011,Office Supplies,2,32.03,Referral,united kingdom
INV902845,2023-07-07,C101514,Apparel,1,21.94,Paid Ads,Germany
INV901411,2024-04-19,C100755,Toys,5,45.54,Paid Ads,US
INV901680,2023-09-22,C100883,Apparel,1,12.3,Organic Search,france
INV902370,2023-12-08,C101287,Office Supplies,1,4.78,Paid Ads,Germany
INV903001,2024-05-13,C101613,Electronics,4,309.04,Organic Search,USA
INV901714,2023-03-20,C100901,Home & Kitchen,5,72.83,Email,UK
INV902907,2024-01-19,C101553,Beauty,4,42.78,Referral,DE
INV903038,2024-05-01,C101640,Books,2,16.74,Paid Ads, United Kingdom
INV900461,2023-08-01,C100238,Electronics,1,515.22,Organic Search, United Kingdom
INV901073,2024-06-02,C100564,Office Supplies,3,28.97,Email,United Kingdom
INV902983,2023-08-15,C101600,Beauty,4,59.3,Organic Search,germany
INV901326,2023-05-09,C100702,Apparel,4,67.29,Email,Germany
INV901691,2023-06-22,C100886,Beauty,5,25.42,Paid Ads,United Kingdom
INV902315,2024-01-17,C101254,Home & Kitchen,4,102.79,Email,united kingdom
INV903170,2024-11-25,C101718,Electronics,5,294.48,Referral,united kingdom
INV900966,2023-09-03,C100504,Books,5,8.1,Organic Search,ireland
INV900139,2023-05-23,C100071,Sports & Outdoors,5,143.92,Organic Search,USA
INV900824,2024-12-06,C100418,Home & Kitchen,2,35.08,Email,united kingdom
INV901058,2024-02-21,C100549,Sports & Outdoors,2,28.07,Organic Search,DE
INV903043,2024-12-05,C101644,Beauty,1,55.77,Paid Ads,france
INV902889,2024-10-23,C101536,Electronics,3,301.5,Paid Ads, United Kingdom
INV900841,2024-05-16,C100432,Office Supplies,5,5.24,Paid Ads,United Kingdom
INV901194,2023-12-09,C100621,Books,1,8.38,Paid Ads,germany
INV901033,2023-10-25,C100535,Office Supplies,2,16.96,Social,united kingdom
INV900118,2023-12-13,C100056,Apparel,4,62.29,Referral,USA
INV901829,2023-07-19,C100970,Books,2,20.22,Organic Search,UK
INV900213,2023-11-25,C100114,Apparel,3,21.36,Paid Ads, United Kingdom
INV901287,2024-05-14,C100674,Home & Kitchen,2,148.62,Organic Search,germany
INV901517,2023-04-04,C100807,Beauty,2,47.91,Paid Ads,US
INV902729,2024-01-09,C101463,Sports & Outdoors,1,37.6,Referral,United Kingdom
INV903236,2024-11-07,C101745,Sports & Outdoors,3,157.26,Referral,germany
INV903026,2023-09-06,C101632,Toys,3,22.42,Email,united kingdom
INV902677,2024-10-06,C101444,Beauty,4,9.58,Email,Germany
INV903212,2024-04-09,C101735,Home & Kitchen,3,65.23,Paid Ads,Germany
INV900322,2024-11-20,C100172,Sports & Outdoors,2,185.23,Paid Ads,United Kingdom
INV900452,2024-01-15,C100234,Electronics,3,536.88,Social,france
INV901720,2024-10-02,C100904,Toys,3,67.96,Email,ireland
INV900646,2024-07-24,C100335,Toys,3,29.81,Organic Search,france
INV901666,2023-12-09,C100878,Toys,4,28.79,Paid Ads,US
INV901655,2023-11-28,C100875,Beauty,4,57.5,Paid Ads,UK
INV901926,2024-07-05,C101022,Books,1,29.31,Paid Ads,USA
INV901679,2023-09-05,C100883,Sports & Outdoors,2,58.87,Organic Search,France
INV903112,2024-07-22,C101680,Toys,4,56.91,Organic Search,Germany
INV901716,2024-02-22,,Electronics,3,408.28,Organic Search,Germany
INV900450,2023-12-10,C100234,Beauty,4,50.04,Social,france
INV903095,2024-06-18,,Electronics,-3,289.35,Organic Search,United Kingdom
INV902878,2024-07-19,C101529,Sports & Outdoors,3,54.2,Referral, United Kingdom
INV902521,2023-12-06,C101352,Office Supplies,4,10.88,Paid Ads,DE
INV903081,2024-01-06,C101660,Home & Kitchen,4,68.89,Email, United Kingdom
INV901090,2023-06-02,C100572,Home & Kitchen,5,133.06,Organic Search,France
INV900168,2023-11-15,C100090,Sports & Outdoors,5,63.83,Email,US
INV902365,2023-03-23,C101285,Beauty,2,5.38,Organic Search, United Kingdom
INV900680,2023-06-12,C100352,Electronics,4,154.94,Organic Search,france
INV900410,2024-11-01,C100218,Home & Kitchen,5,75.04,Organic Search,United Kingdom
INV900373,2023-12-05,C100200,Beauty,3,34.73,Organic Search,united kingdom
INV901877,2023-12-14,C100997,Apparel,4,66.11,Organic Search,UK
INV902301,2024-08-06,C101241,Beauty,3,43.46,Paid Ads,United Kingdom
INV900531,2023-10-23,C100276,Beauty,5,41.06,Paid Ads,France
INV903172,2023-12-19,C101719,Apparel,5,18.24,Social,germany
INV901391,2023-04-28,C100749,Toys,4,46.44,Referral,US
INV901332,2023-12-14,C100705,Electronics,4,378.04,Organic Search,US
INV902399,2024-05-09,C101298,Sports & Outdoors,5,146.67,Organic Search,United Kingdom
INV903144,2023-05-20,C101708,Office Supplies,4,23.03,Email,USA
INV901982,2024-11-07,C101053,Toys,1,35.78,Social,US
INV903131,2023-07-11,C101700,Office Supplies,5,17.08,Paid Ads,United States
INV900078,2024-10-08,C100041,Sports & Outdoors,2,99.78,Referral,United States
INV901111,2023-12-04,C100579,Office Supplies,5,13.81,Paid Ads,United Kingdom
INV901656,2023-12-02,C100875,Sports & Outdoors,1,96.75,Paid Ads,UK
INV900142,2024-10-10,C100073,Sports & Outdoors,5,56.53,Social,United Kingdom
INV901211,2023-06-23,C100636,Books,4,6.96,Referral,germany
INV902889,2024-10-23,C101536,Office Supplies,2,41.75,Paid Ads, United Kingdom
INV901521,2023-12-16,C100807,Toys,1,46.16,Paid Ads,United States
INV902123,2024-05-01,C101134,Apparel,1,68.4,Organic Search,United Kingdom
INV901926,2024-07-05,C101022,Toys,2,51.7,Paid Ads,USA
INV903052,2023-05-11,C101650,Beauty,3,28.0,Paid Ads,UK
INV901348,2024-10-13,C100714,Apparel,1,55.16,Referral, United Kingdom
INV901043,2023-03-25,C100537,Electronics,4,258.15,Paid Ads,united kingdom
INV901949,2024-07-01,C101034,Electronics,3,142.14,Email,united kingdom
INV900630,2023-06-15,C100325,Beauty,5,14.93,Referral,United Kingdom
INV902385,2024-02-17,C101292,Office Supplies,4,4.04,Email, United Kingdom
INV901347,2024-07-07,C100714,Beauty,3,2585.9140400456863,Referral,United Kingdom
INV900392,2024-11-13,C100212,Sports & Outdoors,1,45.85,Email,germany
INV902332,2023-05-22,C101266,Books,5,12.15,Referral,Germany
INV900960,2024-10-16,C100499,Electronics,2,418.81,Paid Ads,ireland
INV901348,2024-10-13,C100714,Beauty,2,42.45,Referral, United Kingdom
INV900101,2024-08-16,C100049,Apparel,5,20.15,Paid Ads, United Kingdom
INV900524,2023-12-15,C100269,Beauty,1,49.17,Organic Search,United Kingdom
INV902068,2024-11-06,C101101,Books,4,22.34,Paid Ads, United Kingdom
INV902738,2024-11-14,C101466,Office Supplies,4,22.95,Organic Search,United Kingdom
INV900035,2023-12-17,C100017,Apparel,-5,32.4,Organic Search,ireland
INV903160,2024-01-13,C101716,Sports & Outdoors,1,44.41,Organic Search,germany
INV900102,2024-10-12,C100049,Office Supplies,1,35.67,Paid Ads, United Kingdom
INV900110,2023-11-07,C100054,Home & Kitchen,4,97.26,Social,USA
INV902646,2024-03-11,C101426,Electronics,5,521.94,Organic Search,DE
INV901149,2024-04-18,C100597,Apparel,4,36.5,Email,Germany
INV902476,2024-05-18,C101331,Electronics,3,170.69,Email, United Kingdom
INV901436,2024-04-22,C100766,Books,5,9.43,Referral,France
INV903028,2024-05-13,C101632,Home & Kitchen,2,100.55,Email,United Kingdom
INV900066,2024-12-20,C100035,Home & Kitchen,2,127.56,Organic Search,Germany
INV902401,2023-04-15,C101299,Office Supplies,1,13.31,Email,United Kingdom
INV900351,2024-01-05,C100189,Office Supplies,4,7.38,Paid Ads, United Kingdom
INV902241,2023-12-19,C101201,Office Supplies,2,30.44,Organic Search,United States
INV902955,2023-04-23,C101578,Home & Kitchen,3,74.2,Paid Ads,UK
INV902204,2024-10-17,C101183,Electronics,3,102.26,Organic Search,DE
INV901390,2024-07-08,C100747,Apparel,4,66.05,Referral,US
INV900564,2024-06-23,C100296,Electronics,4,566.52,Organic Search,France
INV902181,2024-01-26,C101171,Home & Kitchen,4,42.56,Paid Ads,UK
INV901026,2024-09-10,C100526,Sports & Outdoors,2,13.38,Organic Search,france
INV902903,2023-11-03,C101552,Electronics,4,456.43,Email,UK
INV902641,2024-03-20,C101423,Beauty,2,46.45,Organic Search, United Kingdom
INV900716,2024-12-28,C100374,Apparel,2,52.87,Organic Search,USA
INV900161,2024-04-18,C100085,Sports & Outdoors,5,147.64,Social,France
INV903253,2023-03-07,C101762,Office Supplies,3,3.28,Paid Ads,United Kingdom
INV901085,2024-04-01,C100567,Toys,1,52.54,Organic Search,United States
INV903209,2024-04-11,C101732,Office Supplies,4,26.91,Referral,US
INV902183,2023-07-15,C101176,Toys,1,43.91,Social,united kingdom
INV901600,2024-05-24,C100848,Home & Kitchen,4,111.9,Paid Ads, United Kingdom
INV900567,2024-12-08,C100296,Office Supplies,5,39.46,Organic Search,France
INV902627,2023-09-14,C101417,Toys,2,48.5,Referral,US
INV900594,2023-07-07,C100306,Electronics,4,217.95,Email,Germany
INV900320,2023-10-10,C100171,Home & Kitchen,4,54.19,Email,germany
INV900605,2024-02-07,C100310,Home & Kitchen,1,51.1,Referral,UK
INV902246,2024-08-15,C101202,Beauty,1,45.62,Referral,France
INV903254,2023-04-04,C101762,Beauty,1,39.24,Paid Ads,UK
INV900464,2023-03-19,C100240,Apparel,1,49.61,Paid Ads,ireland
INV902020,2024-03-15,,Sports & Outdoors,4,84.93,Organic Search,germany
INV900997,2024-07-24,C100516,Beauty,5,56.43,Paid Ads, United Kingdom
INV902281,2024-12-06,C101222,Books,1,9.54,Organic Search,united kingdom
INV900894,2024-05-08,C100452,Home & Kitchen,3,34.25,Organic Search,united kingdom
INV901640,2024-12-19,C100865,Sports & Outdoors,1,73.45,Organic Search,united states
INV900600,2023-12-18,C100307,Electronics,1,332.47,Paid Ads,United Kingdom
INV900810,2024-08-12,C100411,Apparel,2,19.08,Social, United Kingdom
INV902645,2023-08-22,C101424,Toys,2,40.92,Organic Search,Ireland
INV903214,2024-06-02,C101735,Beauty,4,47.53,Paid Ads,germany
INV902769,2023-10-12,,Sports & Outdoors,3,138.15,Organic Search,united kingdom
INV900690,2023-04-15,C100356,Sports & Outdoors,3,12.27,Referral,France
INV902224,2023-02-26,C101189,Sports & Outdoors,3,89.1,Paid Ads,united kingdom
INV900879,2024-11-08,C100447,Office Supplies,1,16.29,Paid Ads,France
INV902030,2024-09-06,C101079,Home & Kitchen,5,145.17,Organic Search,Ireland
INV903325,2023-12-09,C101799,Electronics,5,129.92,Referral,USA
INV901267,2023-08-16,C100663,Toys,5,51.44,Social,germany
INV900719,2023-04-22,C100375,Office Supplies,3,40.97,Paid Ads,Ireland
INV901803,2023-07-11,C100960,Apparel,3,80.07,Paid Ads,united kingdom
INV901956,2024-05-08,C101037,Apparel,1,34.68,Email,france
INV902603,2023-07-27,C101402,Home & Kitchen,5,117.31,Paid Ads,germany
INV901703,2023-12-13,C100892,Sports & Outdoors,5,138.68,Organic Search,united states
INV901097,2023-11-17,C100573,Beauty,5,45.53,Paid Ads,france
INV900352,2024-06-28,C100189,Books,5,5.07,Paid Ads,UK
INV901593,2023-09-20,C100844,Electronics,4,334.74,Email,united kingdom
INV901747,2023-09-17,C100924,Sports & Outdoors,-5,118.01,Email,France
INV900120,2024-09-16,C100056,Sports & Outdoors,5,61.33,Referral,united states
INV902987,2024-10-26,,Beauty,2,23.06,Referral,UK
INV901625,2024-05-03,C100859,Office Supplies,1,31.23,Social,Germany
INV902392,2024-01-24,,Electronics,3,416.7,Organic Search,United Kingdom
INV901722,2024-01-24,C100906,Apparel,5,83.2,Organic Search,United Kingdom
INV903237,2024-11-03,C101745,Sports & Outdoors,5,182.38,Referral,Germany
INV900244,2023-12-08,C100128,Toys,2,11.35,Email,USA
INV900793,2023-10-28,C100406,Home & Kitchen,4,62.69,Paid Ads,united kingdom
INV901849,2024-04-01,C100983,Sports & Outdoors,1,190.89,Email,Germany
INV901410,2024-10-22,C100754,Electronics,2,469.28,Social,ireland
INV901556,2023-02-21,C100825,Sports & Outdoors,4,120.03,Organic Search,Germany
INV901740,2024-07-17,C100917,Beauty,1,39.39,Paid Ads,UK
INV900906,2024-12-04,C100461,Electronics,4,283.06,Paid Ads,Ireland
INV900211,2024-11-08,C100111,Office Supplies,1,4.82,Paid Ads,USA
INV901100,2023-08-20,C100575,Home & Kitchen,5,102.93,Paid Ads,United States
INV902409,2024-07-23,C101303,Apparel,5,26.27,Organic Search,United Kingdom
INV902207,2023-11-11,C101184,Sports & Outdoors,1,57.86,Email,ireland
INV901033,2023-10-25,C100535,Electronics,1,517.79,Social,united kingdom
INV901540,2023-05-06,C100817,Home & Kitchen,4,136.47,Email,United Kingdom
INV903024,2023-04-20,C101632,Books,5,34.58,Email,United Kingdom
INV901848,2024-03-20,C100983,Home & Kitchen,2,81.58,Email,germany
INV900590,2024-11-23,C100303,Beauty,5,53.31,Email,united states
INV903054,2023-02-17,C101652,Toys,1,57.08,Email,France
INV903294,2024-08-18,C101783,Office Supplies,2,40.1,Paid Ads,united kingdom
INV900341,2023-12-28,,Electronics,1,392.1,Social,Germany
INV900659,2024-11-03,C100346,Office Supplies,5,9.48,Email,DE
INV900378,2024-04-24,C100205,Sports & Outdoors,5,116.38,Referral,France
INV901238,2024-06-02,,Electronics,1,455.42,Organic Search,United Kingdom
INV900030,2024-11-27,C100015,Toys,4,69.33,Social,United Kingdom
INV900162,2024-09-25,C100085,Office Supplies,2,37.33,Social,France
INV901392,2023-05-20,C100749,Electronics,1,233.07,Referral,United States
INV903021,2023-07-13,C101629,Electronics,1,494.07,Email,ireland
INV900795,2023-12-05,C100406,Home & Kitchen,3,129.26,Paid Ads,United Kingdom
INV902332,2023-05-22,C101266,Books,1,16.97,Referral,Germany
INV900287,2024-01-20,C100154,Beauty,4,27.11,Organic Search,united states
INV901211,2023-06-23,C100636,Electronics,3,535.39,Referral,germany
INV900309,2023-07-23,C100168,Beauty,3,35.01,Organic Search,Ireland
INV901459,2024-08-28,C100780,Toys,5,37.25,Email,DE
INV901585,2024-07-25,C100839,Office Supplies,1,24.53,Referral,UK
INV901921,2023-12-04,C101017,Books,3,6.29,Email,United States
INV900899,2024-03-11,C100455,Beauty,4,54.59,Organic Search,UK
INV902364,2023-02-06,C101285,Office Supplies,4,24.39,Organic Search,United Kingdom
INV902344,2024-10-18,C101273,Sports & Outdoors,2,73.84,Organic Search,United Kingdom
INV902762,2023-06-16,,Home & Kitchen,5,147.82,Organic Search,france
INV901728,2024-06-08,C100910,Apparel,5,56.85,Organic Search,france
INV900419,2024-03-28,C100222,Toys,4,16.09,Referral,united kingdom
INV901419,2024-10-11,C100759,Office Supplies,2,20.36,Organic Search,united states
INV901298,2024-10-28,C100682,Sports & Outdoors,5,88.61,Paid Ads,ireland
INV902535,2023-12-22,C101359,Beauty,4,50.96,Paid Ads,US
INV900441,2023-12-19,C100232,Books,3,25.26,Organic Search,DE
INV902447,2023-09-07,C101319,Sports & Outdoors,4,104.2,Organic Search,france
INV901602,2024-01-06,C100849,Beauty,5,45.87,Paid Ads,USA
INV901971,2024-11-26,C101045,Beauty,1,52.42,Social,france
INV902014,2023-05-03,C101075,Sports & Outdoors,2,23.88,Organic Search,Germany
INV901989,2024-04-24,C101060,Beauty,4,6.86,Email,Ireland
INV900083,2023-12-21,C100043,Books,2,24.59,Paid Ads,USA
INV900386,2024-03-06,C100210,Electronics,2,282.65,Organic Search,france
INV900425,2023-07-15,C100225,Home & Kitchen,5,89.31,Paid Ads,germany
INV901319,2024-09-28,C100694,Home & Kitchen,4,134.93,Referral,United States
INV901707,2024-11-19,,Office Supplies,3,6.06,Social,united kingdom
INV902093,2024-01-03,C101115,Toys,5,40.82,Paid Ads,united kingdom
INV901132,2024-07-22,C100590,Apparel,4,25.36,Organic Search,United Kingdom
INV900905,2023-09-01,C100461,Sports & Outdoors,4,185.09,Paid Ads,Ireland
INV900116,2024-06-15,C100055,Beauty,5,49.43,Referral,USA
INV901466,2023-09-09,C100782,Sports & Outdoors,2,108.3,Email,US
INV902492,2024-02-14,C101339,Beauty,2,23.13,Paid Ads,USA
INV903075,2024-07-18,C101656,Beauty,2,17.33,Organic Search,Ireland
INV901720,2024-10-02,C100904,Office Supplies,3,10.19,Email,ireland
INV900294,2024-10-09,C100159,Toys,5,19.11,Email,DE
INV900967,2023-10-18,C100505,Books,2,17.4,Organic Search,united kingdom
INV901710,2024-01-27,C100896,Office Supplies,4,37.1,Paid Ads,united states
INV900551,2024-08-24,C100285,Office Supplies,5,20.13,Referral,UK
INV903227,2023-10-16,C101738,Home & Kitchen,2,77.47,Referral,UK
INV900357,2024-07-24,C100191,Beauty,5,29.16,Email,Ireland
INV901504,2024-06-18,C100800,Sports & Outdoors,3,126.77,Social,united kingdom
INV900377,2023-12-13,C100204,Beauty,3,9.81,Organic Search,United Kingdom
INV903213,2024-05-24,C101735,Beauty,2,48.87,Paid Ads,germany
INV901947,2023-07-18,C101034,Office Supplies,5,43.78,Email, United Kingdom
INV900398,2023-09-24,C100215,Electronics,1,360.05,Organic Search,UK
INV902550,2023-08-12,C101366,Electronics,5,121.67,Referral,United Kingdom
INV901057,2024-09-07,C100548,Home & Kitchen,3,27.09,Email,USA
INV901829,2023-07-19,C100970,Toys,3,38.76,Organic Search,UK
INV900431,2024-11-21,C100227,Electronics,4,63.55,Email,germany
INV903200,2024-05-03,C101730,Sports & Outdoors,5,92.68,Organic Search,UK
INV901951,2024-06-06,C101035,Apparel,2,34.71,Organic Search,Ireland
INV902610,2023-11-02,C101405,Apparel,4,48.39,Paid Ads,united kingdom
INV902162,2023-10-08,C101159,Apparel,1,52.54,Organic Search,United Kingdom
INV900176,2024-07-12,C100091,Toys,2,60.68,Referral,United Kingdom
INV901345,2024-10-23,C100712,Sports & Outdoors,3,124.53,Referral,Germany
INV900533,2023-12-23,C100276,Apparel,-4,27.66,Paid Ads,France
INV901861,2023-07-28,C100988,Books,4,24.03,Referral,France
INV901313,2023-08-03,C100694,Toys,-1,36.52,Referral,US
INV900910,2024-11-05,C100468,Books,3,13.75,Organic Search, United Kingdom
INV901359,2023-07-10,C100720,Office Supplies,1,23.56,Organic Search,United States
INV901858,2023-07-09,C100987,Sports & Outdoors,5,62.8,Organic Search,Ireland
INV900339,2023-11-01,C100182,Beauty,1,14.88,Social,germany
INV902990,2024-10-20,C101605,Books,2,27.5,Organic Search,united kingdom
INV902285,2024-06-23,,Toys,3,16.12,Organic Search,DE
INV901412,2023-11-22,C100757,Beauty,5,23.12,Referral,Ireland
INV902400,2023-02-14,C101299,Home & Kitchen,1,81.35,Email,UK
INV902534,2023-08-24,C101359,Apparel,4,34.96,Paid Ads,United States
INV900330,2024-07-24,C100178,Apparel,2,57.63,Email,germany
INV902807,2024-10-13,C101497,Office Supplies,3,35.22,Organic Search,US
INV900997,2024-07-24,C100516,Office Supplies,2,33.55,Paid Ads, United Kingdom
INV903059,2023-12-03,C101653,Home & Kitchen,5,147.98,Social,United Kingdom
INV902003,2024-09-20,C101067,Toys,5,49.48,Referral,UK
INV900509,2023-05-11,C100261,Sports & Outdoors,2,158.64,Email,ireland
INV902767,2024-09-07,C101479,Sports & Outdoors,5,156.64,Email,united states
INV900033,2023-04-06,C100017,Electronics,1,416.17,Organic Search,Ireland
INV901525,2024-07-18,C100808,Electronics,2,164.08,Referral,france
INV902444,2024-03-14,C101318,Books,2,23.87,Social, United Kingdom
INV901066,2023-11-13,C100560,Apparel,5,58.32,Referral, United Kingdom
INV901587,2024-11-21,C100839,Electronics,4,246.08,Referral,United Kingdom
INV900171,2024-06-14,C100090,Sports & Outdoors,3,158.57,Email,United States
INV902994,2023-12-02,,Beauty,2,52.87,Social, United Kingdom
INV901051,2024-09-19,C100544,Apparel,1,41.43,Organic Search,united kingdom
INV900812,2023-04-11,C100413,Books,4,28.64,Organic Search,France
INV903249,2024-11-27,C101758,Books,3,11.95,Organic Search,United Kingdom
INV903188,2024-05-26,C101725,Electronics,4,208.25,Paid Ads,UK
INV900792,2023-12-16,C100405,Home & Kitchen,2,63.83,Social,france
INV901020,2023-07-07,C100522,Beauty,4,59.86,Paid Ads,United States
INV903322,2023-06-09,,Toys,5,64.69,Organic Search,germany
INV901881,2023-12-05,C101002,Sports & Outdoors,4,92.7,Referral,Germany
INV901686,2024-09-14,C100884,Toys,1,68.89,Organic Search,ireland
INV900389,2024-06-11,C100212,Office Supplies,1,3.72,Email,DE
INV900037,2024-05-13,C100018,Beauty,1,12.31,Organic Search,UK
INV903234,2023-09-05,C101744,Beauty,2,29.01,Organic Search,united kingdom
INV902656,2023-08-06,C101432,Sports & Outdoors,3,179.22,Referral,germany
INV900390,2024-08-03,C100212,Home & Kitchen,4,76.02,Email,Germany
INV902681,2023-06-16,C101449,Books,4,19.5,Organic Search, United Kingdom
INV900737,2023-06-09,C100384,Books,4,25.94,Social,united states
INV902727,2023-07-28,C101463,Electronics,-3,281.83,Referral,UK
INV902414,2024-01-01,C101306,Office Supplies,1,29.12,Email,Germany
INV900510,2024-06-10,C100261,Sports & Outdoors,3,137.72,Email,Ireland
INV902799,2023-08-19,C101493,Home & Kitchen,5,103.66,Organic Search,united states
INV901456,2023-08-06,C100778,Beauty,4,24.82,Referral,ireland
INV901877,2023-12-14,C100997,Apparel,4,83.21,Organic Search,UK
INV903154,2024-07-14,C101713,Apparel,1,21.55,Referral,United Kingdom
INV901582,2024-12-20,C100836,Toys,4,27.43,Referral,United Kingdom
INV903230,2023-12-26,C101740,Apparel,4,48.78,Email,UK
INV902632,2024-09-25,C101418,Apparel,1,29.02,Paid Ads,United Kingdom
INV902896,2023-11-05,C101541,Apparel,5,15.44,Organic Search,united states
INV900019,2024-08-14,C100011,Books,1,26.28,Referral,united kingdom
INV902241,2023-12-19,C101201,Office Supplies,2,20.07,Organic Search,United States
INV900207,2023-11-24,C100110,Apparel,1,39.65,Email,united kingdom
INV902955,2023-04-23,C101578,Electronics,1,255.12,Paid Ads,UK
INV902468,2024-03-21,C101328,Office Supplies,1,40.65,Organic Search,Germany
INV903041,2023-12-11,C101643,Home & Kitchen,1,72.86,Organic Search,United Kingdom
INV900523,2024-12-05,C100268,Sports & Outdoors,1,14.83,Referral,Germany
INV901635,2024-12-14,C100863,Apparel,2,38.7,Organic Search, United Kingdom
INV903283,2024-06-02,C101773,Home & Kitchen,5,41.61,Paid Ads,UK
INV901814,2024-04-28,C100965,Toys,3,30.26,Referral, United Kingdom
INV900672,2024-04-09,C100350,Home & Kitchen,4,73.92,Organic Search,US
INV901217,2024-03-22,C100637,Apparel,4,47.17,Email,USA
INV900346,2023-11-13,C100185,Beauty,3,46.24,Email, United Kingdom
INV903011,2024-07-17,C101622,Books,2,7.05,Paid Ads,france
INV902994,2023-12-02,,Home & Kitchen,5,119.23,Social, United Kingdom
INV903007,2023-11-14,C101615,Apparel,2,89.64,Referral,france
INV902337,2023-12-14,C101270,Office Supplies,3,27.45,Paid Ads,Ireland
INV900735,2024-08-26,C100383,Sports & Outdoors,5,170.08,Email,USA
INV900373,2023-12-05,C100200,Home & Kitchen,4,145.02,Organic Search,united kingdom
INV900304,2024-07-12,C100163,Office Supplies,3,33.78,Email,UK
INV901679,2023-09-05,,Apparel,1,80.14,Organic Search,France
INV901309,2024-09-17,C100692,Home & Kitchen,1,76.98,Social,Ireland
INV901911,2024-03-16,C101012,Books,1,28.94,Social,ireland
INV903212,2024-04-09,C101735,Toys,5,7.44,Paid Ads,Germany
INV903325,2023-12-09,C101799,Apparel,5,29.68,Referral,USA
INV902613,2023-04-07,C101408,Apparel,2,24.39,Paid Ads,Ireland
INV902098,2024-08-15,C101118,Apparel,3,55.34,Email,france
INV900767,2024-07-02,C100391,Books,4,27.73,Email,ireland
INV900028,2024-05-17,C100015,Office Supplies,3,33.5,Social,united kingdom
INV900315,2023-06-24,C100169,Office Supplies,3,16.32,Paid Ads,United Kingdom
INV900371,2023-08-28,C100200,Books,2,24.67,Organic Search,united kingdom
INV902077,2023-01-27,C101109,Sports & Outdoors,4,118.53,Email,United States
INV902746,2023-09-02,C101472,Toys,1,19.38,Organic Search,ireland
INV901264,2024-08-09,C100661,Beauty,3,34.53,Email,UK
INV902709,2024-12-13,C101457,Electronics,4,444.95,Paid Ads, United Kingdom
INV903005,2023-07-24,C101614,Toys,4,64.92,Organic Search,United Kingdom
INV902598,2023-07-20,C101399,Beauty,3,15.26,Email,Ireland
INV902826,2023-10-28,C101507,Beauty,3,23.95,Organic Search,UK
INV902401,2023-04-15,C101299,Home & Kitchen,3,100.38,Email,United Kingdom
INV902072,2023-12-10,C101105,Electronics,4,488.86,Referral,United Kingdom
INV900126,2023-11-14,C100057,Office Supplies,2,24.34,Paid Ads,france
INV901858,2023-07-09,C100987,Electronics,2,377.46,Organic Search,Ireland
INV900641,2023-11-09,C100332,Books,5,28.39,Organic Search,UK
INV900839,2023-09-02,C100428,Books,3,15.81,Organic Search,france
INV903078,2024-08-16,C101657,Beauty,1,15.98,Organic Search,UK
INV900165,2024-04-03,C100088,Electronics,5,154.3,Paid Ads,Ireland
INV901977,2023-11-13,C101051,Apparel,4,53.61,Organic Search,Germany
INV902781,2024-11-28,C101485,Apparel,3,64.99,Referral,USA
INV901647,2024-05-14,C100869,Toys,2,56.33,Referral,United Kingdom
INV903313,2023-11-22,C101794,Toys,2,45.51,Referral, United Kingdom
INV900295,2024-11-16,C100159,Electronics,3,300.3,Email,Germany
INV900504,2024-11-14,C100257,Beauty,1,45.76,Organic Search, United Kingdom
INV901717,2023-11-05,C100904,Home & Kitchen,1,81.54,Email,ireland
INV902430,2024-08-03,C101314,Beauty,1,7.87,Social,Germany
INV900088,2024-08-28,C100044,Beauty,4,7.25,Paid Ads,United Kingdom
INV901757,2024-05-08,C100930,Home & Kitchen,4,140.42,Paid Ads,UK
INV902170,2024-07-19,C101162,Office Supplies,5,20.04,Paid Ads,France
INV900869,2024-10-12,C100442,Toys,5,57.06,Paid Ads,Ireland
INV901716,2024-02-22,C100902,Apparel,1,57.85,Organic Search,Germany
INV902900,2023-10-03,C101548,Office Supplies,3,16.08,Paid Ads,united kingdom
INV903292,2023-04-20,C101780,Electronics,2,422.43,Referral,DE
INV903048,2024-08-18,C101649,Office Supplies,1,5.08,Organic Search,USA
INV902610,2023-11-02,C101405,Home & Kitchen,3,104.19,Paid Ads,united kingdom
INV902375,2023-11-27,C101288,Books,5,30.95,Organic Search,Ireland
INV900002,2023-02-17,C100000,Toys,5,12.88,Paid Ads,france
INV900076,2024-06-12,C100041,Home & Kitchen,4,137.27,Referral,United States
INV900170,2024-01-03,C100090,Office Supplies,4,22.15,Email,united states
INV900941,2024-07-18,C100488,Sports & Outdoors,5,25.32,Social,United Kingdom
INV900802,2023-04-28,C100410,Office Supplies,2,33.84,Paid Ads, United Kingdom
INV900579,2023-08-06,C100300,Home & Kitchen,5,139.32,Paid Ads,United States
INV900781,2024-12-05,C100400,Office Supplies,2,6.07,Organic Search,Ireland
INV901649,2023-10-19,C100872,Office Supplies,1,16.23,Email,united kingdom
INV900917,2023-12-13,C100473,Books,3,21.25,Referral,Ireland
INV902683,2023-09-16,C101449,Office Supplies,1,7.09,Organic Search, United Kingdom
INV902662,2023-09-18,C101436,Home & Kitchen,5,102.01,Referral,Germany
INV903068,2023-06-26,C101655,Toys,5,48.81,Email,France
INV902879,2024-11-21,C101529,Electronics,5,408.07,Referral,United Kingdom
INV900172,2024-07-24,C100090,Toys,3,6.36,Email,united states
INV902013,2023-04-20,C101075,Toys,2,14.76,Organic Search,germany
INV901546,2024-09-13,C100818,Electronics,3,47.43,Email,DE
INV900251,2023-09-23,C100132,Home & Kitchen,5,67.29,Paid Ads,DE
INV902874,2023-11-23,C101525,Apparel,1,50.73,Email,USA
INV901966,2023-04-03,C101045,Sports & Outdoors,3,53.53,Social,france
INV901027,2024-08-02,C100528,Apparel,5,9.8,Referral,France
INV901332,2023-12-14,C100705,Toys,4,10.91,Organic Search,US
INV902519,2023-02-08,C101350,Electronics,1,113.81,Paid Ads,ireland
INV900194,2023-01-23,C100103,Toys,2,25.38,Organic Search,Germany
INV902815,2024-04-05,C101500,Electronics,1,324.32,Paid Ads,United Kingdom
INV902498,2024-01-12,C101340,Apparel,4,62.98,Organic Search,Germany
INV902785,2023-09-24,,Home & Kitchen,4,39.45,Social,UK
INV901375,2024-06-09,C100733,Beauty,2,32.13,Email,united kingdom
INV900638,2024-04-27,C100330,Toys,4,39.88,Organic Search,united states
INV900244,2023-12-08,C100128,Sports & Outdoors,3,136.22,Email,USA
INV901901,2024-05-28,C101011,Home & Kitchen,2,85.55,Organic Search,USA
INV902368,2024-01-25,C101285,Office Supplies,5,17.35,Organic Search,United Kingdom
INV901252,2023-04-16,C100658,Office Supplies,4,34.61,Email,france
INV900491,2024-03-20,C100250,Toys,5,57.05,Organic Search, United Kingdom
INV901145,2024-01-07,C100596,Apparel,4,66.9,Referral,united states
INV900495,2024-08-16,,Sports & Outdoors,1,58.32,Paid Ads,Germany
INV901913,2024-05-19,C101012,Beauty,4,28.68,Social,Ireland
INV902143,2023-12-04,C101150,Books,1,26.16,Social,germany
INV902638,2024-03-15,C101422,Electronics,3,245.67,Paid Ads,US
INV900604,2023-11-12,C100308,Apparel,1,35.12,Organic Search,United Kingdom
INV901819,2024-05-19,,Apparel,4,89.21,Organic Search, United Kingdom
INV902458,2024-08-08,C101324,Home & Kitchen,2,128.46,Referral,United States
INV900680,2023-06-12,C100352,Toys,2,16.73,Organic Search,france
INV901258,2023-04-16,,Office Supplies,5,20.45,Social,UK
INV901618,2023-10-15,C100856,Sports & Outdoors,3,149.51,Organic Search,DE
INV901980,2024-05-03,C101052,Beauty,1,20.62,Referral,DE
INV901837,2024-03-26,C100975,Home & Kitchen,3,58.51,Referral,US
INV901334,2023-02-08,C100706,Beauty,1,55.05,Social,germany
INV901447,2024-08-26,,Books,2,31.74,Email,DE
INV902059,2023-01-08,C101098,Books,4,22.79,Referral, United Kingdom
INV900843,2024-06-25,C100432,Toys,5,6.62,Paid Ads,united kingdom
INV901306,2024-07-08,C100688,Toys,1,26.05,Organic Search,DE
INV902799,2023-08-19,C101493,Toys,2,39.36,Organic Search,united states
INV900728,2023-06-02,C100379,Apparel,4,69.13,Paid Ads,united kingdom
INV900479,2024-12-26,C100245,Apparel,2,41.34,Paid Ads,UK
INV902181,2024-01-26,C101171,Home & Kitchen,2,124.68,Paid Ads,UK
INV900311,2023-12-27,C100168,Books,4,34.83,Organic Search,ireland
INV900922,2024-05-21,C100476,Toys,4,34.95,Email,United States
INV902150,2024-12-16,C101153,Apparel,3,68.26,Referral,UK
INV902535,2023-12-22,C101359,Books,5,6.51,Paid Ads,US
INV902471,2023-10-07,C101329,Sports & Outdoors,4,135.84,Email,Ireland
INV901730,2024-07-12,C100910,Apparel,5,68.81,Organic Search,france
INV901188,2024-04-05,C100619,Books,3,11.48,Organic Search,united kingdom
INV903134,2024-03-11,C101701,Sports & Outdoors,1,162.84,Email,USA
INV903316,2023-06-07,C101795,Office Supplies,5,5.63,Organic Search,united kingdom
INV901587,2024-11-21,C100839,Books,1,15.89,Referral,United Kingdom
INV903135,2024-03-06,C101702,Home & Kitchen,4,36.64,Paid Ads,United Kingdom
INV900305,2023-04-26,C100167,Books,3,25.73,Email,germany
INV901841,2023-12-23,C100976,Electronics,2,321.26,Organic Search,United Kingdom
INV903056,2023-05-05,C101652,Toys,3,6.2,Email,France
INV900193,2024-10-27,C100102,Electronics,2,354.95,Organic Search,UK
INV900671,2023-12-18,C100350,Electronics,5,173.03,Organic Search,USA
INV900945,2024-07-13,C100491,Toys,1,22.03,Referral,UK
INV902031,2024-07-20,C101080,Apparel,4,37.64,Referral,UK
INV902957,2024-10-11,C101580,Apparel,1,34.53,Paid Ads, United Kingdom
INV902469,2024-07-17,C101328,Apparel,5,72.86,Organic Search,DE
INV901831,2023-03-13,C100974,Toys,5,35.94,Social,united states
INV900928,2023-05-05,C100479,Beauty,5,52.44,Paid Ads,DE
INV902592,2024-01-17,C101396,Books,3,29.71,Email,DE
INV901988,2024-01-19,C101059,Toys,2,46.73,Email,united kingdom
INV901798,2024-12-01,C100955,Home & Kitchen,1,35.35,Social,UK
INV900260,2024-05-24,C100135,Electronics,1,408.46,Email,France
INV900749,2024-02-01,C100385,Office Supplies,5,36.57,Social,United Kingdom
INV903096,2024-07-13,C101670,Toys,2,68.82,Organic Search,united kingdom
INV900159,2024-11-13,C100083,Apparel,4,50.38,Paid Ads,UK
INV901141,2024-06-01,C100595,Apparel,4,47.83,Email,ireland
INV902752,2024-08-10,C101474,Office Supplies,2,42.61,Paid Ads,united states
INV901614,2023-11-27,C100853,Beauty,4,8.0,Referral,Germany
INV901411,2024-04-19,C100755,Home & Kitchen,3,68.42,Paid Ads,US
INV902484,2023-06-17,C101337,Sports & Outdoors,-3,96.3,Paid Ads,USA
INV900882,2023-12-28,C100448,Office Supplies,2,16.84,Paid Ads,USA
INV900065,2024-12-25,C100035,Toys,2,11.0,Organic Search,DE
INV903243,2024-11-09,C101749,Toys,3,36.5,Referral, United Kingdom
INV900900,2024-04-18,C100455,Electronics,2,114.35,Organic Search,UK
INV901924,2023-12-10,C101019,Sports & Outdoors,1,75.61,Social,DE
INV900967,2023-10-18,C100505,Office Supplies,2,26.85,Organic Search,united kingdom
INV901810,2023-12-09,C100965,Sports & Outdoors,2,68.59,Referral,UK
INV900999,2023-02-13,C100517,Electronics,2,386.84,Paid Ads,united kingdom
INV903174,2023-05-09,C101720,Electronics,5,272.1,Referral,united kingdom
INV902076,2024-12-07,C101107,Home & Kitchen,5,142.63,Organic Search,france
INV902178,2023-12-17,C101167,Office Supplies,2,30.98,Social,UK
INV902269,2024-08-24,C101212,Toys,4,53.26,Organic Search,USA
INV902866,2024-05-08,C101521,Sports & Outdoors,1,77.64,Organic Search,UK
INV902404,2024-06-09,C101300,Office Supplies,3,22.96,Organic Search,france
INV902362,2024-06-21,C101283,Toys,5,58.06,Organic Search,UK
INV900631,2024-05-28,C100326,Home & Kitchen,5,36.24,Paid Ads,United Kingdom
INV902038,2024-03-06,C101083,Electronics,1,564.21,Organic Search,United Kingdom
INV901055,2024-11-24,C100546,Office Supplies,3,25.11,Social, United Kingdom
INV900152,2023-09-10,C100081,Apparel,2,60.89,Referral,United Kingdom
INV900721,2023-08-19,C100375,Apparel,2,10.92,Paid Ads,Ireland
INV902734,2024-07-09,C101464,Books,1,21.71,Email,France
INV901510,2024-12-19,C100802,Beauty,2,20.29,Paid Ads,UK
INV902309,2024-07-22,C101246,Apparel,4,18.52,Organic Search,United Kingdom
INV902921,2024-11-09,C101555,Apparel,2,37.07,Paid Ads,United Kingdom
INV900795,2023-12-05,C100406,Beauty,3,46.32,Paid Ads,United Kingdom
INV900359,2024-08-20,C100194,Office Supplies,2,26.61,Paid Ads,ireland
INV900569,2023-09-15,C100297,Office Supplies,5,30.61,Email, United Kingdom
INV900150,2024-08-07,C100080,Home & Kitchen,-4,58.78,Social,united kingdom
INV903200,2024-05-03,,Beauty,3,54.61,Organic Search,UK
INV903323,2023-11-20,C101797,Sports & Outdoors,3,109.7,Organic Search,germany
INV902729,2024-01-09,C101463,Toys,1,51.42,Referral,United Kingdom
INV900549,2024-07-06,,Office Supplies,4,25.97,Organic Search,France
INV901621,2024-05-02,C100858,Books,3,27.71,Social,France
INV900168,2023-11-15,C100090,Office Supplies,5,11.03,Email,US
INV901892,2024-04-27,C101008,Home & Kitchen,5,74.8,Referral,Germany
INV902574,2024-12-20,C101386,Home & Kitchen,3,56.8,Referral,germany
INV902720,2024-12-22,C101460,Beauty,5,27.5,Referral,Germany
INV901324,2023-03-04,C100698,Books,5,32.55,Referral,France
INV901926,2024-07-05,,Home & Kitchen,1,127.34,Paid Ads,USA
INV901041,2024-12-01,C100536,Sports & Outdoors,-1,179.2,Organic Search,Ireland
INV902793,2023-11-15,C101489,Office Supplies,1,3.48,Organic Search,germany
INV900777,2023-10-18,C100398,Toys,2,50.95,Email, United Kingdom
INV903215,2024-01-02,C101736,Books,2,17.12,Paid Ads,USA
INV901338,2024-02-02,C100707,Electronics,1,97.81,Organic Search,united kingdom
INV901393,2023-07-27,C100749,Beauty,3,26.15,Referral,United States
INV900483,2024-11-11,C100246,Electronics,3,463.8,Email,united kingdom
INV902201,2023-09-18,C101183,Beauty,3,32.91,Organic Search,Germany
INV902600,2023-11-07,C101399,Office Supplies,4,41.38,Email,Ireland
INV902516,2024-08-15,C101347,Toys,1,13.1,Email,United Kingdom
INV901012,2023-10-03,,Electronics,3,357.13,Email,United Kingdom
INV902224,2023-02-26,C101189,Books,3,28.73,Paid Ads,united kingdom
INV901481,2024-08-08,C100784,Toys,4,55.05,Organic Search,france
INV902379,2024-07-15,C101288,Apparel,3,86.2,Organic Search,Ireland
INV902286,2024-07-23,C101230,Home & Kitchen,1,132.41,Organic Search,DE
INV901589,2024-05-12,C100843,Home & Kitchen,1,63.1,Social,united kingdom
INV901309,2024-09-17,C100692,Toys,1,7.77,Social,Ireland
INV902141,2024-09-07,C101149,Electronics,1,273.36,Paid Ads, United Kingdom
INV900681,2023-09-28,C100352,Beauty,4,18.98,Organic Search,france
INV902463,2024-03-08,C101326,Office Supplies,4,25.46,Email,France
INV901751,2024-07-17,C100925,Home & Kitchen,3,1242.7055392026277,Organic Search,Germany
INV902270,2024-11-18,C101212,Office Supplies,3,13.01,Organic Search,United States
INV902602,2024-06-22,C101400,Beauty,3,56.96,Social,United Kingdom
INV901229,2023-07-13,C100645,Electronics,4,526.82,Paid Ads,france
INV900946,2024-09-27,C100492,Sports & Outdoors,2,76.71,Organic Search,DE
INV900059,2024-07-25,C100030,Home & Kitchen,4,140.77,Organic Search,UK
INV900955,2023-04-07,C100496,Apparel,2,69.2,Paid Ads,Germany
INV902387,2024-08-17,C101294,Books,5,8.87,Paid Ads,United Kingdom
INV901737,2023-11-04,C100916,Home & Kitchen,1,86.03,Referral,united kingdom
INV901775,2024-07-28,C100941,Toys,2,20.58,Paid Ads, United Kingdom
INV902401,2023-04-15,C101299,Home & Kitchen,4,15.87,Email,United Kingdom
INV901901,2024-05-28,C101011,Books,5,21.54,Organic Search,USA
INV900823,2024-11-28,C100416,Beauty,3,9.44,Paid Ads,united kingdom
INV901619,2023-10-05,C100856,Beauty,5,38.65,Organic Search,Germany
INV903103,2023-04-02,C101676,Beauty,2,52.9,Email,France
INV902157,2024-01-20,C101156,Home & Kitchen,3,12.98,Social,US
INV901952,2024-08-15,C101035,Office Supplies,2,31.28,Organic Search,ireland
INV901527,2024-07-16,C100811,Books,1,34.04,Paid Ads,france
INV900746,2023-10-06,C100385,Home & Kitchen,2,92.1,Social,UK
INV902423,2024-01-09,C101310,Sports & Outdoors,5,189.34,Social,united kingdom
INV902672,2024-12-09,C101442,Toys,1,8.59,Email, United Kingdom
INV902352,2024-08-27,C101277,Toys,4,31.69,Referral,United Kingdom
INV900542,2023-06-12,C100279,Beauty,2,35.06,Organic Search,United States
INV900734,2023-05-08,C100383,Beauty,1,20.68,Email,US
INV901964,2023-12-25,C101043,Electronics,2,233.09,Organic Search,germany
INV900401,2023-03-13,C100217,Electronics,2,381.58,Referral,USA
INV901160,2024-05-05,C100604,Apparel,4,47.59,Referral,france
INV900337,2023-10-03,C100181,Toys,4,52.2,Social,United Kingdom
INV900637,2023-11-07,C100330,Electronics,5,137.0,Organic Search,US
INV901628,2024-08-08,C100861,Beauty,1,12.46,Organic Search,DE
INV901375,2024-06-09,C100733,Office Supplies,5,24.8,Email,united kingdom
INV902039,2023-11-06,C101084,Sports & Outdoors,-4,15.57,Email,DE
INV902875,2023-06-18,C101528,Apparel,4,25.35,Email,germany
INV903257,2024-05-18,C101763,Home & Kitchen,5,116.36,Organic Search,Ireland
INV901772,2023-10-03,,Apparel,5,8.9,Paid Ads,united kingdom
INV900944,2024-12-27,C100490,Home & Kitchen,4,46.96,Social,united kingdom
INV901140,2024-05-13,C100595,Apparel,2,26.68,Email,Ireland
INV900127,2024-07-14,C100060,Apparel,3,40.04,Paid Ads,France
INV902117,2024-02-04,C101127,Beauty,3,12.47,Paid Ads,united kingdom
INV901050,2024-07-02,C100544,Beauty,1,6.94,Organic Search,United Kingdom
INV900136,2023-08-03,C100067,Beauty,4,40.51,Organic Search,France
INV900569,2023-09-15,C100297,Sports & Outdoors,5,105.17,Email, United Kingdom
INV901967,2023-06-06,C101045,Beauty,5,21.89,Social,France
INV900275,2024-10-04,C100144,Apparel,1,9.18,Organic Search, United Kingdom
INV902691,2023-05-03,C101451,Home & Kitchen,4,34.87,Referral,germany
INV902984,2023-08-10,C101600,Electronics,4,158.98,Organic Search,DE
INV901046,2024-05-22,C100540,Sports & Outdoors,4,60.92,Organic Search,United States
INV902997,2023-11-01,C101609,Home & Kitchen,1,82.34,Email,France
INV902273,2024-08-28,C101213,Apparel,4,36.41,Email, United Kingdom
INV900220,2023-11-12,C100116,Toys,5,19.0,Email, United Kingdom
INV902380,2023-05-02,C101290,Books,5,23.14,Organic Search,Ireland
INV900643,2023-12-17,C100332,Apparel,2,64.36,Organic Search,United Kingdom
INV900141,2023-11-15,C100073,Beauty,4,5.79,Social,united kingdom
INV902820,2023-11-13,C101502,Home & Kitchen,4,30.99,Referral,united kingdom
INV900507,2024-09-28,C100260,Home & Kitchen,5,31.79,Organic Search,USA
INV901140,2024-05-13,C100595,Apparel,-4,82.46,Email,Ireland
INV902299,2024-07-06,C101241,Toys,4,60.32,Paid Ads,UK
INV902660,2023-12-14,C101434,Office Supplies,2,11.91,Paid Ads,Germany
INV901191,2024-07-23,C100620,Sports & Outdoors,-5,61.0,Organic Search,United Kingdom
INV900972,2024-07-12,C100506,Electronics,1,329.85,Social,united kingdom
INV900456,2024-08-15,C100234,Toys,1,50.08,Social,france
INV901028,2023-05-21,C100531,Toys,2,42.35,Email,United Kingdom
INV901534,2024-01-25,C100813,Electronics,3,417.41,Referral,ireland
INV901860,2023-10-11,C100987,Electronics,5,67.65,Organic Search,Ireland
INV900850,2024-08-22,C100437,Books,1,10.34,Paid Ads,United Kingdom
INV902836,2023-08-22,C101511,Books,5,31.43,Social, United Kingdom
INV900391,2024-11-19,C100212,Sports & Outdoors,3,54.86,Email,Germany
INV902098,2024-08-15,C101118,Apparel,3,80.8,Email,france
INV902586,2024-10-15,,Office Supplies,4,3.75,Email,US
INV902347,2024-02-01,C101276,Beauty,3,18.46,Paid Ads, United Kingdom
INV902354,2023-03-06,C101278,Electronics,3,41.32,Organic Search,germany
INV900583,2024-06-05,C100301,Sports & Outdoors,2,42.92,Paid Ads,germany
INV902597,2024-09-04,C101398,Apparel,4,59.62,Organic Search,france
INV900812,2023-04-11,C100413,Sports & Outdoors,3,191.47,Organic Search,France
INV900535,2024-07-01,C100276,Beauty,4,9.94,Paid Ads,france
INV901392,2023-05-20,C100749,Sports & Outdoors,-3,105.43,Referral,United States
INV902414,2024-01-01,C101306,Beauty,1,40.67,Email,Germany
INV901647,2024-05-14,C100869,Electronics,4,330.54,Referral,United Kingdom
INV901476,2023-11-12,C100784,Home & Kitchen,2,70.55,Organic Search,france
INV902088,2023-06-02,C101113,Apparel,4,28.08,Paid Ads,UK
INV902158,2024-11-13,C101156,Beauty,4,12.03,Social,USA
INV901898,2024-12-01,C101010,Toys,3,67.51,Organic Search,US
INV900673,2024-06-14,C100350,Beauty,2,37.86,Organic Search,United States
INV900067,2023-06-15,C100038,Beauty,1,16.22,Referral,france
INV903093,2024-05-26,C101669,Beauty,5,59.79,Social,Germany
INV901795,2023-11-22,C100953,Beauty,2,7.27,Referral,United Kingdom
INV900686,2024-09-27,C100355,Sports & Outdoors,5,101.37,Referral,DE
INV902151,2024-12-21,C101153,Office Supplies,3,16.58,Referral,united kingdom
INV901097,2023-11-17,C100573,Apparel,5,48.5,Paid Ads,france
INV900760,2024-03-10,C100390,Beauty,-4,26.63,Paid Ads,US
INV902206,2023-10-27,C101184,Toys,3,31.88,Email,Ireland
INV902855,2023-12-11,C101518,Apparel,5,86.77,Organic Search,ireland
INV900643,2023-12-17,C100332,Toys,5,16.26,Organic Search,United Kingdom
INV903056,2023-05-05,C101652,Electronics,1,210.89,Email,France
INV901107,2024-02-21,,Electronics,4,97.56,Social,germany
INV903296,2024-04-05,C101784,Toys,3,46.62,Organic Search,United States
INV901711,2024-05-20,C100897,Books,-4,8.43,Organic Search,USA
INV900664,2024-03-13,C100348,Sports & Outdoors,4,72.5,Referral,Ireland
INV903178,2024-07-08,C101720,Apparel,1,33.47,Referral, United Kingdom
INV902149,2024-11-17,C101153,Books,5,21.1,Referral,united kingdom
INV902432,2023-12-28,C101315,Apparel,5,56.5,Organic Search,DE
INV902757,2023-09-12,C101477,Sports & Outdoors,3,85.02,Email,ireland
INV901731,2024-08-06,,Electronics,5,268.29,Organic Search,France
INV901042,2023-03-23,C100537,Apparel,5,29.0,Paid Ads, United Kingdom
INV900228,2023-09-24,C100118,Sports & Outdoors,4,169.43,Organic Search,DE
INV902854,2023-11-27,C101518,Office Supplies,4,41.32,Organic Search,Ireland
INV903169,2024-07-17,C101718,Office Supplies,2,26.98,Referral,United Kingdom
INV903299,2024-08-12,C101784,Toys,5,34.49,Organic Search,united states
INV902760,2023-05-17,C101478,Books,1,6.04,Organic Search,France
INV902773,2023-09-26,C101484,Beauty,2,23.52,Organic Search,Ireland
INV902028,2024-05-08,C101079,Beauty,4,9.01,Organic Search,Ireland
INV901147,2024-05-17,C100596,Toys,2,38.87,Referral,united states
INV901494,2024-05-21,C100795,Beauty,1,57.7,Paid Ads,US
INV901503,2024-01-10,C100799,Home & Kitchen,3,47.39,Email,USA
INV900512,2023-12-14,C100265,Beauty,3,59.46,Referral,Germany
INV902654,2023-08-20,C101431,Office Supplies,5,23.33,Paid Ads,france
INV900074,2024-05-08,C100039,Office Supplies,3,33.15,Organic Search,DE
INV900284,2023-08-19,C100151,Home & Kitchen,5,100.53,Organic Search,Germany
INV902504,2024-08-25,C101341,Electronics,4,293.28,Organic Search,united states
INV902874,2023-11-23,C101525,Toys,3,39.9,Email,USA
INV900027,2024-04-15,C100015,Beauty,4,10.7,Social,united kingdom
INV901506,2023-12-05,C100802,Office Supplies,4,16.64,Paid Ads, United Kingdom
INV902446,2024-12-06,C101318,Apparel,3,18.91,Social,United Kingdom
INV901840,2023-08-28,C100976,Beauty,1,43.5,Organic Search,united kingdom
INV902159,2024-06-19,C101157,Apparel,3,59.65,Paid Ads,germany
INV902731,2024-03-11,C101463,Toys,3,33.69,Referral, United Kingdom
INV902869,2023-05-17,C101523,Electronics,2,412.9,Organic Search,UK
INV901368,2024-04-18,C100727,Beauty,4,35.72,Organic Search,US
INV901923,2023-04-15,C101019,Home & Kitchen,4,14.91,Social,Germany
INV901427,2024-07-14,C100762,Beauty,3,30.83,Referral,UK
INV902615,2024-11-21,C101408,Apparel,5,34.35,Paid Ads,Ireland
INV901846,2023-12-17,C100982,Toys,3,64.36,Paid Ads,germany
INV901903,2024-07-08,C101011,Electronics,4,596.74,Organic Search,USA
INV902995,2024-11-17,C101608,Office Supplies,2,6.91,Paid Ads,ireland
INV901632,2024-10-21,C100863,Home & Kitchen,2,62.08,Organic Search,united kingdom
INV902670,2024-05-25,C101441,Office Supplies,3,14.08,Organic Search,DE
INV902650,2023-04-01,C101431,Electronics,3,163.55,Paid Ads,france
INV902032,2024-11-02,C101080,Home & Kitchen,3,63.96,Referral,United Kingdom
INV903004,2023-03-14,C101614,Home & Kitchen,1,21.32,Organic Search,united kingdom
INV902587,2024-04-18,C101393,Home & Kitchen,3,17.1,Organic Search, United Kingdom
INV902567,2024-07-24,C101377,Sports & Outdoors,2,164.33,Organic Search,DE
INV900024,2024-04-02,C100013,Apparel,4,44.53,Social,United Kingdom
INV901293,2024-12-03,C100679,Apparel,5,60.77,Referral,ireland
INV902542,2023-07-07,C101363,Home & Kitchen,2,44.71,Organic Search,DE
INV900737,2023-06-09,C100384,Sports & Outdoors,5,38.15,Social,united states
INV900587,2024-12-04,C100302,Office Supplies,4,29.93,Referral,United Kingdom
INV900794,2023-11-07,C100406,Electronics,1,206.88,Paid Ads,UK
INV903125,2024-10-17,C101691,Toys,2,17.69,Referral,US
INV903065,2023-07-07,C101654,Apparel,5,67.86,Organic Search,US
INV903266,2024-09-24,C101765,Books,1,29.35,Referral,United Kingdom
INV900739,2023-03-03,C100385,Beauty,2,42.2,Social, United Kingdom
INV902921,2024-11-09,C101555,Sports & Outdoors,3,108.07,Paid Ads,United Kingdom
INV900697,2023-03-04,C100358,Electronics,1,150.88,Paid Ads,united kingdom
INV900480,2024-04-02,C100246,Beauty,5,42.65,Email,united kingdom
INV900883,2024-03-12,C100448,Office Supplies,2,27.24,Paid Ads,united states
INV903096,2024-07-13,C101670,Home & Kitchen,2,93.71,Organic Search,united kingdom
INV900381,2024-11-23,,Books,5,12.16,Paid Ads,UK
INV903244,2024-03-21,C101754,Books,1,24.76,Paid Ads,DE
INV900762,2024-04-25,,Books,5,19.29,Paid Ads,USA
INV902457,2024-11-27,C101323,Home & Kitchen,4,90.46,Organic Search,ireland
INV900908,2024-05-16,C100463,Office Supplies,3,25.99,Organic Search,France
INV903241,2024-11-07,C101747,Apparel,5,31.07,Referral,germany
INV902167,2024-08-17,C101161,Books,3,8.2,Organic Search,United Kingdom
INV902782,2024-12-28,C101485,Books,3,21.84,Referral,united states
INV902348,2024-08-07,C101276,Office Supplies,3,4.5,Paid Ads,United Kingdom
INV902864,2024-03-11,C101521,Home & Kitchen,1,10.52,Organic Search,united kingdom
INV902143,2023-12-04,C101150,Office Supplies,3,35.9,Social,germany
INV901930,2023-10-26,C101025,Office Supplies,3,20.87,Organic Search,United States
INV901328,2023-06-08,C100703,Home & Kitchen,1,47.69,Referral,ireland
INV900191,2023-12-01,C100101,Office Supplies,3,42.76,Paid Ads,germany
INV902027,2023-08-25,C101077,Beauty,5,30.76,Social,United Kingdom
INV900824,2024-12-06,C100418,Books,3,11.95,Email,united kingdom
INV902455,2024-06-09,C101323,Beauty,2,38.64,Organic Search,Ireland
INV902102,2023-01-20,C101120,Office Supplies,2,14.06,Email,united states
INV901346,2024-04-02,C100713,Office Supplies,5,18.93,Paid Ads,UK
INV901533,2023-10-17,C100813,Apparel,1,17.39,Referral,ireland
INV901657,2024-04-09,C100875,Home & Kitchen,5,10.27,Paid Ads, United Kingdom
INV900252,2023-12-05,C100132,Sports & Outdoors,2,32.88,Paid Ads,DE
INV900077,2024-10-20,C100041,Toys,1,15.81,Referral,united states
INV902697,2023-02-04,C101452,Beauty,4,11.11,Organic Search,DE
INV901272,2024-05-23,C100664,Apparel,3,62.8,Referral,united kingdom
INV901757,2024-05-08,C100930,Electronics,2,413.58,Paid Ads,UK
INV900278,2023-01-10,C100146,Home & Kitchen,5,49.08,Organic Search,United Kingdom
INV900200,2024-12-09,C100104,Toys,5,17.78,Email,UK
INV901759,2024-11-04,C100932,Books,5,17.71,Paid Ads,germany
INV901619,2023-10-05,,Books,4,8.8,Organic Search,Germany
INV903198,2023-12-18,C101729,Books,5,18.12,Organic Search,UK
INV902481,2024-12-23,C101334,Office Supplies,2,39.58,Email,United Kingdom
INV901191,2024-07-23,C100620,Toys,5,10.03,Organic Search,United Kingdom
INV901416,2024-07-04,,Beauty,3,17.54,Referral,ireland
INV902635,2024-08-25,C101421,Apparel,3,,Organic Search,united states
INV902074,2024-07-04,C101107,Books,1,22.91,Organic Search,france
INV901217,2024-03-22,C100637,Home & Kitchen,5,66.92,Email,USA
INV900776,2023-04-20,C100397,Office Supplies,5,39.27,Organic Search,UK
INV901656,2023-12-02,C100875,Books,3,19.1,Paid Ads,UK
INV900636,2023-12-27,C100329,Beauty,1,11.36,Organic Search,UK
INV902962,2023-11-23,C101583,Beauty,1,33.67,Paid Ads,united kingdom
INV901678,2023-07-05,C100883,Home & Kitchen,1,122.5,Organic Search,France
INV901596,2023-12-03,C100845,Office Supplies,2,7.65,Email,Germany
INV900252,2023-12-05,C100132,Sports & Outdoors,1,83.01,Paid Ads,DE
INV902673,2023-10-25,C101443,Beauty,3,50.09,Organic Search,United Kingdom
INV900493,2023-06-19,C100252,Books,5,9.65,Organic Search,united kingdom
INV901224,2024-06-06,C100642,Toys,5,68.26,Paid Ads,UK
INV903263,2024-12-27,C101764,Beauty,1,40.95,Paid Ads,united kingdom
INV902687,2024-04-09,C101449,Books,-3,9.89,Organic Search, United Kingdom
INV901341,2023-11-03,C100711,Beauty,3,36.83,Referral, United Kingdom
INV901667,2024-03-28,C100879,Toys,5,32.36,Paid Ads, United Kingdom
INV901652,2024-02-17,C100874,Books,1,23.02,Email,UK
INV901499,2023-11-21,C100798,Home & Kitchen,1,128.82,Social,United Kingdom
INV902716,2023-11-28,,Apparel,2,89.58,Organic Search,united kingdom
INV900593,2023-06-27,C100305,Toys,1,52.79,Organic Search,United States
INV902718,2024-04-01,C101460,Books,1,28.46,Referral,germany
INV901231,2023-12-12,C100646,Apparel,5,37.53,Organic Search,US
INV900700,2024-08-28,C100360,Sports & Outdoors,4,62.37,Organic Search,germany
INV900162,2024-09-25,,Apparel,2,66.36,Social,France
INV901635,2024-12-14,C100863,Apparel,3,79.3,Organic Search, United Kingdom
INV900857,2024-09-05,C100440,Books,4,25.25,Organic Search,United Kingdom
INV900322,2024-11-20,C100172,Sports & Outdoors,3,136.23,Paid Ads,United Kingdom
INV901656,2023-12-02,C100875,Home & Kitchen,3,123.69,Paid Ads,UK
INV901108,2024-02-27,C100577,Books,3,23.58,Social,DE
INV902427,2024-06-02,C101313,Office Supplies,1,21.12,Paid Ads, United Kingdom
INV902819,2023-09-14,C101502,Books,3,8.02,Referral, United Kingdom
INV901275,2023-11-06,C100666,Home & Kitchen,1,127.53,Organic Search,france
INV900789,2024-05-01,C100404,Office Supplies,4,26.94,Referral,France
INV900426,2023-07-19,C100225,Sports & Outdoors,5,191.12,Paid Ads,Germany
INV900337,2023-10-03,C100181,Beauty,-2,58.12,Social,United Kingdom
INV902180,2024-05-05,C101170,Home & Kitchen,3,136.61,Referral,united kingdom
INV900291,2023-12-24,C100157,Electronics,1,103.42,Organic Search,germany
INV900334,2024-09-21,C100180,Sports & Outdoors,2,37.55,Organic Search,united kingdom
INV900883,2024-03-12,C100448,Books,3,23.25,Paid Ads,united states
INV901871,2024-04-07,C100995,Electronics,-5,327.22,Organic Search,DE
INV902390,2023-06-20,C101296,Home & Kitchen,4,15.91,Organic Search,united kingdom
INV902921,2024-11-09,C101555,Office Supplies,3,28.27,Paid Ads,United Kingdom
INV902945,2024-12-24,C101571,Sports & Outdoors,5,82.57,Referral,Germany
INV901789,2023-08-24,,Home & Kitchen,5,140.85,Social,UK
INV900682,2023-11-28,C100352,Sports & Outdoors,4,134.5,Organic Search,france
INV902107,2024-02-13,C101122,Electronics,1,78.94,Organic Search,germany
INV902356,2024-07-19,C101279,Toys,5,25.82,Social,France
INV900370,2024-12-08,C100198,Apparel,5,43.67,Referral,France
INV900999,2023-02-13,C100517,Books,3,23.13,Paid Ads,united kingdom
INV900349,2024-09-21,C100186,Office Supplies,5,20.53,Referral,united kingdom
INV900521,2024-05-20,C100268,Sports & Outdoors,4,87.32,Referral,Germany
INV901271,2024-03-07,C100664,Home & Kitchen,-5,96.13,Referral,united kingdom
INV901008,2024-07-05,C100518,Toys,2,68.78,Referral,United Kingdom
INV901327,2023-04-08,C100703,Electronics,1,456.8,Referral,Ireland
INV903158,2024-06-04,C101715,Toys,5,44.44,Paid Ads,united states
INV902332,2023-05-22,C101266,Toys,5,47.05,Referral,Germany
INV901742,2024-06-04,C100920,Apparel,2,26.07,Social,France
INV903173,2023-03-14,C101720,Office Supplies,1,6.25,Referral,UK
INV902898,2023-02-28,C101542,Home & Kitchen,4,117.36,Organic Search,DE
INV903035,2023-04-18,C101638,Electronics,4,209.69,Organic Search,Germany
INV900430,2024-09-27,C100226,Electronics,4,400.92,Paid Ads,france
INV900916,2023-11-27,C100473,Books,5,19.41,Referral,ireland
INV902323,2023-12-15,C101262,Electronics,2,134.95,Paid Ads,france
INV903073,2024-03-01,C101655,Toys,1,23.54,Email,france
INV902566,2024-08-18,C101376,Toys,1,13.5,Paid Ads,France
INV900668,2023-06-28,C100349,Office Supplies,4,9.58,Social,united kingdom
INV900948,2024-01-25,,Books,4,17.42,Organic Search,france
INV901769,2024-08-17,C100938,Home & Kitchen,4,66.47,Referral,US
INV901057,2024-09-07,C100548,Home & Kitchen,2,142.6,Email,USA
INV902480,2023-12-28,C101334,Home & Kitchen,1,115.32,Email,united kingdom
INV900776,2023-04-20,C100397,Books,5,13.99,Organic Search,UK
INV900289,2023-05-07,C100156,Apparel,1,58.49,Social,france
INV900297,2024-08-03,C100160,Home & Kitchen,1,36.83,Social,United Kingdom
INV900297,2024-08-03,C100160,Toys,3,46.86,Social,United Kingdom
INV900829,2023-12-15,C100423,Home & Kitchen,5,25.85,Referral,germany
INV902230,2024-07-19,C101191,Office Supplies,4,16.8,Referral,France
INV903309,2023-04-20,C101787,Beauty,1,26.98,Email,united kingdom
INV902685,2023-11-12,C101449,Office Supplies,3,28.29,Organic Search,United Kingdom
INV901901,2024-05-28,C101011,Sports & Outdoors,1,89.3,Organic Search,USA
INV903320,2024-09-16,C101796,Home & Kitchen,1,126.08,Referral,germany
INV902242,2024-06-14,C101201,Home & Kitchen,2,67.36,Organic Search,United States
INV900089,2024-09-18,C100044,Books,1,22.7,Paid Ads,United Kingdom
INV901644,2024-05-19,C100868,Electronics,1,271.6,Organic Search,united states
INV900970,2024-07-27,C100505,Apparel,2,49.61,Organic Search, United Kingdom
INV901378,2023-07-25,C100737,Apparel,3,89.57,Social,United Kingdom
INV901081,2023-07-02,C100567,Office Supplies,3,11.14,Organic Search,USA
INV902018,2023-09-24,C101075,Beauty,4,58.55,Organic Search,Germany
INV900565,2024-07-06,C100296,Sports & Outdoors,1,42.28,Organic Search,France
INV901360,2024-07-19,C100721,Electronics,2,41.16,Paid Ads, United Kingdom
INV903025,2023-04-05,C101632,Beauty,1,27.07,Email,united kingdom
INV900100,2024-08-05,C100049,Apparel,3,45.21,Paid Ads,united kingdom
INV903113,2024-10-17,C101680,Books,4,28.73,Organic Search,Germany
INV901638,2024-07-11,C100865,Sports & Outdoors,3,137.29,Organic Search,United States
INV901075,2024-08-17,C100564,Beauty,3,20.16,Email, United Kingdom
INV901054,2023-12-18,C100546,Books,1,16.64,Social, United Kingdom
INV900389,2024-06-11,C100212,Electronics,5,390.89,Email,DE
INV902475,2024-04-07,C101330,Sports & Outdoors,4,57.52,Paid Ads,DE
INV900426,2023-07-19,C100225,Apparel,3,10.38,Paid Ads,Germany
INV902254,2023-12-04,C101206,Apparel,3,16.08,Email,United States
INV902118,2024-07-06,C101127,Sports & Outdoors,2,96.89,Paid Ads,united kingdom
INV900859,2023-07-25,C100441,Home & Kitchen,4,103.26,Referral,UK
INV900659,2024-11-03,C100346,Apparel,1,11.22,Email,DE
INV901150,2024-04-24,C100597,Sports & Outdoors,2,120.23,Email,Germany
INV900477,2023-07-13,,Home & Kitchen,3,42.26,Paid Ads, United Kingdom
INV902962,2023-11-23,C101583,Beauty,5,46.93,Paid Ads,united kingdom
INV901812,2024-03-03,C100965,Apparel,1,29.23,Referral,united kingdom
INV903315,2023-06-07,C101795,Electronics,3,367.86,Organic Search,united kingdom
INV901055,2024-11-24,C100546,Electronics,3,348.5,Social, United Kingdom
INV901963,2023-12-24,C101043,Electronics,3,465.64,Organic Search,germany
INV900540,2023-03-08,C100279,Apparel,5,75.06,Organic Search,United States
INV901753,2024-01-27,C100926,Books,2,12.92,Paid Ads,US
INV902426,2024-08-23,C101312,Office Supplies,3,36.23,Referral,ireland
INV902134,2024-11-19,C101142,Office Supplies,2,19.74,Email,France
INV901070,2024-03-14,C100562,Sports & Outdoors,1,95.11,Organic Search, United Kingdom
INV902655,2023-09-02,C101431,Sports & Outdoors,2,89.11,Paid Ads,France
INV902234,2024-07-04,C101196,Beauty,3,28.31,Organic Search,UK
INV902833,2023-07-02,C101510,Home & Kitchen,2,31.96,Email,France
INV902659,2023-09-09,C101434,Sports & Outdoors,2,51.57,Paid Ads,Germany
INV901500,2023-10-04,C100799,Home & Kitchen,5,45.68,Email,US
INV901059,2023-11-22,C100551,Beauty,5,46.0,Email,Germany
INV900415,2023-10-28,C100221,Beauty,4,6.71,Organic Search,UK
INV901390,2024-07-08,C100747,Apparel,3,64.71,Referral,US
INV901727,2024-06-13,C100910,Office Supplies,2,22.76,Organic Search,france
INV902115,2024-06-21,C101126,Home & Kitchen,1,17.95,Referral, United Kingdom
INV900444,2024-06-23,C100233,Home & Kitchen,3,25.02,Email,United States
INV900930,2023-12-17,C100480,Home & Kitchen,2,15.02,Paid Ads,ireland
INV900457,2024-08-15,C100234,Apparel,1,82.95,Social,France
INV903030,2024-03-15,C101634,Home & Kitchen,2,126.4,Social,US
INV901516,2023-03-04,C100807,Electronics,4,387.17,Paid Ads,USA
INV901760,2024-03-09,C100934,Toys,4,33.6,Organic Search,Germany
INV903187,2024-04-11,,Apparel,1,31.77,Paid Ads, United Kingdom
INV901520,2023-10-06,C100807,Books,3,34.26,Paid Ads,united states
INV900708,2024-07-03,C100369,Toys,4,19.05,Paid Ads,Germany
INV901486,2023-02-03,C100789,Sports & Outdoors,3,24.87,Paid Ads,DE
INV902136,2024-07-18,C101143,Apparel,2,61.86,Social,france
INV901976,2023-11-26,C101051,Beauty,3,45.29,Organic Search,DE
INV902423,2024-01-09,C101310,Beauty,5,13.61,Social,united kingdom
INV902146,2024-01-14,C101152,Apparel,5,63.66,Paid Ads,UK
INV902282,2023-12-19,C101224,Sports & Outdoors,4,91.21,Paid Ads,united kingdom
INV900036,2024-05-14,C100018,Sports & Outdoors,5,96.51,Organic Search,UK
INV901539,2023-06-28,C100816,Toys,2,45.91,Paid Ads,france
INV900361,2024-04-28,C100195,Books,4,32.88,Paid Ads,united kingdom
INV902419,2023-10-23,C101308,Apparel,1,51.93,Organic Search, United Kingdom
INV902988,2023-09-02,C101604,Toys,1,64.06,Organic Search,united kingdom
INV903090,2024-06-12,C101668,Sports & Outdoors,1,197.82,Email, United Kingdom
INV902022,2024-09-11,C101075,Books,2,11.97,Organic Search,Germany
INV900130,2024-08-18,C100063,Sports & Outdoors,5,91.36,Organic Search,United Kingdom
INV903043,2024-12-05,C101644,Apparel,2,75.8,Paid Ads,france
INV901540,2023-05-06,C100817,Electronics,2,265.03,Email,United Kingdom
INV900092,2024-08-03,C100045,Electronics,4,395.3,Organic Search,United States
INV902958,2024-10-22,C101580,Sports & Outdoors,5,19.34,Paid Ads, United Kingdom
INV900345,2023-09-01,C100185,Books,3,5.6,Email,United Kingdom
INV900536,2024-09-03,C100276,Home & Kitchen,5,42.55,Paid Ads,france
INV903267,2024-12-01,C101765,Office Supplies,5,30.57,Referral,United Kingdom
INV901385,2023-09-28,C100743,Apparel,1,38.93,Organic Search,United Kingdom
INV900771,2024-07-20,C100395,Home & Kitchen,3,28.01,Paid Ads,United Kingdom
INV902712,2023-10-28,C101458,Home & Kitchen,1,131.37,Social,Germany
INV902316,2024-05-02,C101254,Sports & Outdoors,1,65.51,Email,UK
INV900622,2024-06-27,C100319,Apparel,1,75.78,Organic Search, United Kingdom
INV900264,2024-08-01,C100140,Sports & Outdoors,2,134.44,Organic Search,United States
INV900822,2024-05-03,C100415,Sports & Outdoors,3,67.06,Email,France
INV902569,2024-12-11,C101377,Office Supplies,3,31.47,Organic Search,germany
INV903275,2023-08-06,C101768,Books,4,22.0,Paid Ads,ireland
INV901024,2023-08-27,C100524,Electronics,3,500.17,Paid Ads,UK
INV903136,2024-08-17,C101704,Electronics,2,521.4,Organic Search,germany
INV900183,2024-05-17,C100097,Beauty,5,14.44,Organic Search,UK
INV900625,2023-04-24,C100321,Beauty,2,50.0,Organic Search,united states
INV901568,2023-09-24,C100830,Beauty,3,43.86,Social,United Kingdom
INV900946,2024-09-27,C100492,Sports & Outdoors,4,96.8,Organic Search,DE
INV900505,2024-07-14,C100258,Electronics,3,250.54,Paid Ads, United Kingdom
INV901588,2023-07-20,C100840,Office Supplies,2,36.93,Organic Search,united states
INV901809,2024-08-25,C100964,Sports & Outdoors,5,199.07,Email,united kingdom
INV902407,2024-03-17,C101302,Home & Kitchen,-1,23.79,Referral,united states
INV900818,2023-12-09,C100413,Apparel,1,32.15,Organic Search,france
INV901549,2024-03-01,C100821,Apparel,2,53.13,Organic Search,United States
INV901340,2023-12-08,C100709,Home & Kitchen,5,85.31,Paid Ads,UK
INV900099,2024-05-06,C100049,Home & Kitchen,3,113.26,Paid Ads, United Kingdom
INV901465,2023-07-03,C100782,Office Supplies,3,24.92,Email,united states
INV901381,2024-08-07,C100739,Home & Kitchen,3,127.82,Email,DE
INV901108,2024-02-27,C100577,Books,5,18.32,Social,DE
INV903302,2023-12-24,C101785,Office Supplies,2,22.52,Email,United Kingdom
INV902890,2024-03-06,C101537,Home & Kitchen,5,121.91,Email,united states
INV902162,2023-10-08,C101159,Home & Kitchen,3,47.31,Organic Search,United Kingdom
INV901632,2024-10-21,C100863,Office Supplies,1,27.88,Organic Search,united kingdom
INV900485,2023-11-17,C100247,Office Supplies,2,7.9,Referral,US
INV903156,2024-11-04,C101713,Sports & Outdoors,1,109.76,Referral,UK
INV903103,2023-04-02,C101676,Toys,4,48.07,Email,France
INV902509,2024-05-01,C101343,Office Supplies,1,13.59,Organic Search,ireland
INV903322,2023-06-09,C101797,Apparel,4,88.48,Organic Search,germany
INV900194,2023-01-23,C100103,Office Supplies,1,5.94,Organic Search,Germany
INV902229,2023-12-12,C101191,Electronics,4,99.77,Referral,France
INV902894,2024-05-15,C101539,Beauty,1,37.43,Referral,france
INV900424,2024-05-16,C100224,Home & Kitchen,3,26.39,Paid Ads,United Kingdom
INV901862,2023-07-03,C100988,Apparel,3,18.84,Referral,france
INV901677,2023-05-22,C100883,Toys,4,56.58,Organic Search,France
INV902558,2023-11-26,C101372,Toys,1,8.06,Referral,UK
INV901533,2023-10-17,C100813,Office Supplies,5,36.12,Referral,ireland
INV902817,2023-06-22,C101501,Books,4,23.9,Referral,united states
INV900109,2024-11-25,C100053,Beauty,2,51.99,Organic Search,UK
INV902633,2024-01-27,C101419,Apparel,4,82.1,Social,germany
INV902423,2024-01-09,C101310,Home & Kitchen,2,57.61,Social,united kingdom
INV900574,2024-04-16,,Books,2,28.89,Email,UK
INV902147,2024-01-20,C101152,Electronics,1,364.41,Paid Ads,United Kingdom
INV901004,2024-01-23,C100518,Beauty,5,40.65,Referral, United Kingdom
INV901005,2024-01-09,C100518,Apparel,1,89.32,Referral, United Kingdom
INV901420,2023-12-24,C100761,Office Supplies,-3,27.11,Email,United States
INV901887,2024-10-20,C101005,Toys,4,10.25,Paid Ads,UK
INV900921,2024-10-16,C100475,Beauty,4,32.65,Organic Search,UK
INV901992,2024-11-09,C101063,Books,5,13.39,Organic Search, United Kingdom
INV900712,2023-10-02,C100372,Home & Kitchen,3,123.58,Paid Ads,USA
INV902533,2024-06-09,C101358,Home & Kitchen,1,35.74,Organic Search,UK
INV900528,2023-03-28,C100271,Books,5,20.08,Email,France
INV902415,2024-03-11,C101306,Office Supplies,4,18.46,Email,germany
INV901732,2023-07-15,C100911,Toys,2,38.99,Paid Ads, United Kingdom
INV903102,2023-04-04,C101676,Toys,3,42.29,Email,france
INV900392,2024-11-13,C100212,Home & Kitchen,5,121.07,Email,germany
INV901159,2023-03-21,C100603,Home & Kitchen,5,140.64,Paid Ads,Ireland
INV900931,2023-06-05,C100482,Books,3,7.68,Paid Ads,Germany
INV902040,2024-11-06,C101084,Office Supplies,1,24.61,Email,DE
INV902561,2024-12-02,C101372,Beauty,5,49.19,Referral,UK
INV901396,2024-12-13,C100750,Electronics,1,168.64,Organic Search,france
INV900162,2024-09-25,C100085,Sports & Outdoors,1,126.84,Social,France
INV902106,2023-08-06,C101122,Beauty,5,30.6,Organic Search,germany
INV901440,2023-12-02,C100767,Beauty,4,42.55,Organic Search,UK
INV900980,2024-02-18,C100508,Electronics,3,342.76,Referral,UK
INV903259,2024-11-19,C101763,Beauty,5,34.8,Organic Search,ireland
INV901421,2024-02-16,C100761,Books,3,25.21,Email,United States
INV903110,2023-11-23,C101679,Electronics,3,119.81,Social,UK
INV901642,2024-05-06,,Electronics,3,503.27,Organic Search,germany
INV900188,2023-05-21,C100101,Toys,2,29.5,Paid Ads,germany
INV901374,2024-06-01,C100733,Home & Kitchen,3,122.33,Email,united kingdom
INV901709,2024-03-19,C100895,Apparel,1,68.83,Organic Search,Ireland
INV900274,2023-11-05,C100143,Home & Kitchen,2,33.03,Email, United Kingdom
INV901753,2024-01-27,C100926,Office Supplies,3,39.29,Paid Ads,US
INV902532,2023-11-12,C101358,Books,2,19.48,Organic Search, United Kingdom
INV903232,2023-05-13,C101744,Office Supplies,5,41.01,Organic Search,united kingdom
INV901712,2024-10-17,C100899,Sports & Outdoors,5,197.02,Email,DE
INV902630,2024-05-18,C101417,Apparel,4,17.55,Referral,US
INV902213,2023-11-06,C101185,Electronics,3,251.3,Organic Search, United Kingdom
INV902112,2024-09-23,C101124,Apparel,5,8.43,Paid Ads,france
INV903019,2023-03-09,C101629,Electronics,5,548.5,Email,Ireland
INV900116,2024-06-15,C100055,Office Supplies,3,28.13,Referral,USA
INV900684,2024-07-19,C100352,Electronics,2,558.52,Organic Search,France
INV902972,2023-12-02,,Books,2,5.34,Organic Search,united kingdom
INV902205,2024-11-17,C101183,Sports & Outdoors,5,107.84,Organic Search,germany
INV900772,2024-11-03,C100395,Toys,1,6.81,Paid Ads, United Kingdom
INV902496,2023-11-21,C101340,Office Supplies,3,13.79,Organic Search,germany
INV900516,2023-08-08,C100267,Books,4,11.03,Paid Ads, United Kingdom
INV903039,2024-05-27,C101640,Sports & Outdoors,2,69.48,Paid Ads,UK
INV901439,2023-11-25,C100767,Home & Kitchen,4,126.94,Organic Search,United Kingdom
INV900714,2023-12-21,C100373,Beauty,4,15.26,Paid Ads,France
INV902454,2024-06-06,C101323,Sports & Outdoors,1,176.55,Organic Search,Ireland
INV902795,2023-03-15,C101492,Beauty,5,27.28,Paid Ads,Germany
INV901715,2023-05-26,C100902,Beauty,4,14.91,Organic Search,germany
INV901966,2023-04-03,C101045,Toys,5,46.34,Social,france
INV902497,2023-12-13,C101340,Office Supplies,2,40.98,Organic Search,DE
INV902053,2024-05-17,C101096,Toys,3,40.55,Organic Search,france
INV901088,2023-12-06,C100569,Electronics,2,194.87,Organic Search,UK
INV901251,2023-04-26,C100658,Books,5,15.25,Email,france
INV902022,2024-09-11,C101075,Electronics,2,552.74,Organic Search,Germany
INV900105,2023-12-09,C100052,Office Supplies,1,25.24,Organic Search,United States
INV903129,2023-11-13,C101696,Electronics,2,302.96,Organic Search,united kingdom
INV902681,2023-06-16,C101449,Books,5,26.28,Organic Search, United Kingdom
INV901477,2023-12-19,C100784,Beauty,-5,46.14,Organic Search,france
INV901924,2023-12-10,,Electronics,5,71.35,Social,DE
INV900191,2023-12-01,C100101,Office Supplies,3,21.89,Paid Ads,germany
INV902378,2024-07-12,C101288,Office Supplies,5,10.55,Organic Search,ireland
INV902467,2024-03-19,C101328,Toys,4,23.34,Organic Search,DE
INV901226,2024-06-24,C100644,Beauty,1,39.22,Paid Ads,DE
INV900718,2023-03-19,C100375,Sports & Outdoors,5,195.72,Paid Ads,ireland
INV903324,2023-11-02,C101799,Sports & Outdoors,5,185.03,Referral,US
INV901686,2024-09-14,C100884,Sports & Outdoors,3,158.78,Organic Search,ireland
INV901178,2023-10-09,C100613,Apparel,3,77.02,Email,France
INV901934,2023-08-21,C101027,Office Supplies,5,35.76,Email,United Kingdom
INV900801,2023-12-18,C100409,Home & Kitchen,2,63.79,Social,Ireland
INV901895,2023-07-24,C101010,Books,3,17.56,Organic Search,USA
INV901508,2024-03-18,C100802,Apparel,3,54.05,Paid Ads, United Kingdom
INV903015,2024-01-03,C101626,Beauty,5,7.16,Social,UK
INV901731,2024-08-06,C100910,Home & Kitchen,3,109.91,Organic Search,France
INV900567,2024-12-08,C100296,Beauty,5,50.76,Organic Search,France
INV903031,2023-04-08,C101636,Beauty,3,45.27,Referral, United Kingdom
INV901469,2023-05-02,C100783,Apparel,4,74.96,Organic Search,germany
INV901818,2024-05-03,C100967,Beauty,3,32.92,Organic Search,united kingdom
INV900086,2023-06-18,C100044,Apparel,5,61.55,Paid Ads,United Kingdom
INV900733,2024-10-19,C100382,Toys,4,49.04,Paid Ads,france
INV900842,2024-05-28,C100432,Books,5,21.13,Paid Ads,united kingdom
INV900667,2023-05-07,C100349,Electronics,4,331.44,Social,UK
INV902922,2024-11-03,C101555,Sports & Outdoors,4,161.55,Paid Ads,united kingdom
INV900319,2023-06-17,C100171,Toys,2,60.2,Email,DE
INV900442,2024-04-08,C100233,Toys,4,9.89,Email,USA
INV900878,2024-08-19,C100447,Apparel,2,28.38,Paid Ads,france
INV900854,2023-11-19,C100439,Electronics,4,466.32,Paid Ads,united kingdom
INV902801,2024-06-08,C101493,Home & Kitchen,5,137.29,Organic Search,united states
INV901912,2024-04-07,C101012,Home & Kitchen,3,65.54,Social,Ireland
INV900661,2024-10-10,C100347,Home & Kitchen,2,11.56,Organic Search,France
INV901655,2023-11-28,C100875,Toys,3,50.26,Paid Ads,UK
INV902483,2023-06-16,C101337,Apparel,4,60.16,Paid Ads,United States
INV901284,2024-01-16,C100672,Apparel,1,17.79,Paid Ads,united states
INV900441,2023-12-19,C100232,Toys,4,18.11,Organic Search,DE
INV902215,2024-03-18,C101185,Electronics,5,136.74,Organic Search, United Kingdom
INV902784,2023-06-15,C101486,Sports & Outdoors,5,47.24,Social, United Kingdom
INV902905,2024-04-03,C101552,Books,4,12.84,Email,United Kingdom
INV900108,2024-07-02,C100053,Sports & Outdoors,2,184.96,Organic Search,united kingdom
INV901610,2024-10-15,C100852,Books,5,24.62,Referral,UK
INV901919,2024-01-13,C101013,Home & Kitchen,5,93.86,Paid Ads,USA
INV901507,2024-03-05,C100802,Apparel,2,56.28,Paid Ads,united kingdom
INV901271,2024-03-07,C100664,Beauty,3,44.39,Referral,united kingdom
INV900475,2023-02-01,C100245,Toys,5,15.03,Paid Ads,united kingdom
INV903049,2024-08-28,C101649,Apparel,4,11.67,Organic Search,united states
INV902481,2024-12-23,C101334,Apparel,5,37.59,Email,United Kingdom
INV902217,2023-12-10,C101187,Office Supplies,3,31.95,Paid Ads,US
INV902901,2023-04-27,C101549,Apparel,1,71.29,Paid Ads,US
INV902579,2023-07-26,C101390,Electronics,5,477.04,Social,United Kingdom
INV903172,2023-12-19,C101719,Office Supplies,1,25.43,Social,germany
INV900096,2024-04-07,C100048,Toys,3,28.28,Referral,DE
INV902934,2024-01-14,C101565,Office Supplies,1,22.8,Email,germany
INV901439,2023-11-25,C100767,Electronics,5,284.68,Organic Search,United Kingdom
INV900284,2023-08-19,C100151,Sports & Outdoors,2,110.84,Organic Search,Germany
INV901401,2023-04-26,C100752,Sports & Outdoors,3,70.26,Organic Search,United Kingdom
INV900275,2024-10-04,C100144,Sports & Outdoors,1,139.57,Organic Search, United Kingdom
INV902087,2024-12-09,C101112,Toys,2,40.68,Organic Search,Germany
INV903262,2024-04-24,,Sports & Outdoors,2,136.87,Paid Ads,UK
INV902386,2023-01-18,C101293,Toys,1,42.31,Organic Search,UK
INV901631,2024-10-25,C100863,Toys,1,64.27,Organic Search,united kingdom
INV901313,2023-08-03,C100694,Apparel,2,74.18,Referral,US
INV903286,2023-05-27,C101777,Apparel,5,39.63,Referral,United Kingdom
INV902764,2023-09-08,C101478,Toys,2,32.1,Organic Search,France
INV902211,2023-07-05,C101185,Home & Kitchen,2,95.34,Organic Search, United Kingdom
INV903055,2023-05-27,C101652,Home & Kitchen,4,128.15,Email,France
INV902335,2023-01-28,C101269,Apparel,4,89.91,Paid Ads, United Kingdom
INV902722,2023-12-17,C101462,Electronics,3,461.86,Paid Ads,United States
INV902809,2023-10-08,C101498,Beauty,3,55.82,Organic Search,UK
INV903326,2024-01-19,C101799,Beauty,4,37.81,Referral,USA
INV901809,2024-08-25,C100964,Electronics,2,236.21,Email,united kingdom
INV902135,2024-11-10,C101142,Books,2,14.64,Email,France
INV901114,2024-06-22,C100581,Home & Kitchen,1,14.5,Organic Search,United Kingdom
INV900833,2023-11-21,C100424,Home & Kitchen,3,28.54,Paid Ads, United Kingdom
INV902747,2023-10-27,C101472,Toys,3,49.58,Organic Search,Ireland
INV903217,2023-11-01,C101737,Electronics,3,413.46,Organic Search,United Kingdom
INV901367,2024-12-14,C100725,Office Supplies,2,12.09,Email,Germany
INV902666,2024-09-08,C101439,Home & Kitchen,5,61.37,Organic Search,USA
INV900790,2024-05-23,C100404,Apparel,4,40.96,Referral,france
INV901396,2024-12-13,C100750,Apparel,4,23.93,Organic Search,france
INV900858,2024-10-14,C100440,Office Supplies,5,27.8,Organic Search,UK
INV902039,2023-11-06,C101084,Office Supplies,1,13.19,Email,DE
INV901355,2023-03-10,C100720,Toys,4,66.15,Organic Search,US
INV902331,2023-02-14,C101265,Toys,4,13.1,Organic Search, United Kingdom
INV900912,2024-04-25,C100470,Toys,4,7.92,Organic Search,ireland
INV903292,2023-04-20,C101780,Books,1,17.52,Referral,DE
INV902694,2023-11-25,C101451,Apparel,2,16.46,Referral,DE
INV901345,2024-10-23,C100712,Sports & Outdoors,5,101.62,Referral,Germany
INV900452,2024-01-15,C100234,Office Supplies,3,11.79,Social,france
INV901400,2023-12-07,C100751,Sports & Outdoors,3,31.29,Organic Search,DE
INV901493,2024-11-09,C100794,Sports & Outdoors,3,91.75,Email,UK
INV902807,2024-10-13,C101497,Toys,1,62.32,Organic Search,US
INV900599,2023-12-19,C100307,Electronics,1,547.02,Paid Ads,United Kingdom
INV901874,2024-08-13,C100995,Toys,1,60.84,Organic Search,DE
INV901299,2024-12-01,C100682,Toys,2,59.68,Paid Ads,Ireland
INV902331,2023-02-14,C101265,Books,1,11.76,Organic Search, United Kingdom
INV901519,2023-07-18,C100807,Apparel,1,63.0,Paid Ads,US
INV901397,2023-03-01,C100751,Office Supplies,3,39.91,Organic Search,DE
INV902360,2024-07-06,C101281,Toys,2,45.95,Social,DE
INV900245,2024-09-20,C100128,Office Supplies,2,36.67,Email,united states
INV901902,2024-07-13,C101011,Books,3,33.08,Organic Search,united states
INV900009,2023-04-15,C100006,Office Supplies,3,23.03,Paid Ads,USA
INV902714,2024-01-05,C101458,Electronics,4,490.17,Social,DE
INV900786,2023-12-06,C100404,Home & Kitchen,5,32.55,Referral,France
INV901851,2024-12-10,C100983,Electronics,2,282.8,Email,germany
INV902669,2023-11-22,C101441,Books,4,20.66,Organic Search,germany
INV900849,2024-07-12,C100437,Books,-1,25.62,Paid Ads,UK
INV900505,2024-07-14,C100258,Home & Kitchen,4,29.81,Paid Ads, United Kingdom
INV903106,2023-07-28,C101676,Toys,4,19.45,Email,france
INV902871,2023-02-17,C101525,Books,2,14.76,Email,United States
INV900885,2023-07-25,C100449,Toys,3,59.74,Organic Search,united kingdom
INV900609,2023-08-17,C100312,Apparel,1,35.74,Paid Ads,USA
INV902170,2024-07-19,C101162,Apparel,1,11.01,Paid Ads,France
INV903288,2023-09-15,C101778,Beauty,4,51.15,Email,united states
INV900715,2024-12-08,C100374,Office Supplies,5,33.87,Organic Search,united states
INV901892,2024-04-27,,Sports & Outdoors,5,176.84,Referral,Germany
INV901820,2023-01-07,C100969,Apparel,1,30.88,Referral,germany
INV900816,2023-09-12,C100413,Beauty,4,50.49,Organic Search,France
INV902159,2024-06-19,C101157,Sports & Outdoors,4,155.86,Paid Ads,germany
INV900537,2023-07-16,C100278,Office Supplies,-2,8.83,Organic Search,france
INV901391,2023-04-28,C100749,Home & Kitchen,1,97.54,Referral,US
INV901959,2024-08-04,C101039,Toys,4,40.08,Organic Search,germany
INV901762,2023-04-21,C100936,Sports & Outdoors,4,151.14,Organic Search,US
INV902036,2023-12-22,C101083,Office Supplies,2,27.31,Organic Search,united kingdom
INV902969,2023-07-12,C101591,Apparel,3,25.25,Paid Ads,UK
INV903283,2024-06-02,C101773,Home & Kitchen,5,41.57,Paid Ads,UK
INV900113,2023-08-10,C100055,Apparel,5,21.82,Referral,United States
INV900492,2024-06-18,C100251,Sports & Outdoors,2,187.93,Referral,united states
INV901000,2023-10-08,C100518,Home & Kitchen,-1,149.64,Referral, United Kingdom
INV902938,2024-10-21,C101566,Apparel,5,48.74,Referral,DE
INV903107,2023-12-13,C101676,Sports & Outdoors,4,112.58,Email,France
INV902375,2023-11-27,C101288,Beauty,1,31.65,Organic Search,Ireland
INV901520,2023-10-06,C100807,Apparel,1,85.13,Paid Ads,united states
INV901589,2024-05-12,C100843,Toys,1,31.47,Social,united kingdom
INV901000,2023-10-08,C100518,Electronics,1,495.06,Referral, United Kingdom
INV901110,2024-05-05,C100577,Office Supplies,4,,Social,germany
INV900761,2024-03-03,C100390,Home & Kitchen,3,104.61,Paid Ads,USA
INV902857,2024-01-11,C101518,Electronics,2,547.6,Organic Search,Ireland
INV902284,2023-05-19,C101228,Home & Kitchen,3,130.24,Organic Search,united kingdom
INV902649,2024-09-20,C101430,Office Supplies,5,43.71,Paid Ads,france
INV903151,2024-03-28,C101713,Sports & Outdoors,1,135.26,Referral,UK
INV902130,2024-03-13,,Toys,3,66.31,Email,united states
INV900494,2023-07-17,C100253,Books,4,8.81,Organic Search,Ireland
INV901280,2024-11-25,C100668,Electronics,4,42.33,Paid Ads,united kingdom
INV902681,2023-06-16,C101449,Sports & Outdoors,1,172.28,Organic Search, United Kingdom
INV900374,2024-01-26,C100202,Toys,1,45.87,Referral,United Kingdom
INV902405,2024-07-17,C101300,Books,2,31.23,Organic Search,France
INV902285,2024-06-23,C101230,Home & Kitchen,1,20.52,Organic Search,DE
INV901669,2024-07-05,C100879,Sports & Outdoors,5,106.45,Paid Ads,UK
INV900688,2024-12-23,C100355,Beauty,5,14.94,Referral,DE
INV901209,2024-03-03,C100634,Office Supplies,1,25.84,Organic Search,United Kingdom
INV900279,2024-05-19,C100146,Sports & Outdoors,-2,32.93,Organic Search,UK
INV900081,2023-08-19,C100043,Toys,5,18.01,Paid Ads,United States
INV900579,2023-08-06,C100300,Home & Kitchen,1,31.67,Paid Ads,United States
INV900477,2023-07-13,C100245,Apparel,4,34.63,Paid Ads, United Kingdom
INV903030,2024-03-15,C101634,Electronics,5,188.45,Social,US
INV902396,2023-12-23,C101298,Electronics,2,89.02,Organic Search,UK
INV900439,2023-04-23,C100232,Apparel,2,48.73,Organic Search,Germany
INV900200,2024-12-09,C100104,Toys,5,17.78,Email,UK
INV901257,2023-04-20,C100660,Electronics,4,130.11,Social,UK
INV900257,2023-09-13,C100135,Electronics,1,573.4,Email,France
INV902913,2023-12-04,C101554,Electronics,4,446.31,Email,USA
INV902823,2024-07-05,C101506,Apparel,4,28.88,Paid Ads, United Kingdom
INV900490,2023-12-20,C100250,Sports & Outdoors,1,169.29,Organic Search,United Kingdom
INV902322,2023-12-05,C101262,Toys,1,20.85,Paid Ads,france
INV901600,2024-05-24,C100848,Office Supplies,5,31.16,Paid Ads, United Kingdom
INV900829,2023-12-15,C100423,Beauty,3,51.32,Referral,germany
INV900322,2024-11-20,C100172,Office Supplies,5,13.5,Paid Ads,United Kingdom
INV902973,2023-04-16,C101593,Books,1,31.93,Social,Germany
INV903047,2024-08-22,C101648,Home & Kitchen,3,49.43,Organic Search,germany
INV902078,2023-03-12,C101109,Apparel,4,29.72,Email,US
INV902749,2024-04-23,C101472,Home & Kitchen,1,120.66,Organic Search,ireland
INV902269,2024-08-24,C101212,Electronics,1,437.37,Organic Search,USA
INV903140,2024-11-26,C101706,Books,5,15.91,Email,ireland
INV901958,2024-06-26,C101039,Office Supplies,3,43.44,Organic Search,Germany
INV902619,2023-09-08,C101409,Beauty,3,6.16,Referral,Germany
INV902842,2024-01-13,C101513,Toys,3,11.02,Paid Ads,United Kingdom
INV900522,2024-11-26,C100268,Toys,3,26.67,Referral,Germany
INV901307,2024-09-25,C100688,Office Supplies,2,36.53,Organic Search,germany
INV901885,2023-07-05,C101004,Books,5,10.32,Email,UK
INV902599,2023-10-13,C101399,Books,1,21.32,Email,Ireland
INV900553,2024-11-11,C100285,Electronics,1,449.7,Referral, United Kingdom
INV900893,2023-12-12,C100452,Electronics,2,161.07,Organic Search,united kingdom
INV902503,2023-03-25,C101341,Books,3,24.54,Organic Search,United States
INV902604,2023-07-09,C101403,Sports & Outdoors,3,133.82,Paid Ads,united kingdom
INV903066,2023-12-27,C101654,Sports & Outdoors,4,118.24,Organic Search,US
INV901601,2024-12-20,C100848,Office Supplies,4,8.49,Paid Ads,united kingdom
INV901390,2024-07-08,C100747,Sports & Outdoors,3,54.24,Referral,US
INV903210,2024-11-08,C101732,Apparel,2,67.65,Referral,US
INV902796,2023-06-19,C101492,Electronics,4,107.51,Paid Ads,germany
INV903013,2024-05-07,C101623,Home & Kitchen,1,79.57,Email,united kingdom
INV901781,2023-11-16,C100947,Apparel,1,46.34,Email,united kingdom
INV902675,2023-05-13,C101444,Apparel,1,34.9,Email,DE
INV903226,2023-09-08,C101738,Apparel,2,86.21,Referral,united kingdom
INV901102,2024-06-06,C100575,Office Supplies,1,7.72,Paid Ads,United States
INV902141,2024-09-07,C101149,Apparel,3,50.23,Paid Ads, United Kingdom
INV902919,2023-06-23,C101555,Home & Kitchen,2,100.43,Paid Ads,United Kingdom
INV900186,2023-06-12,C100099,Home & Kitchen,4,125.95,Organic Search,US
INV900004,2024-06-01,C100005,Toys,2,62.71,Email,Germany
INV901393,2023-07-27,C100749,Apparel,4,83.87,Referral,United States
INV900871,2023-12-10,,Books,5,8.26,Paid Ads,united kingdom
INV903194,2023-07-02,C101729,Apparel,1,41.08,Organic Search,United Kingdom
INV903175,2023-07-06,C101720,Beauty,3,47.62,Referral,united kingdom
INV902742,2023-07-09,C101469,Books,5,8.11,Paid Ads,DE
INV901670,2023-09-19,C100880,Home & Kitchen,1,21.05,Organic Search,United States
INV900626,2024-07-27,C100323,Sports & Outdoors,1,110.04,Email,DE
INV900977,2023-08-26,C100508,Books,2,22.18,Referral, United Kingdom
INV903048,2024-08-18,C101649,Electronics,3,280.56,Organic Search,USA
INV901035,2023-11-08,C100536,Office Supplies,1,20.87,Organic Search,Ireland
INV901922,2023-03-08,C101018,Beauty,4,37.61,Paid Ads,ireland
INV900181,2023-09-10,C100096,Books,1,28.19,Email,France
INV901167,2024-11-12,C100608,Apparel,2,13.41,Organic Search,DE
INV902762,2023-06-16,C101478,Electronics,4,554.61,Organic Search,france
INV901752,2024-12-15,C100925,Home & Kitchen,3,137.18,Organic Search,Germany
INV903130,2024-02-02,C101696,Sports & Outdoors,1,150.08,Organic Search,united kingdom
INV900828,2023-12-14,C100423,Beauty,5,29.92,Referral,germany
INV901715,2023-05-26,C100902,Sports & Outdoors,1,43.19,Organic Search,germany
INV900842,2024-05-28,C100432,Electronics,2,508.01,Paid Ads,united kingdom
INV901808,2024-07-28,C100964,Office Supplies,3,23.64,Email,United Kingdom
INV900433,2023-05-21,C100229,Beauty,1,21.7,Social,france
INV900667,2023-05-07,C100349,Sports & Outdoors,2,63.26,Social,UK
INV902191,2023-07-12,C101178,Beauty,2,33.88,Organic Search,UK
INV900079,2024-03-19,C100042,Home & Kitchen,4,47.78,Organic Search,United Kingdom
INV902312,2023-05-27,C101250,Sports & Outdoors,2,45.62,Email,Germany
INV902364,2023-02-06,C101285,Apparel,3,78.41,Organic Search,United Kingdom
INV902973,2023-04-16,C101593,Apparel,1,62.72,Social,Germany
INV900323,2024-05-06,C100173,Sports & Outdoors,3,126.05,Social,united kingdom
INV900546,2024-06-09,C100281,Home & Kitchen,2,78.61,Organic Search,UK
INV902232,2024-04-11,C101196,Beauty,1,23.43,Organic Search, United Kingdom
INV903222,2023-03-28,C101738,Office Supplies,2,30.53,Referral,United Kingdom
INV901422,2024-03-22,C100761,Electronics,4,67.39,Email,USA
INV901973,2024-02-08,C101050,Beauty,4,27.79,Social, United Kingdom
INV900648,2024-08-12,,Books,2,,Organic Search,France
INV900859,2023-07-25,C100441,Sports & Outdoors,3,181.26,Referral,UK
INV902626,2023-12-03,C101414,Toys,3,7.91,Paid Ads,United States
INV903317,2023-09-27,C101795,Toys,5,67.54,Organic Search,United Kingdom
INV902848,2023-12-13,C101514,Beauty,5,10.99,Paid Ads,Germany
INV902598,2023-07-20,C101399,Apparel,4,40.79,Email,Ireland
INV901661,2024-08-26,C100876,Electronics,2,400.46,Email,United States
INV900213,2023-11-25,,Sports & Outdoors,2,35.91,Paid Ads, United Kingdom
INV900766,2023-11-04,C100391,Toys,1,44.26,Email,Ireland
INV902611,2024-07-12,C101407,Apparel,5,33.59,Paid Ads,France
INV902769,2023-10-12,C101481,Books,5,26.04,Organic Search,united kingdom
INV902431,2023-11-22,C101315,Office Supplies,3,39.78,Organic Search,germany
INV900912,2024-04-25,C100470,Office Supplies,2,38.67,Organic Search,ireland
INV901041,2024-12-01,C100536,Home & Kitchen,1,39.2,Organic Search,Ireland
INV901685,2024-08-02,C100884,Apparel,3,87.38,Organic Search,Ireland
INV900404,2023-09-27,C100218,Books,1,25.3,Organic Search,UK
INV900555,2023-10-04,C100286,Home & Kitchen,5,128.65,Paid Ads,UK
INV901997,2024-07-17,C101066,Electronics,3,468.39,Email,DE
INV900340,2023-11-13,C100182,Sports & Outdoors,4,113.68,Social,DE
INV901846,2023-12-17,C100982,Beauty,5,59.53,Paid Ads,germany
INV902594,2024-10-08,C101397,Apparel,1,27.89,Organic Search,France
INV900807,2023-07-10,C100411,Apparel,-3,83.09,Social,UK
INV900628,2024-12-12,C100324,Beauty,2,41.7,Organic Search,united kingdom
INV901426,2024-11-25,C100761,Apparel,1,32.55,Email,USA
INV902466,2023-06-07,C101327,Office Supplies,2,25.15,Organic Search,france
INV900457,2024-08-15,C100234,Office Supplies,4,22.15,Social,France
INV901566,2023-06-12,C100830,Books,3,17.39,Social,UK
INV900052,2024-10-28,C100027,Beauty,2,44.33,Referral, United Kingdom
INV903129,2023-11-13,C101696,Apparel,5,60.32,Organic Search,united kingdom
INV900118,2023-12-13,C100056,Toys,2,28.5,Referral,USA
INV902632,2024-09-25,C101418,Apparel,4,86.12,Paid Ads,United Kingdom
INV900361,2024-04-28,C100195,Toys,1,56.77,Paid Ads,united kingdom
INV900305,2023-04-26,C100167,Electronics,1,168.84,Email,germany
INV901162,2024-01-03,C100606,Toys,2,63.06,Email, United Kingdom
INV900254,2024-08-20,C100133,Beauty,1,20.15,Social,United States
INV900154,2024-08-08,C100081,Beauty,5,7.61,Referral,United Kingdom
INV900125,2023-08-27,C100057,Office Supplies,5,13.29,Paid Ads,France
INV901838,2024-09-03,C100975,Electronics,4,210.58,Referral,united states
INV900674,2023-09-17,C100351,Apparel,4,35.36,Organic Search, United Kingdom
INV902479,2024-10-25,C101331,Toys,1,61.63,Email,UK
INV902328,2023-10-05,C101264,Toys,2,9.73,Referral,united kingdom
INV903180,2024-11-27,C101720,Books,5,28.51,Referral,united kingdom
INV902105,2024-01-09,C101121,Sports & Outdoors,5,170.41,Organic Search,france
INV901281,2024-08-12,C100670,Toys,2,15.96,Paid Ads,US
INV901855,2024-06-01,C100984,Apparel,1,86.77,Paid Ads,UK
INV901641,2024-07-09,C100866,Home & Kitchen,3,78.09,Social,US
INV900397,2024-09-13,C100213,Books,3,34.43,Social,france
INV902093,2024-01-03,C101115,Office Supplies,5,15.78,Paid Ads,united kingdom
INV903292,2023-04-20,,Books,4,14.92,Referral,DE
INV900759,2024-06-09,C100389,Apparel,4,39.39,Paid Ads,ireland
INV902267,2024-05-06,C101212,Sports & Outdoors,5,35.58,Organic Search,united states
INV903237,2024-11-03,C101745,Sports & Outdoors,4,111.27,Referral,Germany
INV902944,2023-12-16,C101571,Sports & Outdoors,4,125.82,Referral,Germany
INV901970,2024-11-14,C101045,Beauty,3,16.48,Social,france
INV901403,2024-06-07,C100752,Books,3,30.68,Organic Search,United Kingdom
INV901203,2024-05-04,C100630,Books,2,32.29,Organic Search,Ireland
INV901364,2024-05-25,C100724,Sports & Outdoors,4,87.2,Paid Ads,UK
INV900085,2024-03-13,C100043,Apparel,5,49.87,Paid Ads,United States
INV901880,2024-04-24,C101001,Electronics,1,80.45,Organic Search, United Kingdom
INV902805,2023-12-28,C101496,Office Supplies,1,9.89,Organic Search,United Kingdom
INV902358,2024-06-16,C101280,Beauty,3,43.77,Referral, United Kingdom
INV900459,2024-04-01,C100236,Office Supplies,1,20.38,Paid Ads,United Kingdom
INV900413,2023-03-07,C100220,Electronics,1,363.21,Email,Ireland
INV900995,2023-05-22,C100515,Home & Kitchen,5,145.99,Referral,United States
INV903072,2023-11-19,C101655,Office Supplies,1,27.53,Email,France
INV902601,2024-11-14,C101399,Home & Kitchen,2,27.97,Email,Ireland
INV900735,2024-08-26,C100383,Beauty,5,25.76,Email,USA
INV902746,2023-09-02,C101472,Electronics,5,311.21,Organic Search,ireland
INV903196,2023-09-27,C101729,Books,5,13.22,Organic Search,united kingdom
INV901171,2024-12-19,C100610,Toys,3,19.61,Organic Search,Ireland
INV902979,2024-06-10,C101599,Electronics,3,540.61,Paid Ads,france
INV902540,2023-05-09,C101363,Beauty,4,13.5,Organic Search,germany
INV900753,2023-04-28,C100389,Toys,1,58.74,Paid Ads,Ireland
INV901781,2023-11-16,C100947,Toys,2,51.21,Email,united kingdom
INV902265,2024-01-17,C101212,Sports & Outdoors,4,196.29,Organic Search,USA
INV901662,2024-05-13,C100877,Electronics,5,550.24,Paid Ads,United Kingdom
INV902708,2023-12-11,C101457,Books,3,31.74,Paid Ads,United Kingdom
INV900294,2024-10-09,C100159,Apparel,4,82.28,Email,DE
INV901937,2023-07-04,C101029,Apparel,5,67.1,Paid Ads,united states
INV902123,2024-05-01,C101134,Apparel,4,77.5,Organic Search,United Kingdom
INV900394,2023-11-10,C100213,Sports & Outdoors,2,32.19,Social,france
INV901957,2023-09-12,C101038,Books,2,28.39,Organic Search,US
INV900846,2024-02-06,C100434,Office Supplies,4,,Social,France
INV901506,2023-12-05,C100802,Home & Kitchen,1,83.19,Paid Ads, United Kingdom
INV901571,2023-05-15,C100831,Office Supplies,3,24.06,Organic Search,UK
INV901515,2023-11-25,C100806,Toys,3,16.07,Organic Search,DE
INV902405,2024-07-17,C101300,Home & Kitchen,3,68.68,Organic Search,France
INV900478,2024-04-07,C100245,Home & Kitchen,5,50.57,Paid Ads,United Kingdom
INV902422,2023-11-25,C101310,Apparel,4,68.93,Social, United Kingdom
INV903152,2024-04-04,C101713,Toys,2,14.38,Referral,UK
INV902304,2024-08-19,C101245,Toys,3,25.09,Social,United States
INV900585,2023-09-05,C100302,Electronics,4,50.84,Referral,United Kingdom
INV903263,2024-12-27,,Toys,1,28.63,Paid Ads,united kingdom
INV900295,2024-11-16,C100159,Sports & Outdoors,5,89.87,Email,Germany
INV902388,2024-11-17,C101295,Home & Kitchen,3,11.53,Referral,united kingdom
INV902153,2023-10-25,C101154,Electronics,5,538.97,Paid Ads,france
INV900680,2023-06-12,C100352,Beauty,5,5.72,Organic Search,france
INV900400,2024-12-03,C100216,Apparel,1,52.57,Organic Search,UK
INV901691,2023-06-22,C100886,Apparel,1,17.01,Paid Ads,United Kingdom
INV901342,2024-05-21,C100711,Home & Kitchen,3,35.94,Referral, United Kingdom
INV900774,2023-03-20,C100396,Sports & Outdoors,3,113.5,Organic Search,united kingdom
INV902910,2024-08-19,C101553,Apparel,2,55.33,Referral,DE
INV900448,2023-11-16,C100234,Home & Kitchen,3,44.16,Social,France
INV900158,2024-10-09,C100083,Toys,2,9.42,Paid Ads,UK
INV902356,2024-07-19,C101279,Toys,2,6.55,Social,France
INV902293,2023-09-19,C101237,Toys,2,46.45,Referral,france
INV902074,2024-07-04,C101107,Books,1,22.91,Organic Search,france
INV901591,2023-01-25,C100844,Beauty,5,47.18,Email,UK
INV903018,2024-10-16,C101627,Apparel,4,35.73,Social,USA
INV900205,2023-06-19,C100110,Apparel,5,79.13,Email,United Kingdom
INV902457,2024-11-27,C101323,Electronics,5,273.3,Organic Search,ireland
INV901530,2024-10-24,C100812,Books,4,7.92,Social,Ireland
INV903063,2023-04-25,C101654,Toys,1,20.22,Organic Search,united states
INV900513,2024-01-01,C100265,Sports & Outdoors,2,181.09,Referral,DE
INV900063,2024-06-15,C100034,Sports & Outdoors,4,101.05,Referral,united kingdom
INV901372,2024-10-16,C100731,Apparel,3,61.21,Referral,Germany
INV903251,2023-12-21,C101760,Home & Kitchen,1,72.86,Referral,Germany
INV901226,2024-06-24,C100644,Home & Kitchen,3,15.85,Paid Ads,DE
INV902562,2023-09-10,C101373,Toys,5,31.48,Referral,UK
INV901786,2024-11-21,C100949,Books,5,26.25,Referral,USA
INV903027,2023-12-22,C101632,Office Supplies,4,12.06,Email, United Kingdom
INV900630,2023-06-15,C100325,Books,3,19.55,Referral,United Kingdom
INV902310,2023-10-20,C101247,Books,2,19.54,Social,United Kingdom
INV902597,2024-09-04,C101398,Toys,2,57.93,Organic Search,france
INV900104,2023-08-23,C100052,Electronics,1,587.5,Organic Search,US
INV902017,2023-09-15,C101075,Apparel,5,40.45,Organic Search,germany
INV902520,2024-07-26,C101350,Toys,5,17.17,Paid Ads,ireland
INV901308,2024-07-24,C100689,Apparel,1,25.76,Organic Search,United Kingdom
INV901040,2024-09-05,C100536,Electronics,1,461.07,Organic Search,ireland
INV903296,2024-04-05,C101784,Beauty,3,44.03,Organic Search,United States
INV901732,2023-07-15,C100911,Home & Kitchen,1,16.3,Paid Ads, United Kingdom
INV900934,2023-10-14,C100484,Apparel,3,19.9,Social, United Kingdom
INV902040,2024-11-06,C101084,Home & Kitchen,4,10.78,Email,DE
INV902565,2024-09-10,C101375,Office Supplies,5,8.68,Organic Search, United Kingdom
INV901852,2023-12-28,C100984,Books,5,9.62,Paid Ads, United Kingdom
INV902813,2024-10-28,C101499,Apparel,2,12.27,Paid Ads, United Kingdom
INV900461,2023-08-01,C100238,Sports & Outdoors,3,113.84,Organic Search, United Kingdom
INV900267,2023-06-09,C100142,Office Supplies,1,2225.325711457383,Email,DE
INV901761,2024-07-21,C100935,Electronics,4,357.63,Organic Search,United Kingdom
INV901460,2024-08-15,C100780,Beauty,3,53.75,Email,germany
INV903178,2024-07-08,C101720,Beauty,5,45.5,Referral, United Kingdom
INV903270,2024-04-14,C101766,Electronics,4,330.9,Referral,United Kingdom
INV901432,2024-04-22,C100765,Books,3,7.15,Referral,US
INV902175,2023-02-26,C101166,Beauty,1,55.96,Paid Ads,DE
INV901177,2023-10-16,C100613,Beauty,1,13.91,Email,france
INV903102,2023-04-04,C101676,Books,5,25.02,Email,france
INV900587,2024-12-04,C100302,Apparel,5,43.19,Referral,United Kingdom
INV903126,2023-09-22,C101693,Sports & Outdoors,4,38.21,Organic Search,france
INV902827,2024-02-19,C101509,Electronics,2,452.38,Social,united kingdom
INV903295,2024-04-13,C101784,Sports & Outdoors,4,101.79,Organic Search,united states
INV902235,2024-08-20,C101196,Home & Kitchen,5,27.72,Organic Search,UK
INV901598,2023-04-17,C100846,Books,2,9.43,Email,Germany
INV900364,2023-10-24,C100196,Home & Kitchen,1,32.23,Organic Search,Ireland
INV901638,2024-07-11,C100865,Home & Kitchen,4,49.96,Organic Search,United States
INV901898,2024-12-01,C101010,Books,5,24.09,Organic Search,US
INV901016,2024-05-12,C100520,Books,3,32.03,Email, United Kingdom
INV900601,2024-04-25,C100307,Toys,1,17.89,Paid Ads,UK
INV900136,2023-08-03,C100067,Sports & Outdoors,3,124.5,Organic Search,France
INV901567,2023-08-25,C100830,Books,4,27.82,Social,united kingdom
INV900616,2024-01-25,C100314,Office Supplies,1,36.3,Organic Search,UK
INV900271,2024-03-22,C100142,Electronics,2,183.13,Email,germany
INV902237,2024-10-06,C101197,Office Supplies,1,31.94,Paid Ads, United Kingdom
INV901361,2024-08-23,C100721,Apparel,5,15.59,Paid Ads,UK
INV901348,2024-10-13,C100714,Apparel,1,39.83,Referral, United Kingdom
INV900262,2023-07-05,C100138,Toys,1,63.08,Paid Ads, United Kingdom
INV902128,2023-09-04,C101137,Home & Kitchen,4,72.07,Organic Search,UK
INV902574,2024-12-20,C101386,Toys,5,27.19,Referral,germany
INV901161,2023-11-07,C100605,Electronics,2,382.68,Paid Ads,United Kingdom
INV902818,2023-06-12,C101502,Apparel,4,29.15,Referral,UK
INV902269,2024-08-24,C101212,Apparel,4,45.14,Organic Search,USA
INV903008,2024-03-18,C101615,Toys,1,67.58,Referral,france
INV900728,2023-06-02,C100379,Electronics,5,251.74,Paid Ads,united kingdom
INV902806,2024-04-18,C101497,Apparel,1,83.35,Organic Search,US
INV900323,2024-05-06,C100173,Apparel,4,58.75,Social,united kingdom
INV902770,2024-08-24,C101481,Electronics,4,84.33,Organic Search,UK
INV901220,2024-07-08,C100640,Toys,2,32.4,Referral, United Kingdom
INV901311,2023-03-27,C100694,Books,2,24.15,Referral,United States
INV900445,2024-10-12,,Home & Kitchen,4,37.77,Email,United States
INV901862,2023-07-03,C100988,Toys,2,18.94,Referral,france
INV901405,2024-08-07,C100753,Apparel,1,39.58,Organic Search,united kingdom
INV902303,2024-10-06,C101244,Beauty,1,43.03,Organic Search,United Kingdom
INV900469,2023-05-24,C100242,Electronics,4,67.19,Referral,united states
INV903032,2023-08-18,C101636,Apparel,2,29.64,Referral,united kingdom
INV902591,2023-07-04,C101394,Apparel,5,21.88,Organic Search,united kingdom
INV900654,2024-11-13,C100342,Toys,5,46.8,Paid Ads,USA
INV903182,2024-06-28,C101722,Beauty,2,31.53,Organic Search,France
INV901862,2023-07-03,C100988,Electronics,1,549.12,Referral,france
INV900818,2023-12-09,C100413,Office Supplies,4,31.79,Organic Search,france
INV902264,2023-12-15,C101212,Toys,5,56.32,Organic Search,United States
INV902674,2023-03-05,C101444,Books,4,23.52,Email,Germany
INV900339,2023-11-01,C100182,Books,5,31.56,Social,germany
INV902098,2024-08-15,C101118,Home & Kitchen,2,43.4,Email,france
INV900042,2024-01-20,C100020,Home & Kitchen,2,75.98,Organic Search,germany
INV900546,2024-06-09,C100281,Home & Kitchen,5,119.21,Organic Search,UK
INV901727,2024-06-13,C100910,Home & Kitchen,4,56.51,Organic Search,france
INV902355,2023-09-03,C101278,Apparel,5,17.06,Organic Search,DE
INV900460,2024-01-18,C100237,Beauty,1,21.64,Paid Ads,United Kingdom
INV901299,2024-12-01,C100682,Electronics,2,566.37,Paid Ads,Ireland
INV902615,2024-11-21,C101408,Sports & Outdoors,3,176.59,Paid Ads,Ireland
INV900840,2024-03-14,C100428,Electronics,4,421.04,Organic Search,france
INV902172,2023-11-16,C101163,Toys,2,53.09,Organic Search,UK
INV903306,2023-12-23,C101786,Beauty,4,21.14,Organic Search,US
INV900367,2023-12-23,C100196,Books,1,32.78,Organic Search,ireland
INV900108,2024-07-02,C100053,Home & Kitchen,4,107.42,Organic Search,united kingdom
INV901521,2023-12-16,C100807,Beauty,4,32.17,Paid Ads,United States
INV902359,2024-04-02,C101281,Sports & Outdoors,4,52.95,Social,germany
INV901822,2023-04-05,C100969,Apparel,4,39.32,Referral,DE
INV901072,2023-11-11,C100563,Beauty,4,5.15,Paid Ads,DE
INV903115,2023-11-06,C101681,Home & Kitchen,1,125.57,Referral,united kingdom
INV902480,2023-12-28,C101334,Beauty,4,46.54,Email,united kingdom
INV900897,2024-04-21,,Electronics,2,48.48,Referral, United Kingdom
INV902856,2024-01-20,C101518,Beauty,5,25.71,Organic Search,Ireland
INV901582,2024-12-20,C100836,Home & Kitchen,3,85.18,Referral,United Kingdom
INV902420,2024-06-20,C101309,Office Supplies,1,25.43,Organic Search,france
INV901988,2024-01-19,C101059,Electronics,4,299.39,Email,united kingdom
INV901920,2024-12-14,C101013,Books,3,22.13,Paid Ads,united states
INV903082,2024-05-17,C101661,Electronics,3,337.86,Email,DE
INV902836,2023-08-22,C101511,Home & Kitchen,4,108.02,Social, United Kingdom
INV900938,2023-12-27,C100486,Electronics,2,274.3,Email,France
INV900201,2024-04-18,C100106,Office Supplies,4,8.16,Social,United Kingdom
INV901295,2023-10-25,C100681,Home & Kitchen,4,77.02,Organic Search,US
INV901109,2024-05-21,C100577,Sports & Outdoors,4,105.83,Social,germany
INV901185,2024-11-15,C100617,Home & Kitchen,2,17.74,Social,United Kingdom
INV901686,2024-09-14,C100884,Electronics,4,491.55,Organic Search,ireland
INV900934,2023-10-14,C100484,Toys,3,23.22,Social, United Kingdom
INV901882,2024-07-01,C101003,Beauty,2,46.84,Organic Search,France
INV900633,2023-04-14,C100327,Books,1,32.63,Paid Ads,united states
INV902142,2023-08-25,C101150,Home & Kitchen,1,66.09,Social,germany
INV900462,2023-09-02,C100238,Toys,1,24.31,Organic Search,United Kingdom
INV902424,2023-07-12,C101311,Apparel,1,84.01,Paid Ads,United Kingdom
INV901566,2023-06-12,C100830,Beauty,1,10.28,Social,UK
INV901860,2023-10-11,,Office Supplies,3,11.75,Organic Search,Ireland
INV900686,2024-09-27,C100355,Electronics,1,220.29,Referral,DE
INV901943,2024-01-01,,Electronics,5,458.32,Email,Ireland
INV900865,2023-05-07,C100442,Electronics,3,245.0,Paid Ads,ireland
INV900286,2023-11-17,C100154,Apparel,5,8.46,Organic Search,USA
INV901410,2024-10-22,C100754,Beauty,5,35.14,Social,ireland
INV902140,2024-12-02,,Home & Kitchen,4,117.67,Organic Search,United Kingdom
INV900784,2024-11-27,C100403,Sports & Outdoors,1,19.88,Organic Search,United States
INV902756,2024-09-12,C101476,Books,1,27.51,Referral,france
INV900846,2024-02-06,C100434,Electronics,5,427.55,Social,France
INV900919,2024-04-16,C100475,Electronics,1,463.61,Organic Search,UK
INV900885,2023-07-25,C100449,Apparel,1,30.18,Organic Search,united kingdom
INV900813,2023-05-26,C100413,Toys,1,21.19,Organic Search,France
INV902831,2024-12-19,C101509,Home & Kitchen,5,84.46,Social,UK
INV903076,2024-07-22,C101657,Office Supplies,2,39.83,Organic Search, United Kingdom
INV902908,2024-03-13,C101553,Office Supplies,5,31.92,Referral,germany
INV903129,2023-11-13,C101696,Toys,5,39.48,Organic Search,united kingdom
INV900151,2024-10-21,C100080,Electronics,5,431.81,Social,UK
INV903175,2023-07-06,C101720,Toys,3,22.03,Referral,united kingdom
INV902863,2024-12-21,C101520,Apparel,5,24.33,Organic Search,UK
INV902780,2024-10-23,C101485,Books,2,29.37,Referral,USA
INV900632,2024-06-01,C100326,Office Supplies,1,22.73,Paid Ads,UK
INV900133,2023-11-24,C100064,Beauty,4,18.45,Social, United Kingdom
INV903108,2023-12-28,C101676,Apparel,2,57.68,Email,France
INV900526,2023-01-26,C100271,Home & Kitchen,3,50.65,Email,France
INV901329,2023-03-10,C100704,Toys,2,18.15,Organic Search,US
INV900055,2024-01-10,,Beauty,3,47.19,Email,united states
INV903058,2024-07-19,C101652,Electronics,5,107.19,Email,france
INV902367,2023-07-06,C101285,Apparel,4,51.76,Organic Search,united kingdom
INV900045,2023-07-12,C100022,Books,5,33.71,Email, United Kingdom
INV900273,2023-11-21,C100143,Electronics,4,361.21,Email,United Kingdom
INV902850,2024-09-12,C101515,Home & Kitchen,3,119.0,Organic Search,United Kingdom
INV901480,2024-04-13,C100784,Office Supplies,2,37.95,Organic Search,France
INV901426,2024-11-25,C100761,Beauty,4,43.95,Email,USA
INV902309,2024-07-22,C101246,Beauty,1,59.07,Organic Search,United Kingdom
INV903004,2023-03-14,C101614,Office Supplies,5,37.04,Organic Search,united kingdom
INV901599,2024-06-19,C100847,Books,4,26.27,Paid Ads,ireland
INV902739,2023-10-19,C101467,Beauty,2,24.61,Paid Ads, United Kingdom
INV900622,2024-06-27,C100319,Beauty,5,57.12,Organic Search, United Kingdom
INV901084,2023-12-27,C100567,Apparel,1,84.62,Organic Search,United States
INV901689,2024-06-28,C100885,Books,4,6.07,Referral,USA
INV901656,2023-12-02,C100875,Beauty,4,18.38,Paid Ads,UK
INV902628,2023-09-28,C101417,Electronics,2,446.22,Referral,USA
INV901590,2023-01-27,C100844,Home & Kitchen,5,37.97,Email,UK
INV901601,2024-12-20,C100848,Home & Kitchen,5,103.23,Paid Ads,united kingdom
INV901726,2024-04-15,C100910,Electronics,5,223.77,Organic Search,France
INV900907,2024-07-12,C100462,Home & Kitchen,-1,71.14,Email,UK
INV902035,2024-12-04,C101082,Books,5,20.1,Referral,Ireland
INV903161,2024-02-02,C101716,Home & Kitchen,5,135.92,Organic Search,germany
INV902353,2024-11-24,C101277,Sports & Outdoors,4,59.08,Referral,united kingdom
INV903261,2024-02-02,C101764,Apparel,4,45.6,Paid Ads,UK
INV900704,2023-12-13,C100366,Home & Kitchen,2,108.53,Organic Search,united kingdom
INV901359,2023-07-10,C100720,Sports & Outdoors,3,30.7,Organic Search,United States
INV902139,2024-03-01,C101148,Home & Kitchen,4,80.95,Organic Search, United Kingdom
INV902529,2023-06-28,C101358,Office Supplies,3,23.54,Organic Search,United Kingdom
INV902203,2024-02-22,,Home & Kitchen,2,117.65,Organic Search,DE
INV901610,2024-10-15,C100852,Toys,3,11.53,Referral,UK
INV901366,2023-05-03,C100725,Home & Kitchen,2,71.4,Email,germany
INV902255,2024-10-06,C101207,Office Supplies,5,14.07,Social,US
INV902640,2024-02-08,C101423,Books,5,18.45,Organic Search, United Kingdom
INV902571,2024-03-11,C101379,Home & Kitchen,3,47.2,Email,DE
INV902973,2023-04-16,C101593,Beauty,1,48.37,Social,Germany
INV900405,2023-10-02,C100218,Toys,3,17.99,Organic Search,United Kingdom
INV900561,2023-12-25,C100295,Toys,3,36.53,Organic Search,germany
INV901001,2023-11-18,C100518,Electronics,5,139.0,Referral,UK
INV902373,2023-09-19,C101288,Books,-4,14.35,Organic Search,ireland
INV902531,2023-11-23,C101358,Electronics,3,163.34,Organic Search,united kingdom
INV903231,2023-03-23,,Beauty,3,59.92,Referral,Ireland
INV902950,2023-12-22,C101575,Sports & Outdoors,5,191.54,Organic Search,united kingdom
INV900819,2023-01-26,C100414,Office Supplies,3,11.7,Organic Search,DE
INV900476,2023-04-23,C100245,Books,3,23.7,Paid Ads, United Kingdom
INV901786,2024-11-21,C100949,Beauty,1,34.28,Referral,USA
INV902402,2023-09-06,C101299,Sports & Outdoors,1,99.99,Email,united kingdom
INV901142,2024-07-20,C100595,Books,3,21.38,Email,ireland
INV903289,2024-04-07,C101778,Beauty,5,51.82,Email,united states
INV901969,2023-08-13,C101045,Beauty,5,7.02,Social,France
INV903202,2024-09-20,C101730,Books,2,30.93,Organic Search, United Kingdom
INV902706,2023-10-17,C101457,Apparel,4,23.08,Paid Ads, United Kingdom
INV902557,2023-10-26,C101372,Home & Kitchen,2,145.45,Referral,united kingdom
INV902723,2023-03-03,C101463,Sports & Outdoors,3,81.94,Referral,UK
INV900742,2023-06-01,C100385,Electronics,4,61.16,Social,United Kingdom
INV900771,2024-07-20,C100395,Toys,4,27.35,Paid Ads,United Kingdom
INV900607,2024-04-07,C100310,Toys,4,24.53,Referral,united kingdom
INV901545,2024-07-12,C100818,Beauty,1,35.16,Email,Germany
INV902776,2024-01-27,C101484,Electronics,2,488.02,Organic Search,Ireland
INV900463,2024-02-28,C100238,Sports & Outdoors,2,195.98,Organic Search,United Kingdom
INV902765,2024-07-08,C101478,Beauty,4,43.54,Organic Search,France
INV900516,2023-08-08,C100267,Office Supplies,4,43.58,Paid Ads, United Kingdom
INV902644,2024-10-19,C101423,Electronics,4,385.43,Organic Search,United Kingdom
INV900647,2024-08-24,C100335,Toys,3,53.01,Organic Search,France
INV903087,2023-11-01,C101664,Home & Kitchen,2,50.91,Email,United States
INV900529,2023-09-26,C100274,Electronics,1,379.07,Paid Ads,DE
INV901095,2023-01-08,C100573,Electronics,5,128.14,Paid Ads,france
INV900788,2024-02-21,C100404,Apparel,3,68.98,Referral,France
INV901267,2023-08-16,C100663,Apparel,4,26.99,Social,germany
INV901830,2024-04-19,C100973,Sports & Outdoors,4,34.39,Social, United Kingdom
INV901037,2024-01-23,C100536,Toys,4,55.4,Organic Search,ireland
INV900854,2023-11-19,C100439,Books,4,15.05,Paid Ads,united kingdom
INV900939,2024-02-01,C100486,Office Supplies,2,18.88,Email,France
INV902542,2023-07-07,C101363,Sports & Outdoors,5,34.71,Organic Search,DE
INV902801,2024-06-08,C101493,Home & Kitchen,5,137.29,Organic Search,united states
INV902403,2023-09-11,C101299,Sports & Outdoors,2,144.59,Email, United Kingdom
INV902416,2024-03-09,C101306,Toys,5,21.62,Email,Germany
INV900369,2024-11-11,C100197,Apparel,2,84.78,Referral,United Kingdom
INV902772,2023-06-16,C101483,Toys,4,18.6,Organic Search,germany
INV902844,2023-07-04,C101514,Home & Kitchen,5,59.0,Paid Ads,DE
INV900718,2023-03-19,C100375,Books,3,23.62,Paid Ads,ireland
INV901202,2023-12-22,C100629,Apparel,2,64.8,Organic Search,United Kingdom
INV901967,2023-06-06,C101045,Home & Kitchen,1,118.4,Social,France
INV900552,2024-08-17,C100285,Electronics,3,573.83,Referral, United Kingdom
INV900876,2023-07-06,C100446,Beauty,4,45.61,Paid Ads,france
INV901602,2024-01-06,C100849,Toys,4,13.75,Paid Ads,USA
INV903235,2024-09-23,C101745,Books,5,26.15,Referral,germany
INV900270,2023-10-11,C100142,Office Supplies,4,37.74,Email,germany
INV901770,2024-02-26,C100940,Apparel,2,69.22,Organic Search, United Kingdom
INV900911,2024-11-15,C100468,Home & Kitchen,1,95.86,Organic Search,united kingdom
INV902380,2023-05-02,C101290,Toys,5,7.69,Organic Search,Ireland
INV901543,2024-01-05,C100817,Office Supplies,4,35.89,Email,united kingdom
INV903048,2024-08-18,C101649,Home & Kitchen,3,97.6,Organic Search,USA
INV901560,2024-03-09,C100826,Office Supplies,2,13.66,Paid Ads,UK
INV900453,2024-02-27,C100234,Office Supplies,5,12.21,Social,France
INV902811,2024-01-23,C101498,Beauty,5,7.75,Organic Search,United Kingdom
INV901615,2024-02-12,C100854,Home & Kitchen,1,81.18,Paid Ads, United Kingdom
INV902240,2023-12-09,C101201,Beauty,5,54.18,Organic Search,USA
INV901249,2024-06-08,C100656,Toys,3,29.16,Social,Germany
INV900128,2024-08-19,C100060,Apparel,1,89.98,Paid Ads,France
INV902051,2024-05-15,C101090,Toys,4,52.58,Organic Search,United Kingdom
INV901744,2024-09-01,C100920,Toys,3,11.1,Social,france
INV900911,2024-11-15,C100468,Beauty,2,54.49,Organic Search,united kingdom
INV900921,2024-10-16,C100475,Electronics,2,261.88,Organic Search,UK
INV902399,2024-05-09,C101298,Sports & Outdoors,2,180.12,Organic Search,United Kingdom
INV900435,2024-07-10,C100230,Home & Kitchen,3,85.7,Social,germany
INV902851,2024-11-01,C101515,Home & Kitchen,3,13.32,Organic Search, United Kingdom
INV900196,2024-04-22,C100103,Beauty,3,22.33,Organic Search,Germany
INV901344,2024-06-03,C100712,Electronics,2,592.49,Referral,germany
INV900253,2024-02-08,C100133,Office Supplies,1,34.2,Social,United States
INV900539,2024-07-27,C100278,Electronics,5,159.02,Organic Search,France
INV902595,2023-03-19,C101398,Home & Kitchen,4,148.25,Organic Search,france
INV901303,2024-01-13,C100687,Apparel,4,31.9,Paid Ads,Ireland
INV901447,2024-08-26,C100771,Home & Kitchen,5,85.76,Email,DE
INV900210,2024-08-10,C100111,Home & Kitchen,5,26.08,Paid Ads,USA
INV901182,2024-12-21,,Apparel,3,67.93,Referral,United Kingdom
INV901982,2024-11-07,C101053,Electronics,4,341.08,Social,US
INV902610,2023-11-02,C101405,Office Supplies,2,12.32,Paid Ads,united kingdom
INV900989,2024-07-06,C100512,Office Supplies,4,19.0,Referral,United States
INV900581,2023-10-11,C100300,Apparel,5,86.85,Paid Ads,United States
INV900766,2023-11-04,C100391,Apparel,5,49.79,Email,Ireland
INV900566,2024-10-06,C100296,Office Supplies,4,23.16,Organic Search,france
INV900924,2023-04-23,C100477,Apparel,2,51.18,Referral,United Kingdom
INV902659,2023-09-09,C101434,Beauty,4,41.74,Paid Ads,Germany
INV902057,2024-12-03,C101096,Electronics,1,82.18,Organic Search,france
INV901563,2024-08-15,C100827,Home & Kitchen,1,77.71,Referral, United Kingdom
INV901498,2023-07-25,C100798,Office Supplies,2,38.81,Social,UK
INV901705,2024-10-17,C100892,Books,4,11.69,Organic Search,United States
INV901149,2024-04-18,C100597,Apparel,2,45.44,Email,Germany
INV902833,2023-07-02,C101510,Electronics,2,131.94,Email,France
INV902736,2024-02-21,C101466,Office Supplies,2,21.12,Organic Search,united kingdom
INV901639,2024-11-03,C100865,Sports & Outdoors,5,104.09,Organic Search,united states
INV901217,2024-03-22,C100637,Home & Kitchen,2,33.47,Email,USA
INV902089,2023-06-26,C101113,Beauty,5,5.45,Paid Ads,UK
INV901955,2024-05-02,C101037,Electronics,5,380.49,Email,France
INV901374,2024-06-01,C100733,Apparel,3,15.37,Email,united kingdom
INV900875,2024-09-17,C100445,Beauty,1,54.12,Email,france
INV900733,2024-10-19,C100382,Beauty,5,10.48,Paid Ads,france
INV903248,2023-09-20,C101756,Office Supplies,5,25.02,Paid Ads, United Kingdom
INV901238,2024-06-02,C100650,Books,5,21.28,Organic Search,United Kingdom
INV900209,2024-05-21,C100111,Apparel,5,86.2,Paid Ads,USA
INV902608,2024-06-04,C101404,Beauty,1,20.39,Paid Ads,ireland
INV903131,2023-07-11,C101700,Sports & Outdoors,3,78.97,Paid Ads,United States
INV901925,2023-04-24,C101021,Electronics,3,286.16,Organic Search,Germany
INV901005,2024-01-09,C100518,Toys,2,60.71,Referral, United Kingdom
INV900750,2023-11-01,C100386,Home & Kitchen,3,90.03,Paid Ads,UK
INV901842,2023-12-04,C100980,Sports & Outdoors,3,41.42,Paid Ads,france
INV902336,2023-12-12,C101269,Books,4,28.92,Paid Ads, United Kingdom
INV900029,2024-08-17,C100015,Home & Kitchen,4,42.72,Social,UK
INV900315,2023-06-24,C100169,Sports & Outdoors,1,98.04,Paid Ads,United Kingdom
INV900565,2024-07-06,C100296,Books,3,11.92,Organic Search,France
INV900659,2024-11-03,C100346,Sports & Outdoors,4,85.43,Email,DE
INV901879,2024-12-19,C100998,Office Supplies,1,31.99,Organic Search,UK
INV900281,2024-11-27,C100148,Apparel,4,37.18,Referral,united states
INV902741,2024-06-25,C101468,Home & Kitchen,2,134.35,Paid Ads,DE
INV901790,2023-09-22,C100951,Home & Kitchen,5,109.98,Social, United Kingdom
INV900867,2023-06-11,C100442,Electronics,3,561.13,Paid Ads,ireland
INV901714,2023-03-20,C100901,Electronics,5,382.85,Email,UK
INV900853,2023-11-08,C100439,Home & Kitchen,1,126.78,Paid Ads, United Kingdom
INV903009,2024-07-25,C101615,Home & Kitchen,3,141.61,Referral,france
INV900850,2024-08-22,C100437,Toys,5,58.52,Paid Ads,United Kingdom
INV901220,2024-07-08,C100640,Toys,2,32.4,Referral, United Kingdom
INV901569,2024-04-06,C100830,Sports & Outdoors,5,127.91,Social,United Kingdom
INV902566,2024-08-18,C101376,Sports & Outdoors,1,145.75,Paid Ads,France
INV900464,2023-03-19,C100240,Books,4,32.07,Paid Ads,ireland
INV900692,2024-06-01,C100357,Toys,1,54.76,Referral,United Kingdom
INV902739,2023-10-19,C101467,Toys,2,63.43,Paid Ads, United Kingdom
INV900105,2023-12-09,C100052,Electronics,3,484.65,Organic Search,United States
INV903246,2024-04-27,C101754,Apparel,3,33.19,Paid Ads,DE
INV900092,2024-08-03,C100045,Toys,2,31.82,Organic Search,United States
INV902139,2024-03-01,C101148,Electronics,3,220.54,Organic Search, United Kingdom
INV902514,2024-04-08,C101347,Sports & Outdoors,3,98.29,Email, United Kingdom
INV900184,2024-07-26,C100097,Electronics,5,463.6,Organic Search, United Kingdom
INV903029,2023-12-17,C101634,Books,3,6.02,Social,USA
INV902792,2023-12-15,C101488,Sports & Outdoors,4,68.8,Email,United Kingdom
INV900557,2024-06-06,C100290,Office Supplies,3,19.55,Paid Ads,United States
INV902699,2023-07-15,C101452,Apparel,4,14.73,Organic Search,Germany
INV900173,2024-09-12,C100090,Sports & Outdoors,3,20.38,Email,USA
INV902354,2023-03-06,C101278,Sports & Outdoors,2,58.16,Organic Search,germany
INV903198,2023-12-18,C101729,Office Supplies,5,24.52,Organic Search,UK
INV900862,2024-12-23,C100441,Books,2,24.6,Referral,united kingdom
INV902166,2024-07-05,C101159,Sports & Outdoors,2,146.78,Organic Search,united kingdom
INV901624,2024-10-18,C100858,Home & Kitchen,4,119.36,Social,france
INV902942,2024-11-06,C101569,Toys,1,59.57,Paid Ads,USA
INV903268,2023-11-10,,Home & Kitchen,2,102.65,Referral,UK
INV902351,2024-07-07,C101277,Books,4,10.83,Referral,united kingdom
INV901070,2024-03-14,C100562,Books,1,32.68,Organic Search, United Kingdom
INV900694,2024-10-09,C100357,Beauty,1,26.78,Referral,united kingdom
INV902402,2023-09-06,C101299,Office Supplies,3,37.49,Email,united kingdom
INV902312,2023-05-27,C101250,Sports & Outdoors,4,107.58,Email,Germany
INV901666,2023-12-09,C100878,Electronics,5,388.54,Paid Ads,US
INV900283,2023-06-08,C100151,Beauty,4,26.46,Organic Search,Germany
INV902350,2024-10-23,C101276,Home & Kitchen,-5,19.74,Paid Ads,United Kingdom
INV902851,2024-11-01,C101515,Books,1,28.05,Organic Search, United Kingdom
INV903319,2024-05-15,C101795,Books,2,9.34,Organic Search,united kingdom
INV902951,2023-12-09,C101575,Home & Kitchen,3,122.68,Organic Search,United Kingdom
INV902004,2023-08-06,C101068,Home & Kitchen,5,14.91,Paid Ads,france
INV900613,2023-07-02,C100314,Toys,2,44.67,Organic Search,United Kingdom
INV902369,2024-01-17,C101285,Beauty,1,,Organic Search,united kingdom
INV900876,2023-07-06,C100446,Home & Kitchen,5,36.52,Paid Ads,france
INV902464,2024-06-10,C101326,Apparel,5,46.28,Email,france
INV900804,2023-10-01,C100410,Electronics,4,163.35,Paid Ads,UK
INV902681,2023-06-16,C101449,Office Supplies,5,36.72,Organic Search, United Kingdom
INV900276,2024-12-05,C100144,Sports & Outdoors,4,40.23,Organic Search,UK
INV902480,2023-12-28,C101334,Office Supplies,5,29.97,Email,united kingdom
INV900585,2023-09-05,C100302,Electronics,3,73.53,Referral,United Kingdom
INV902267,2024-05-06,C101212,Apparel,3,77.59,Organic Search,united states
INV902500,2024-03-23,C101340,Office Supplies,5,25.07,Organic Search,DE
INV900696,2023-03-18,C100358,Electronics,3,143.67,Paid Ads,united kingdom
INV902362,2024-06-21,C101283,Electronics,2,435.28,Organic Search,UK
INV900497,2023-06-09,C100255,Home & Kitchen,2,123.76,Organic Search,UK
INV901475,2024-01-07,C100783,Electronics,3,462.59,Organic Search,DE
INV901023,2023-07-02,,Office Supplies,4,28.18,Paid Ads, United Kingdom
INV902009,2024-05-25,C101072,Toys,1,36.11,Email,france
INV902974,2023-05-27,C101593,Home & Kitchen,1,107.07,Social,germany
INV900892,2024-12-22,C100450,Apparel,3,30.19,Referral,United Kingdom
INV900151,2024-10-21,C100080,Beauty,5,56.81,Social,UK
INV902318,2024-05-12,C101257,Electronics,5,448.77,Organic Search,ireland
INV900530,2024-04-05,C100275,Apparel,4,49.33,Referral,United States
INV900798,2023-12-28,C100407,Electronics,3,487.65,Email,France
INV902723,2023-03-03,C101463,Office Supplies,5,42.18,Referral,UK
INV900182,2024-03-24,C100096,Books,5,15.32,Email,france
INV900809,2024-08-18,C100411,Toys,3,35.25,Social,united kingdom
INV901490,2024-04-23,C100791,Electronics,1,472.64,Social,UK
INV900335,2024-09-13,C100180,Apparel,3,34.04,Organic Search,united kingdom
INV901074,2024-08-12,C100564,Electronics,5,164.74,Email,UK
INV902586,2024-10-15,,Office Supplies,2,19.98,Email,US
INV901660,2023-12-25,C100876,Office Supplies,3,40.85,Email,US
INV901181,2024-08-27,C100614,Electronics,2,72.43,Referral,united kingdom
INV901977,2023-11-13,C101051,Electronics,4,273.75,Organic Search,Germany
INV900378,2024-04-24,C100205,Home & Kitchen,4,109.78,Referral,France
INV903171,2023-12-16,C101719,Toys,1,48.17,Social,Germany
INV903271,2024-11-17,C101766,Apparel,3,9.76,Referral,United Kingdom
INV903007,2023-11-14,C101615,Books,2,8.94,Referral,france
INV902228,2023-11-06,C101191,Books,-2,9.69,Referral,France
INV902658,2023-12-08,C101433,Books,2,9.44,Organic Search,germany
INV903269,2023-12-16,C101766,Books,5,5.38,Referral,United Kingdom
INV901594,2023-12-14,C100844,Beauty,5,5.55,Email,united kingdom
INV900836,2024-11-05,C100426,Apparel,3,68.71,Paid Ads,Germany
INV900649,2024-12-23,C100335,Electronics,1,226.91,Organic Search,france
INV900872,2024-01-28,C100444,Home & Kitchen,1,21.85,Social,US
INV900307,2023-09-10,C100167,Sports & Outdoors,5,61.72,Email,Germany
INV902893,2024-04-22,C101539,Electronics,4,593.51,Referral,france
INV901150,2024-04-24,C100597,Home & Kitchen,5,55.42,Email,Germany
INV900333,2024-07-16,C100180,Toys,3,18.92,Organic Search,united kingdom
INV900247,2024-12-09,C100131,Apparel,5,22.29,Email,DE
INV900614,2023-11-26,,Office Supplies,2,38.9,Organic Search,united kingdom
INV901984,2023-03-04,C101054,Electronics,5,111.05,Social,germany
INV900160,2024-04-27,C100085,Toys,4,26.69,Social,France
INV902678,2023-05-17,C101445,Home & Kitchen,4,30.98,Organic Search, United Kingdom
INV902079,2023-12-20,C101109,Apparel,3,42.92,Email,USA
INV903174,2023-05-09,C101720,Office Supplies,5,13.54,Referral,united kingdom
INV902660,2023-12-14,C101434,Books,4,23.25,Paid Ads,Germany
INV900761,2024-03-03,C100390,Office Supplies,2,37.99,Paid Ads,USA
INV901479,2024-02-01,C100784,Toys,2,27.33,Organic Search,france
INV901015,2024-02-17,C100520,Home & Kitchen,1,99.0,Email,United Kingdom
INV900738,2023-08-27,C100384,Office Supplies,5,28.13,Social,United States
INV901966,2023-04-03,C101045,Sports & Outdoors,5,15.12,Social,france
INV900492,2024-06-18,C100251,Home & Kitchen,1,47.94,Referral,united states
INV902994,2023-12-02,C101607,Toys,1,27.14,Social, United Kingdom
INV902026,2023-05-27,C101077,Home & Kitchen,4,116.78,Social,united kingdom
INV900130,2024-08-18,C100063,Electronics,2,488.44,Organic Search,United Kingdom
INV903116,2024-05-22,C101684,Electronics,3,122.63,Organic Search,United States
INV900845,2024-12-06,C100433,Beauty,5,26.83,Social,UK
INV901838,2024-09-03,C100975,Beauty,1,32.17,Referral,united states
INV903050,2024-09-02,C101649,Apparel,4,25.75,Organic Search,USA
INV901830,2024-04-19,C100973,Sports & Outdoors,1,13.9,Social, United Kingdom
INV901878,2024-12-03,C100998,Toys,3,46.53,Organic Search,united kingdom
INV902783,2023-05-26,C101486,Beauty,1,42.68,Social,UK
INV902200,2024-06-06,C101182,Electronics,3,136.98,Email,France
INV900514,2024-02-16,C100265,Home & Kitchen,5,126.67,Referral,DE
INV900499,2024-06-02,C100256,Books,5,25.27,Organic Search, United Kingdom
INV900344,2024-08-27,C100183,Sports & Outdoors,5,92.11,Referral,UK
INV903314,2023-05-02,C101795,Office Supplies,1,19.26,Organic Search,united kingdom
INV902809,2023-10-08,C101498,Beauty,3,39.87,Organic Search,UK
INV901769,2024-08-17,C100938,Books,2,30.84,Referral,US
INV901822,2023-04-05,C100969,Electronics,3,427.1,Referral,DE
INV900942,2024-08-02,C100489,Office Supplies,3,30.29,Organic Search,United Kingdom
INV902981,2024-08-09,C101599,Toys,2,48.05,Paid Ads,france
INV901654,2024-10-17,C100874,Electronics,-2,47.06,Email,united kingdom
INV901979,2024-05-03,C101052,Office Supplies,2,14.98,Referral,Germany
INV900724,2023-11-22,C100375,Home & Kitchen,4,123.13,Paid Ads,ireland
INV900726,2024-03-05,C100377,Electronics,5,400.43,Organic Search,france
INV900184,2024-07-26,C100097,Toys,5,51.28,Organic Search, United Kingdom
INV900657,2023-06-22,C100345,Books,2,27.58,Organic Search,ireland
INV902951,2023-12-09,C101575,Electronics,5,222.79,Organic Search,United Kingdom
INV902657,2023-09-23,C101432,Sports & Outdoors,2,46.77,Referral,Germany
INV903099,2024-06-11,C101673,Home & Kitchen,2,108.55,Referral,United Kingdom
INV902482,2024-12-18,C101335,Apparel,5,78.38,Referral,united kingdom
INV901186,2023-04-08,C100618,Beauty,4,42.63,Organic Search, United Kingdom
INV901870,2024-08-28,C100994,Toys,4,59.81,Organic Search,united states
INV902656,2023-08-06,C101432,Electronics,2,198.26,Referral,germany
INV900689,2023-04-20,C100356,Office Supplies,3,30.72,Referral,france
INV903073,2024-03-01,C101655,Toys,3,45.73,Email,france
INV901667,2024-03-28,C100879,Books,4,16.9,Paid Ads, United Kingdom
INV903256,2024-02-14,C101763,Home & Kitchen,5,105.99,Organic Search,Ireland
INV902685,2023-11-12,C101449,Toys,2,24.07,Organic Search,United Kingdom
INV902623,2024-11-12,C101412,Sports & Outdoors,2,148.15,Paid Ads,united states
INV900029,2024-08-17,C100015,Beauty,3,13.41,Social,UK
INV901099,2023-08-17,C100574,Sports & Outdoors,4,112.82,Paid Ads,france
INV902858,2024-03-22,C101518,Toys,4,64.18,Organic Search,ireland
INV901449,2023-02-11,C100772,Apparel,4,16.56,Referral,Germany
INV902050,2023-12-03,C101090,Sports & Outdoors,1,56.61,Organic Search,United Kingdom
INV901576,2023-12-13,C100832,Office Supplies,3,41.68,Email,germany
INV901192,2023-10-12,C100621,Books,4,22.26,Paid Ads,germany
INV900846,2024-02-06,C100434,Office Supplies,4,16.09,Social,France
INV900819,2023-01-26,C100414,Office Supplies,2,41.13,Organic Search,DE
INV903233,2023-05-01,C101744,Apparel,4,68.2,Organic Search,United Kingdom
INV900183,2024-05-17,C100097,Beauty,3,21.75,Organic Search,UK
INV901046,2024-05-22,C100540,Office Supplies,5,29.63,Organic Search,United States
INV900889,2024-10-15,C100450,Electronics,4,133.56,Referral,UK
INV900356,2024-03-03,C100191,Toys,3,61.38,Email,Ireland
INV902164,2024-01-03,C101159,Home & Kitchen,1,149.03,Organic Search, United Kingdom
INV900109,2024-11-25,C100053,Office Supplies,-3,34.57,Organic Search,UK
INV900912,2024-04-25,C100470,Home & Kitchen,2,108.74,Organic Search,ireland
INV902862,2024-07-02,C101520,Books,3,12.88,Organic Search,UK
INV901229,2023-07-13,C100645,Beauty,4,27.73,Paid Ads,france
INV901565,2023-06-07,C100830,Office Supplies,1,25.51,Social, United Kingdom
INV902452,2023-11-01,C101322,Toys,1,69.93,Paid Ads,United Kingdom
INV902777,2024-05-17,C101484,Books,3,32.74,Organic Search,Ireland
INV902436,2023-12-19,,Apparel,2,22.26,Social,germany
INV901002,2023-12-03,C100518,Office Supplies,1,36.32,Referral, United Kingdom
INV902441,2023-09-18,C101318,Electronics,3,274.34,Social, United Kingdom
INV901281,2024-08-12,C100670,Beauty,4,31.42,Paid Ads,US
INV900043,2024-03-10,C100020,Home & Kitchen,2,64.68,Organic Search,germany
INV901366,2023-05-03,C100725,Toys,4,41.45,Email,germany
INV902589,2024-07-24,C101393,Books,4,14.17,Organic Search, United Kingdom
INV900825,2024-08-28,C100420,Home & Kitchen,4,144.2,Paid Ads, United Kingdom
INV901723,2023-08-09,C100908,Electronics,4,445.51,Paid Ads, United Kingdom
INV900838,2023-09-15,C100428,Office Supplies,1,39.59,Organic Search,France
INV902487,2024-09-15,C101338,Electronics,5,87.67,Paid Ads,United Kingdom
INV903245,2024-03-19,C101754,Beauty,4,37.9,Paid Ads,Germany
INV900964,2024-08-01,C100503,Books,3,21.76,Organic Search,france
INV903286,2023-05-27,C101777,Books,1,33.15,Referral,United Kingdom
INV902097,2024-04-09,C101118,Electronics,5,439.51,Email,france
INV901040,2024-09-05,C100536,Home & Kitchen,5,123.11,Organic Search,ireland
INV902665,2023-09-25,C101438,Electronics,4,118.42,Paid Ads,France
INV902389,2023-06-10,C101296,Home & Kitchen,2,106.61,Organic Search,united kingdom
INV900524,2023-12-15,C100269,Toys,4,35.75,Organic Search,United Kingdom
INV900777,2023-10-18,C100398,Books,3,33.33,Email, United Kingdom
INV901733,2023-12-27,C100911,Toys,2,30.28,Paid Ads,United Kingdom
INV902424,2023-07-12,C101311,Electronics,4,227.83,Paid Ads,United Kingdom
INV902194,2023-12-20,C101179,Sports & Outdoors,2,164.12,Organic Search,United Kingdom
INV900773,2023-02-27,C100396,Toys,4,28.76,Organic Search,UK
INV901154,2024-02-25,,Apparel,4,24.17,Paid Ads,DE
INV903087,2023-11-01,C101664,Beauty,5,15.88,Email,United States
INV903264,2024-07-07,C101765,Beauty,1,18.33,Referral,United Kingdom
INV901994,2024-04-02,C101064,Beauty,4,19.52,Email, United Kingdom
INV903180,2024-11-27,C101720,Office Supplies,5,23.81,Referral,united kingdom
INV902564,2024-06-26,C101374,Apparel,2,58.1,Referral,united kingdom
INV902834,2023-08-24,C101510,Office Supplies,1,30.98,Email,France
INV902018,2023-09-24,C101075,Office Supplies,3,6.97,Organic Search,Germany
INV901343,2024-11-10,C100711,Beauty,4,28.77,Referral,united kingdom
INV901320,2024-07-16,C100696,Apparel,4,50.82,Organic Search,United Kingdom
INV902232,2024-04-11,C101196,Electronics,3,51.79,Organic Search, United Kingdom
INV902716,2023-11-28,C101459,Books,2,27.27,Organic Search,united kingdom
INV900163,2023-10-24,C100087,Apparel,4,46.79,Organic Search,DE
INV902876,2024-07-19,C101528,Books,5,26.41,Email,DE
INV901799,2023-10-25,C100956,Beauty,4,23.4,Organic Search,UK
INV900290,2023-12-07,C100156,Books,5,33.04,Social,France
INV903137,2024-08-18,C101704,Toys,4,13.43,Organic Search,DE
INV901460,2024-08-15,C100780,Beauty,1,43.8,Email,germany
INV901876,2023-12-13,C100997,Toys,3,13.33,Organic Search,united kingdom
INV900625,2023-04-24,C100321,Apparel,1,33.63,Organic Search,united states
INV901063,2024-08-27,C100554,Beauty,1,19.55,Paid Ads, United Kingdom
INV900256,2024-12-16,C100133,Sports & Outdoors,2,12.28,Social,USA
INV901787,2023-12-13,C100950,Beauty,3,25.21,Organic Search,United Kingdom
INV900282,2024-07-18,C100150,Sports & Outdoors,3,32.81,Email,united kingdom
INV901949,2024-07-01,C101034,Apparel,4,58.21,Email,united kingdom
INV900230,2024-11-13,C100119,Sports & Outdoors,-2,104.2,Paid Ads,Ireland
INV901231,2023-12-12,C100646,Apparel,2,86.11,Organic Search,US
INV903129,2023-11-13,C101696,Apparel,1,35.14,Organic Search,united kingdom
INV900902,2024-05-04,C100460,Electronics,3,381.94,Email,ireland
INV902163,2024-01-14,C101159,Apparel,3,15.32,Organic Search,United Kingdom
INV902891,2024-03-26,C101537,Books,3,25.7,Email,USA
INV902081,2024-01-11,C101109,Books,1,13.84,Email,United States
INV902296,2024-01-01,C101237,Toys,2,59.58,Referral,France
INV901826,2023-11-23,C100969,Home & Kitchen,2,86.32,Referral,Germany
INV901081,2023-07-02,C100567,Toys,4,46.11,Organic Search,USA
INV901175,2024-06-13,C100612,Beauty,2,15.78,Email,Germany
INV900176,2024-07-12,C100091,Toys,3,53.61,Referral,United Kingdom
INV900807,2023-07-10,C100411,Toys,4,11.58,Social,UK
INV900566,2024-10-06,C100296,Home & Kitchen,3,74.08,Organic Search,france
INV902388,2024-11-17,C101295,Office Supplies,1,10.75,Referral,united kingdom
INV902958,2024-10-22,C101580,Beauty,5,41.64,Paid Ads, United Kingdom
INV902371,2023-03-24,C101288,Apparel,1,38.26,Organic Search,ireland
INV901768,2024-05-28,C100938,Sports & Outdoors,4,163.11,Referral,US
INV900986,2024-09-23,C100510,Office Supplies,3,35.28,Referral,United Kingdom
INV902386,2023-01-18,C101293,Books,1,7.91,Organic Search,UK
INV900097,2024-07-06,C100048,Beauty,1,50.92,Referral,Germany
INV900219,2023-10-25,C100116,Home & Kitchen,4,30.86,Email, United Kingdom
INV901131,2024-12-09,C100589,Home & Kitchen,3,81.7,Paid Ads,germany
INV901300,2024-10-17,C100683,Home & Kitchen,5,121.31,Organic Search,Germany
INV901881,2023-12-05,C101002,Books,2,17.25,Referral,Germany
INV900667,2023-05-07,C100349,Books,1,8.93,Social,UK
INV902760,2023-05-17,C101478,Sports & Outdoors,3,160.9,Organic Search,France
INV900856,2024-08-10,C100440,Apparel,1,38.67,Organic Search, United Kingdom
INV901121,2023-10-07,C100584,Electronics,3,56.6,Email,united kingdom
INV900433,2023-05-21,C100229,Apparel,3,18.74,Social,france
INV900570,2023-10-26,C100297,Home & Kitchen,1,118.07,Email, United Kingdom
INV902288,2024-09-20,C101230,Beauty,3,20.59,Organic Search,germany
INV901142,2024-07-20,C100595,Office Supplies,2,6.17,Email,ireland
INV902228,2023-11-06,C101191,Office Supplies,5,,Referral,France
INV903309,2023-04-20,C101787,Books,1,12.31,Email,united kingdom
INV901222,2024-07-14,C100641,Beauty,3,9.94,Organic Search,United States
INV902021,2024-08-04,C101075,Books,4,7.69,Organic Search,DE
INV902580,2023-12-11,C101390,Electronics,3,328.06,Social,UK
INV900612,2023-07-21,C100314,Books,4,17.65,Organic Search,United Kingdom
INV903106,2023-07-28,C101676,Home & Kitchen,3,84.05,Email,france
INV901583,2024-07-20,C100837,Sports & Outdoors,4,158.98,Organic Search,germany
INV902767,2024-09-07,C101479,Apparel,4,88.3,Email,united states
INV903209,2024-04-11,C101732,Apparel,2,65.27,Referral,US
INV900092,2024-08-03,C100045,Electronics,2,583.2,Organic Search,United States
INV900417,2023-11-16,C100221,Books,5,25.08,Organic Search,united kingdom
INV901956,2024-05-08,C101037,Apparel,5,17.54,Email,france
INV901372,2024-10-16,C100731,Books,1,19.66,Referral,Germany
INV900860,2023-08-08,C100441,Toys,2,13.66,Referral,United Kingdom
INV900617,2024-04-17,C100315,Toys,4,50.4,Paid Ads,France
INV901859,2023-09-25,C100987,Home & Kitchen,3,126.6,Organic Search,ireland
INV900666,2023-04-24,C100349,Apparel,-4,16.31,Social,United Kingdom
INV902828,2024-03-08,C101509,Books,4,14.88,Social,UK
INV903012,2023-03-11,C101623,Office Supplies,4,4.18,Email, United Kingdom
INV900821,2024-03-07,C100415,Electronics,5,286.11,Email,france
INV902260,2024-12-14,C101209,Toys,4,18.44,Organic Search,USA
INV901913,2024-05-19,C101012,Sports & Outdoors,3,17.56,Social,Ireland
INV901060,2023-07-03,C100553,Office Supplies,2,36.65,Social,Germany
INV901395,2024-09-24,C100750,Toys,2,39.68,Organic Search,France
INV902422,2023-11-25,C101310,Apparel,2,51.12,Social, United Kingdom
INV903230,2023-12-26,C101740,Sports & Outdoors,5,134.36,Email,UK
INV901732,2023-07-15,C100911,Office Supplies,2,27.48,Paid Ads, United Kingdom
INV900621,2024-12-24,C100318,Beauty,5,18.07,Email,United Kingdom
INV902006,2023-08-18,C101071,Office Supplies,2,26.64,Social,Ireland
INV900692,2024-06-01,C100357,Home & Kitchen,3,119.79,Referral,United Kingdom
INV902983,2023-08-15,C101600,Office Supplies,1,31.99,Organic Search,germany
INV903077,2024-08-23,C101657,Office Supplies,3,32.38,Organic Search,United Kingdom
INV900690,2023-04-15,C100356,Electronics,-1,497.05,Referral,France
INV902992,2023-03-07,C101606,Toys,2,26.06,Social,DE
INV900168,2023-11-15,C100090,Toys,2,35.75,Email,US
INV902914,2024-05-06,C101554,Beauty,2,40.68,Email,US
INV901710,2024-01-27,C100896,Electronics,2,435.07,Paid Ads,united states
INV900241,2024-04-11,C100123,Home & Kitchen,2,135.84,Paid Ads,ireland
INV902089,2023-06-26,C101113,Toys,1,69.24,Paid Ads,UK
INV902341,2024-02-16,C101273,Apparel,3,69.23,Organic Search, United Kingdom
INV901962,2023-08-28,C101043,Beauty,2,31.18,Organic Search,germany
INV903286,2023-05-27,C101777,Apparel,4,51.24,Referral,United Kingdom
INV902775,2023-12-10,C101484,Home & Kitchen,5,30.06,Organic Search,ireland
INV903114,2023-02-13,C101681,Beauty,2,2460.285337995147,Referral, United Kingdom
INV900155,2024-08-22,C100081,Books,4,30.58,Referral,UK
INV902893,2024-04-22,C101539,Office Supplies,2,44.38,Referral,france
INV903185,2024-11-16,C101722,Electronics,4,216.75,Organic Search,france
INV902566,2024-08-18,C101376,Beauty,5,35.76,Paid Ads,France
INV901194,2023-12-09,C100621,Books,1,14.19,Paid Ads,germany
INV902873,2023-04-06,C101525,Sports & Outdoors,2,145.85,Email,United States
INV900220,2023-11-12,C100116,Office Supplies,2,40.41,Email, United Kingdom
INV900064,2024-12-10,C100034,Beauty,5,26.39,Referral,united kingdom
INV901893,2023-12-06,C101009,Toys,3,18.42,Referral,France
INV902742,2023-07-09,C101469,Office Supplies,1,15.52,Paid Ads,DE
INV901417,2023-07-10,C100758,Beauty,1,28.65,Paid Ads,United Kingdom
INV901933,2024-03-06,C101025,Electronics,5,466.58,Organic Search,United States
INV900807,2023-07-10,C100411,Books,3,29.52,Social,UK
INV900974,2023-05-07,C100507,Books,4,34.41,Organic Search,UK
INV900270,2023-10-11,C100142,Electronics,4,244.23,Email,germany
INV902297,2024-03-10,C101237,Books,2,17.24,Referral,France
INV900084,2024-02-04,C100043,Sports & Outdoors,-1,155.17,Paid Ads,US
INV900782,2024-05-25,C100401,Electronics,3,259.04,Paid Ads,united kingdom
INV900382,2023-06-20,C100208,Books,5,23.8,Social,ireland
INV900072,2023-10-27,C100038,Electronics,4,503.33,Referral,France
INV900223,2023-10-25,C100117,Home & Kitchen,3,107.12,Referral,germany
INV901436,2024-04-22,C100766,Sports & Outdoors,4,79.86,Referral,France
INV901894,2023-06-19,C101010,Toys,2,19.52,Organic Search,USA
INV901524,2024-06-09,C100808,Office Supplies,2,41.2,Referral,france
INV902750,2023-05-22,C101473,Office Supplies,3,40.54,Organic Search,United Kingdom
INV901993,2024-11-22,C101063,Beauty,4,39.32,Organic Search,UK
INV900261,2024-04-15,C100136,Apparel,5,30.11,Paid Ads,france
INV902421,2024-06-04,C101309,Office Supplies,2,22.5,Organic Search,France
INV901037,2024-01-23,C100536,Toys,5,53.11,Organic Search,ireland
INV902421,2024-06-04,C101309,Toys,5,27.49,Organic Search,France
INV902612,2023-04-28,C101408,Sports & Outdoors,3,185.05,Paid Ads,Ireland
INV901814,2024-04-28,C100965,Electronics,2,498.36,Referral, United Kingdom
INV900444,2024-06-23,C100233,Sports & Outdoors,5,197.34,Email,United States
INV900324,2024-06-12,C100173,Office Supplies,4,35.71,Social, United Kingdom
INV902578,2024-09-24,C101389,Sports & Outdoors,3,150.0,Organic Search, United Kingdom
INV901760,2024-03-09,C100934,Office Supplies,3,37.18,Organic Search,Germany
INV902699,2023-07-15,C101452,Beauty,5,52.31,Organic Search,Germany
INV902890,2024-03-06,C101537,Books,1,34.96,Email,united states
INV900245,2024-09-20,C100128,Office Supplies,5,10.6,Email,united states
INV901106,2024-11-04,C100576,Sports & Outdoors,4,121.67,Paid Ads,germany
INV902785,2023-09-24,C101486,Apparel,1,77.64,Social,UK
INV902144,2023-09-07,C101152,Toys,4,60.05,Paid Ads,UK
INV900156,2023-06-25,C100082,Office Supplies,5,29.1,Email,France
INV902261,2024-05-03,,Office Supplies,2,25.68,Paid Ads,DE
INV903008,2024-03-18,C101615,Apparel,1,8.11,Referral,france
INV901449,2023-02-11,C100772,Beauty,4,17.83,Referral,Germany
INV900630,2023-06-15,,Home & Kitchen,1,10.95,Referral,United Kingdom
INV903006,2023-04-25,C101615,Office Supplies,3,30.63,Referral,France
INV902340,2024-02-05,C101273,Home & Kitchen,1,94.29,Organic Search,united kingdom
INV900511,2024-11-28,C100263,Office Supplies,3,3.49,Organic Search,DE
INV902099,2024-11-12,,Toys,3,45.54,Email,France
INV902951,2023-12-09,C101575,Beauty,2,52.46,Organic Search,United Kingdom
INV901756,2024-05-07,C100930,Apparel,4,60.37,Paid Ads, United Kingdom
INV901268,2023-12-06,C100663,Office Supplies,4,4.35,Social,DE
INV902631,2024-06-01,C101418,Books,2,7.42,Paid Ads,united kingdom
INV902947,2024-08-28,C101572,Books,3,14.25,Email,United States
INV901062,2023-09-05,C100553,Books,1,11.77,Social,DE
INV900889,2024-10-15,C100450,Electronics,4,133.56,Referral,UK
INV901274,2024-06-18,C100665,Beauty,1,8.77,Paid Ads,United Kingdom
INV902635,2024-08-25,C101421,Toys,1,69.55,Organic Search,united states
INV901106,2024-11-04,C100576,Apparel,4,57.81,Paid Ads,germany
INV900370,2024-12-08,C100198,Toys,1,62.61,Referral,France
INV901769,2024-08-17,C100938,Apparel,4,34.42,Referral,US
INV902508,2023-12-05,C101343,Books,3,20.17,Organic Search,ireland
INV900664,2024-03-13,C100348,Office Supplies,3,21.39,Referral,Ireland
INV900229,2024-06-28,C100119,Books,3,33.76,Paid Ads,Ireland
INV901442,2024-10-18,C100768,Sports & Outdoors,4,90.28,Organic Search,united kingdom
INV903072,2023-11-19,C101655,Apparel,5,50.31,Email,France
INV900452,2024-01-15,C100234,Books,1,15.4,Social,france
INV901410,2024-10-22,C100754,Sports & Outdoors,3,20.23,Social,ireland
INV902764,2023-09-08,C101478,Books,1,30.08,Organic Search,France
INV900996,2023-06-13,C100515,Sports & Outdoors,5,50.52,Referral,US
INV902377,2024-04-14,C101288,Books,5,27.69,Organic Search,ireland
INV903097,2024-04-04,C101671,Toys,4,42.31,Paid Ads, United Kingdom
INV903040,2024-09-19,C101640,Office Supplies,2,29.24,Paid Ads, United Kingdom
INV900670,2023-11-13,C100350,Toys,2,52.82,Organic Search,US
INV901364,2024-05-25,C100724,Beauty,5,45.55,Paid Ads,UK
INV900120,2024-09-16,C100056,Toys,2,17.05,Referral,united states
INV901642,2024-05-06,C100867,Home & Kitchen,4,109.16,Organic Search,germany
INV902576,2024-10-18,C101388,Office Supplies,3,34.08,Organic Search,united kingdom
INV900584,2023-01-06,C100302,Beauty,1,9.56,Referral,UK
INV902690,2023-04-22,C101451,Office Supplies,3,44.91,Referral,Germany
INV903295,2024-04-13,C101784,Beauty,-1,52.27,Organic Search,united states
INV900812,2023-04-11,C100413,Apparel,2,83.17,Organic Search,France
INV901360,2024-07-19,C100721,Apparel,3,54.35,Paid Ads, United Kingdom
INV902192,2023-11-13,,Office Supplies,5,4.97,Organic Search,United Kingdom
INV900280,2024-06-01,C100148,Home & Kitchen,1,113.52,Referral,USA
INV903068,2023-06-26,C101655,Electronics,2,485.74,Email,France
INV902489,2023-11-19,C101339,Office Supplies,2,33.23,Paid Ads,united states
INV901340,2023-12-08,C100709,Beauty,1,53.1,Paid Ads,UK
INV902149,2024-11-17,,Office Supplies,3,43.13,Referral,united kingdom
INV901137,2023-11-12,C100592,Office Supplies,2,25.24,Email,DE
INV900557,2024-06-06,C100290,Apparel,4,9.74,Paid Ads,United States
INV902413,2024-08-28,C101304,Apparel,1,15.21,Paid Ads,germany
INV900545,2024-01-08,C100281,Sports & Outdoors,1,168.45,Organic Search,United Kingdom
INV901836,2023-11-02,,Office Supplies,4,9.64,Referral,USA
INV900347,2023-12-20,C100185,Apparel,2,67.64,Email,United Kingdom
INV900793,2023-10-28,C100406,Sports & Outdoors,3,144.66,Paid Ads,united kingdom
INV900031,2023-11-15,C100016,Office Supplies,-4,11.03,Organic Search,Germany
INV901825,2023-07-25,C100969,Apparel,4,27.51,Referral,DE
INV900675,2023-09-15,C100351,Apparel,1,38.88,Organic Search,UK
INV900020,2024-09-21,C100011,Books,5,10.17,Referral,UK
INV900469,2023-05-24,C100242,Office Supplies,5,31.84,Referral,united states
INV901798,2024-12-01,C100955,Books,5,7.98,Social,UK
INV901145,2024-01-07,C100596,Beauty,1,8.74,Referral,united states
INV902874,2023-11-23,C101525,Books,4,11.86,Email,USA
INV902307,2024-10-17,,Toys,1,54.47,Social,United States
INV901165,2024-08-23,C100608,Office Supplies,1,6.46,Organic Search,DE
INV900323,2024-05-06,C100173,Home & Kitchen,3,144.8,Social,united kingdom
INV902262,2023-10-05,C101212,Electronics,4,471.93,Organic Search,united states
INV902853,2023-11-17,C101516,Apparel,5,12.85,Organic Search,France
INV901915,2024-12-13,C101012,Books,3,34.6,Social,Ireland
INV900173,2024-09-12,,Toys,2,66.32,Email,USA
INV902102,2023-01-20,C101120,Home & Kitchen,4,30.56,Email,united states
INV900375,2024-01-10,C100202,Beauty,4,10.37,Referral,united kingdom
INV900376,2023-10-27,C100204,Books,5,32.18,Organic Search,UK
INV900685,2024-08-19,C100355,Beauty,4,43.08,Referral,germany
INV900336,2023-10-15,C100181,Toys,3,37.3,Social, United Kingdom
INV901844,2024-10-06,C100981,Beauty,1,41.59,Email,UK
INV900355,2024-11-19,C100190,Toys,5,40.6,Organic Search,united kingdom
INV901443,2023-12-06,C100769,Home & Kitchen,1,73.59,Referral,Ireland
INV902474,2023-12-18,C101330,Toys,5,14.34,Paid Ads,DE
INV902980,2024-06-02,C101599,Beauty,1,57.47,Paid Ads,France
INV903121,2023-07-28,C101689,Beauty,4,54.63,Paid Ads,Germany
INV902725,2023-05-13,C101463,Books,4,19.45,Referral,United Kingdom
INV900851,2024-09-21,C100437,Home & Kitchen,5,134.34,Paid Ads,united kingdom
INV901222,2024-07-14,C100641,Sports & Outdoors,-4,61.8,Organic Search,United States
INV902634,2024-08-22,C101420,Office Supplies,1,11.7,Organic Search,Ireland
INV902277,2024-05-03,C101220,Office Supplies,5,21.87,Organic Search,United Kingdom
INV902073,2023-05-12,C101106,Beauty,4,35.03,Paid Ads,France
INV900837,2024-05-26,C100427,Beauty,3,52.94,Paid Ads,UK
INV900966,2023-09-03,C100504,Beauty,5,42.23,Organic Search,ireland
INV903041,2023-12-11,C101643,Books,5,9.41,Organic Search,United Kingdom
INV900589,2024-06-09,C100303,Apparel,5,28.26,Email,United States
INV900693,2024-09-22,C100357,Electronics,-4,284.93,Referral, United Kingdom
INV901586,2024-10-26,C100839,Electronics,4,66.53,Referral,United Kingdom
INV901570,2023-05-04,C100831,Electronics,4,281.08,Organic Search, United Kingdom
INV900557,2024-06-06,C100290,Electronics,1,67.0,Paid Ads,United States
INV903025,2023-04-05,C101632,Office Supplies,4,10.68,Email,united kingdom
INV900400,2024-12-03,C100216,Electronics,2,388.19,Organic Search,UK
INV902081,2024-01-11,C101109,Toys,4,20.29,Email,United States
INV901609,2024-09-08,C100852,Office Supplies,4,13.21,Referral, United Kingdom
INV900834,2024-02-23,,Office Supplies,2,39.43,Referral,UK
INV900115,2023-11-24,C100055,Books,5,24.24,Referral,united states
INV902333,2024-08-08,C101268,Office Supplies,3,42.49,Paid Ads,germany
INV903325,2023-12-09,C101799,Home & Kitchen,1,135.46,Referral,USA
INV900604,2023-11-12,C100308,Sports & Outdoors,3,127.86,Organic Search,United Kingdom
INV903126,2023-09-22,C101693,Apparel,5,71.46,Organic Search,france
INV903125,2024-10-17,C101691,Office Supplies,3,9.39,Referral,US
INV900082,2023-11-15,C100043,Office Supplies,4,26.01,Paid Ads,united states
INV902555,2024-04-25,C101371,Office Supplies,1,5.59,Email,France
INV900120,2024-09-16,C100056,Electronics,2,472.06,Referral,united states
INV903183,2024-06-06,C101722,Apparel,4,43.5,Organic Search,france
INV901777,2023-04-27,C100944,Sports & Outdoors,2,20.52,Organic Search,united kingdom
INV901443,2023-12-06,C100769,Home & Kitchen,1,111.8,Referral,Ireland
INV901643,2023-09-26,C100868,Office Supplies,2,36.37,Organic Search,USA
INV900314,2023-05-06,C100169,Electronics,3,263.23,Paid Ads, United Kingdom
INV900827,2024-09-18,C100420,Electronics,2,253.98,Paid Ads,United Kingdom
INV901580,2024-06-22,C100834,Beauty,1,16.04,Referral,France
INV903176,2023-11-11,C101720,Sports & Outdoors,1,138.45,Referral,United Kingdom
INV902534,2023-08-24,C101359,Books,5,24.53,Paid Ads,United States
INV900867,2023-06-11,C100442,Apparel,4,43.25,Paid Ads,ireland
INV902940,2024-02-19,C101567,Home & Kitchen,4,133.46,Paid Ads,US
INV902216,2024-12-13,C101185,Office Supplies,2,31.34,Organic Search,united kingdom
INV902071,2023-04-02,C101105,Office Supplies,4,13.5,Referral,United Kingdom
INV900025,2024-08-19,C100013,Apparel,1,59.52,Social,UK
INV902992,2023-03-07,C101606,Sports & Outdoors,4,115.47,Social,DE
INV903009,2024-07-25,C101615,Electronics,5,533.99,Referral,france
INV903293,2023-03-05,C101782,Toys,3,48.24,Organic Search,USA
INV902413,2024-08-28,C101304,Electronics,-2,257.99,Paid Ads,germany
INV903231,2023-03-23,C101743,Beauty,1,8.28,Referral,Ireland
INV902052,2023-12-24,C101091,Home & Kitchen,1,101.42,Email, United Kingdom
INV903044,2024-03-13,C101647,Toys,2,14.41,Organic Search,United States
INV900913,2024-07-27,C100470,Beauty,5,6.95,Organic Search,ireland
INV902688,2024-05-10,C101449,Beauty,4,20.22,Organic Search,United Kingdom
INV901023,2023-07-02,C100524,Toys,3,35.79,Paid Ads, United Kingdom
INV902611,2024-07-12,C101407,Home & Kitchen,3,93.96,Paid Ads,France
INV901244,2024-08-03,C100654,Toys,1,19.86,Organic Search,germany
INV902640,2024-02-08,C101423,Office Supplies,4,4.01,Organic Search, United Kingdom
INV902766,2023-09-11,C101479,Home & Kitchen,3,78.11,Email,united states
INV903158,2024-06-04,C101715,Office Supplies,-1,28.44,Paid Ads,united states
INV902296,2024-01-01,C101237,Beauty,1,21.41,Referral,France
INV901986,2023-07-23,C101059,Beauty,1,17.82,Email,UK
INV900719,2023-04-22,C100375,Beauty,4,38.27,Paid Ads,Ireland
INV900653,2024-08-03,C100340,Toys,3,21.08,Referral,UK
INV902779,2024-09-07,C101485,Home & Kitchen,2,20.69,Referral,US
INV900811,2023-03-26,C100413,Toys,1,38.27,Organic Search,france
INV902763,2023-07-07,C101478,Toys,3,61.88,Organic Search,France
INV900157,2023-08-24,C100082,Electronics,2,215.96,Email,France
INV901617,2023-08-08,C100856,Beauty,1,20.62,Organic Search,germany
INV900641,2023-11-09,C100332,Electronics,1,261.64,Organic Search,UK
INV900901,2024-12-11,C100455,Books,2,30.78,Organic Search, United Kingdom
INV902357,2024-03-19,C101280,Books,2,22.03,Referral,United Kingdom
INV903144,2023-05-20,C101708,Electronics,1,404.84,Email,USA
INV902167,2024-08-17,C101161,Beauty,1,19.99,Organic Search,United Kingdom
INV902443,2024-03-19,C101318,Toys,5,25.63,Social, United Kingdom
INV900675,2023-09-15,,Apparel,5,34.05,Organic Search,UK
INV903276,2023-04-24,C101769,Apparel,4,11.37,Paid Ads,United Kingdom
INV902360,2024-07-06,C101281,Office Supplies,1,31.1,Social,DE
INV901663,2024-06-20,C100877,Electronics,1,254.41,Paid Ads,United Kingdom
INV902116,2024-07-06,C101126,Home & Kitchen,1,17.72,Referral,united kingdom
INV902070,2023-04-17,C101103,Beauty,3,22.96,Email,united kingdom
INV901475,2024-01-07,C100783,Office Supplies,2,42.97,Organic Search,DE
INV901265,2024-10-04,C100662,Toys,4,26.66,Referral,Germany
INV902577,2024-07-12,C101389,Electronics,1,237.21,Organic Search,United Kingdom
INV900348,2023-05-16,C100186,Sports & Outdoors,4,171.76,Referral,united kingdom
INV902596,2023-09-03,C101398,Beauty,2,51.06,Organic Search,france
INV901337,2023-12-20,C100707,Sports & Outdoors,5,49.11,Organic Search,UK
INV900348,2023-05-16,,Sports & Outdoors,-2,113.09,Referral,united kingdom
INV902827,2024-02-19,C101509,Books,3,30.24,Social,united kingdom
INV902231,2023-11-14,C101194,Beauty,3,34.59,Social,ireland
INV901909,2023-12-28,C101012,Toys,1,27.06,Social,Ireland
INV901858,2023-07-09,C100987,Home & Kitchen,1,82.88,Organic Search,Ireland
INV901691,2023-06-22,C100886,Home & Kitchen,2,134.66,Paid Ads,United Kingdom
INV902939,2024-02-26,C101567,Books,4,21.94,Paid Ads,US
INV902222,2023-01-06,C101189,Beauty,1,11.99,Paid Ads,united kingdom
INV902587,2024-04-18,C101393,Office Supplies,2,40.18,Organic Search, United Kingdom
INV900197,2024-05-24,C100104,Apparel,2,17.85,Email,United Kingdom
INV902934,2024-01-14,C101565,Toys,5,59.94,Email,germany
INV900104,2023-08-23,C100052,Electronics,3,296.31,Organic Search,US
INV902515,2024-08-22,,Electronics,1,260.57,Email,United Kingdom
INV902361,2024-05-17,C101283,Sports & Outdoors,5,121.99,Organic Search,UK
INV902948,2024-11-08,C101573,Sports & Outdoors,3,87.1,Paid Ads,United States
INV901451,2024-08-16,C100774,Toys,1,19.15,Referral,Germany
INV901488,2023-08-07,C100790,Beauty,2,14.8,Referral,DE
INV901379,2024-08-21,C100738,Beauty,2,43.19,Organic Search,United Kingdom
INV902758,2023-10-06,C101477,Apparel,2,42.46,Email,ireland
INV902434,2024-03-14,C101316,Apparel,5,17.38,Organic Search, United Kingdom
INV902941,2024-09-13,C101568,Home & Kitchen,2,112.99,Paid Ads,US
INV902346,2024-12-09,C101275,Beauty,4,20.9,Paid Ads,United Kingdom
INV902584,2024-02-06,C101391,Sports & Outdoors,1,166.63,Email,united states
INV903124,2024-07-18,,Sports & Outdoors,3,92.31,Referral,UK
INV900978,2023-11-26,C100508,Books,5,16.5,Referral,United Kingdom
INV902729,2024-01-09,,Electronics,2,463.56,Referral,United Kingdom
INV900452,2024-01-15,C100234,Beauty,5,21.66,Social,france
INV901055,2024-11-24,C100546,Electronics,1,516.51,Social, United Kingdom
INV901913,2024-05-19,C101012,Sports & Outdoors,1,139.95,Social,Ireland
INV902008,2024-04-07,C101071,Toys,4,23.09,Social,Ireland
INV900549,2024-07-06,C100283,Apparel,3,42.89,Organic Search,France
INV900894,2024-05-08,C100452,Electronics,1,207.34,Organic Search,united kingdom
INV902290,2024-06-02,C101233,Electronics,2,402.1,Social,United Kingdom
INV903152,2024-04-04,C101713,Home & Kitchen,5,29.49,Referral,UK
INV900998,2024-12-26,C100516,Office Supplies,5,30.95,Paid Ads,United Kingdom
INV900339,2023-11-01,C100182,Home & Kitchen,3,140.63,Social,germany
INV900229,2024-06-28,C100119,Electronics,3,106.44,Paid Ads,Ireland
INV900515,2024-02-06,C100265,Toys,1,11.0,Referral,DE
INV901496,2024-07-25,C100797,Beauty,3,10.96,Referral,US
INV901790,2023-09-22,C100951,Home & Kitchen,3,137.85,Social, United Kingdom
INV900339,2023-11-01,C100182,Office Supplies,5,31.69,Social,germany
INV903300,2024-09-02,C101784,Books,2,34.98,Organic Search,USA
INV901138,2023-11-16,C100592,Apparel,5,8.78,Email,DE
INV902330,2024-04-19,C101264,Toys,3,43.67,Referral,united kingdom
INV901668,2024-07-24,C100879,Office Supplies,3,28.21,Paid Ads,united kingdom
INV901303,2024-01-13,C100687,Home & Kitchen,1,28.35,Paid Ads,Ireland
INV902066,2023-11-02,C101101,Toys,2,61.13,Paid Ads, United Kingdom
INV901812,2024-03-03,C100965,Apparel,5,21.96,Referral,united kingdom
INV902667,2024-11-18,,Books,5,21.05,Organic Search,United States
INV901853,2024-01-28,C100984,Home & Kitchen,2,54.25,Paid Ads, United Kingdom
INV902765,2024-07-08,C101478,Books,4,12.75,Organic Search,France
INV902883,2024-09-04,C101532,Toys,4,31.4,Paid Ads,France
INV901135,2023-07-16,C100592,Home & Kitchen,4,47.46,Email,germany
INV903063,2023-04-25,,Beauty,1,37.46,Organic Search,united states
INV902077,2023-01-27,C101109,Electronics,4,302.98,Email,United States
INV902264,2023-12-15,C101212,Electronics,1,486.23,Organic Search,United States
INV900745,2023-10-25,C100385,Toys,2,15.79,Social,united kingdom
INV902193,2023-12-06,C101178,Beauty,1,54.34,Organic Search,United Kingdom
INV900504,2024-11-14,C100257,Home & Kitchen,3,33.38,Organic Search, United Kingdom
INV900091,2024-12-07,C100044,Books,5,27.15,Paid Ads, United Kingdom
INV900622,2024-06-27,C100319,Toys,1,39.68,Organic Search, United Kingdom
INV900656,2024-07-25,C100344,Books,5,29.02,Paid Ads,USA
INV901515,2023-11-25,C100806,Apparel,1,69.62,Organic Search,DE
INV901700,2023-07-06,C100890,Electronics,2,356.68,Referral,United States
INV900060,2023-03-16,C100032,Beauty,2,26.82,Paid Ads,DE
INV901713,2023-01-26,C100900,Apparel,1,87.91,Email,united kingdom
INV901626,2024-08-22,C100860,Toys,2,21.35,Paid Ads,France
INV900970,2024-07-27,C100505,Books,4,23.04,Organic Search, United Kingdom
INV901002,2023-12-03,C100518,Sports & Outdoors,4,21.47,Referral, United Kingdom
INV900929,2024-05-13,C100479,Toys,3,15.58,Paid Ads,Germany
INV901347,2024-07-07,C100714,Electronics,4,241.35,Referral,United Kingdom
INV903229,2024-01-25,C101739,Office Supplies,5,40.94,Organic Search,UK
INV900425,2023-07-15,C100225,Sports & Outdoors,3,186.69,Paid Ads,germany
INV901466,2023-09-09,C100782,Sports & Outdoors,-1,59.56,Email,US
INV901048,2024-05-05,C100542,Home & Kitchen,1,142.74,Organic Search,Ireland
INV902719,2024-05-03,C101460,Sports & Outdoors,4,15.07,Referral,germany
INV900051,2024-10-23,C100027,Toys,5,33.91,Referral,United Kingdom
INV901690,2024-09-26,C100885,Books,5,16.01,Referral,US
INV901983,2023-03-05,C101054,Sports & Outdoors,5,59.32,Social,germany
INV902334,2024-10-15,C101268,Office Supplies,2,22.71,Paid Ads,germany
INV900811,2023-03-26,C100413,Books,3,17.89,Organic Search,france
INV901922,2023-03-08,C101018,Office Supplies,5,10.67,Paid Ads,ireland
INV902097,2024-04-09,C101118,Office Supplies,1,37.9,Email,france
INV902341,2024-02-16,C101273,Toys,3,50.07,Organic Search, United Kingdom
INV902890,2024-03-06,C101537,Electronics,3,587.91,Email,united states
INV902435,2024-12-23,C101316,Sports & Outdoors,4,122.56,Organic Search,united kingdom
INV902437,2024-02-12,C101317,Books,5,23.87,Social,germany
INV900849,2024-07-12,C100437,Sports & Outdoors,5,55.49,Paid Ads,UK
INV900247,2024-12-09,C100131,Electronics,4,202.24,Email,DE
INV901149,2024-04-18,C100597,Electronics,3,452.78,Email,Germany
INV902698,2023-05-12,C101452,Sports & Outdoors,1,31.88,Organic Search,germany
INV902616,2023-06-03,C101409,Beauty,2,47.19,Referral,Germany
INV900360,2024-09-28,C100194,Beauty,2,39.89,Paid Ads,Ireland
INV901457,2023-09-17,C100778,Apparel,1,54.31,Referral,Ireland
INV900418,2023-12-09,C100221,Toys,1,59.52,Organic Search,United Kingdom
INV902734,2024-07-09,C101464,Office Supplies,5,25.35,Email,France
INV900147,2023-07-24,C100077,Electronics,3,280.35,Paid Ads,germany
INV900346,2023-11-13,,Office Supplies,3,22.77,Email, United Kingdom
INV902931,2024-01-14,C101564,Electronics,2,135.01,Organic Search,france
INV903109,2023-11-04,C101677,Sports & Outdoors,5,47.17,Referral,United Kingdom
INV902939,2024-02-26,C101567,Apparel,3,35.13,Paid Ads,US
INV900994,2024-10-01,C100514,Home & Kitchen,1,64.65,Organic Search, United Kingdom
INV902066,2023-11-02,C101101,Apparel,5,52.98,Paid Ads, United Kingdom
INV901658,2024-09-28,C100875,Sports & Outdoors,1,150.44,Paid Ads, United Kingdom
INV901301,2024-11-06,C100683,Beauty,1,39.88,Organic Search,DE
INV900753,2023-04-28,C100389,Apparel,3,13.15,Paid Ads,Ireland
INV902431,2023-11-22,C101315,Beauty,5,7.63,Organic Search,germany
INV901606,2024-09-23,C100851,Office Supplies,1,44.09,Organic Search,Germany
INV901357,2023-05-20,C100720,Beauty,5,32.28,Organic Search,united states
INV902019,2023-11-16,C101075,Sports & Outdoors,1,46.45,Organic Search,DE
INV901495,2024-09-09,C100796,Apparel,5,8.24,Organic Search,france
INV901835,2023-07-07,C100975,Office Supplies,3,42.86,Referral,United States
INV902772,2023-06-16,C101483,Home & Kitchen,3,23.52,Organic Search,germany
INV901270,2023-12-18,C100664,Electronics,5,351.39,Referral,United Kingdom
INV901519,2023-07-18,C100807,Electronics,-1,351.4,Paid Ads,US
INV901844,2024-10-06,C100981,Beauty,5,25.73,Email,UK
INV903032,2023-08-18,C101636,Books,5,29.67,Referral,united kingdom
INV902892,2024-09-25,C101538,Sports & Outdoors,1,65.5,Paid Ads,Germany
INV901985,2024-01-21,C101054,Apparel,1,70.35,Social,Germany
INV902297,2024-03-10,,Toys,2,24.37,Referral,France
INV902534,2023-08-24,C101359,Books,5,34.15,Paid Ads,United States
INV902565,2024-09-10,C101375,Home & Kitchen,2,68.34,Organic Search, United Kingdom
INV901377,2023-05-10,C100734,Apparel,2,21.88,Social,UK
INV902011,2024-07-26,,Office Supplies,3,32.62,Paid Ads,USA
INV900813,2023-05-26,C100413,Office Supplies,3,33.57,Organic Search,France
INV901283,2024-09-15,C100670,Apparel,3,9.68,Paid Ads,USA
INV901232,2023-11-04,C100647,Office Supplies,5,11.89,Referral,Germany
INV900731,2024-10-21,C100381,Beauty,2,9.74,Paid Ads,united kingdom
INV901617,2023-08-08,C100856,Toys,-3,49.51,Organic Search,germany
INV901158,2024-06-01,C100602,Home & Kitchen,5,147.72,Paid Ads,UK
INV901343,2024-11-10,C100711,Toys,1,10.66,Referral,united kingdom
INV900478,2024-04-07,C100245,Electronics,2,83.28,Paid Ads,United Kingdom
INV900898,2023-12-07,C100455,Sports & Outdoors,3,112.4,Organic Search,UK
INV902053,2024-05-17,C101096,Books,1,5.24,Organic Search,france
INV901665,2024-10-08,C100877,Office Supplies,2,41.39,Paid Ads,united kingdom
INV902584,2024-02-06,C101391,Apparel,3,15.7,Email,united states
INV902032,2024-11-02,C101080,Electronics,1,551.45,Referral,United Kingdom
INV902137,2023-08-24,C101144,Beauty,3,16.31,Social,ireland
INV900550,2023-12-23,C100284,Toys,2,57.74,Organic Search,united kingdom
INV900605,2024-02-07,C100310,Beauty,5,53.15,Referral,UK
INV901458,2024-06-05,C100779,Sports & Outdoors,2,55.91,Paid Ads,DE
INV900634,2023-12-21,C100327,Office Supplies,3,43.38,Paid Ads,United States
INV902725,2023-05-13,C101463,Toys,3,68.72,Referral,United Kingdom
INV901546,2024-09-13,C100818,Books,5,30.89,Email,DE
INV903154,2024-07-14,C101713,Electronics,1,78.55,Referral,United Kingdom
INV900480,2024-04-02,C100246,Toys,5,21.29,Email,united kingdom
INV901411,2024-04-19,C100755,Books,5,24.1,Paid Ads,US
INV901755,2024-04-08,C100930,Electronics,2,304.04,Paid Ads,UK
INV903184,2024-08-23,C101722,Office Supplies,1,18.2,Organic Search,france
INV902040,2024-11-06,C101084,Electronics,3,445.57,Email,DE
INV901011,2023-09-22,C100520,Apparel,3,27.86,Email, United Kingdom
INV902441,2023-09-18,C101318,Office Supplies,5,27.93,Social, United Kingdom
INV900053,2023-09-18,C100029,Beauty,3,30.18,Email,united states
INV900153,2024-01-12,C100081,Books,3,24.71,Referral,UK
INV902965,2023-07-08,C101587,Office Supplies,4,31.75,Referral,United Kingdom
INV900050,2024-03-09,C100025,Electronics,3,457.0,Organic Search,United States
INV903128,2024-05-03,C101695,Beauty,1,50.0,Social,DE
INV902025,2023-05-13,C101077,Electronics,5,482.93,Social,UK
INV901984,2023-03-04,,Apparel,3,82.11,Social,germany
INV902074,2024-07-04,C101107,Sports & Outdoors,5,104.62,Organic Search,france
INV900262,2023-07-05,C100138,Toys,4,53.73,Paid Ads, United Kingdom
INV902247,2024-09-11,C101202,Books,1,29.45,Referral,France
INV902567,2024-07-24,C101377,Toys,5,40.86,Organic Search,DE
INV902566,2024-08-18,C101376,Beauty,5,32.26,Paid Ads,France
INV901031,2024-05-10,C100533,Toys,2,11.67,Organic Search,united kingdom
INV901044,2024-01-06,C100537,Apparel,1,61.79,Paid Ads,united kingdom
INV902056,2024-11-28,C101096,Apparel,3,64.82,Organic Search,France
INV900327,2024-03-06,C100176,Home & Kitchen,3,119.26,Paid Ads,UK
INV901871,2024-04-07,C100995,Toys,5,13.66,Organic Search,DE
INV900683,2024-02-01,C100352,Apparel,1,15.39,Organic Search,France
INV902642,2024-05-13,C101423,Beauty,1,23.09,Organic Search,UK
INV900811,2023-03-26,C100413,Electronics,4,57.44,Organic Search,france
INV900802,2023-04-28,C100410,Beauty,1,6.74,Paid Ads, United Kingdom
INV902155,2023-11-08,C101154,Beauty,5,47.19,Paid Ads,France
INV900617,2024-04-17,C100315,Office Supplies,5,21.07,Paid Ads,France
INV903148,2024-06-17,C101710,Apparel,3,12.87,Referral, United Kingdom
INV902365,2023-03-23,C101285,Toys,2,60.63,Organic Search, United Kingdom
INV902867,2023-05-16,C101522,Electronics,4,270.97,Referral,UK
INV902730,2024-01-12,C101463,Sports & Outdoors,2,73.63,Referral, United Kingdom
INV903034,2024-04-14,C101636,Sports & Outdoors,1,169.54,Referral,united kingdom
INV901201,2024-08-04,C100628,Office Supplies,4,9.65,Organic Search,Germany
INV900616,2024-01-25,C100314,Books,4,20.57,Organic Search,UK
INV902923,2024-12-07,C101555,Apparel,4,84.13,Paid Ads, United Kingdom
INV902707,2023-10-20,C101457,Books,4,8.42,Paid Ads,United Kingdom
INV901270,2023-12-18,C100664,Toys,2,9.35,Referral,United Kingdom
INV902957,2024-10-11,C101580,Sports & Outdoors,1,18.6,Paid Ads, United Kingdom
INV902739,2023-10-19,C101467,Toys,4,46.7,Paid Ads, United Kingdom
INV901832,2023-03-12,C100974,Books,1,30.86,Social,USA
INV902094,2024-03-27,C101115,Electronics,3,260.26,Paid Ads,united kingdom
INV902268,2024-08-02,C101212,Toys,2,57.11,Organic Search,united states
INV900396,2024-03-12,C100213,Beauty,3,28.79,Social,France
INV902877,2024-07-09,C101529,Books,5,15.89,Referral,United Kingdom
INV903142,2024-11-28,,Electronics,3,550.51,Organic Search,UK
INV901505,2023-08-21,C100801,Sports & Outdoors,5,59.42,Social,DE
INV901793,2023-09-10,C100953,Apparel,5,15.47,Referral,united kingdom
INV901704,2024-08-01,C100892,Books,4,7.0,Organic Search,US
INV902785,2023-09-24,C101486,Beauty,2,41.82,Social,UK
INV903234,2023-09-05,C101744,Toys,2,22.35,Organic Search,united kingdom
INV902639,2024-06-01,C101422,Books,1,18.96,Paid Ads,USA
INV901219,2024-05-15,C100640,Home & Kitchen,2,147.51,Referral,United Kingdom
INV900700,2024-08-28,C100360,Home & Kitchen,3,100.28,Organic Search,germany
INV900195,2023-02-08,C100103,Apparel,4,59.21,Organic Search,DE
INV900725,2024-03-08,C100376,Beauty,2,17.67,Organic Search,united kingdom
INV900407,2024-01-01,C100218,Home & Kitchen,4,131.4,Organic Search,UK
INV902194,2023-12-20,C101179,Home & Kitchen,1,15.76,Organic Search,United Kingdom
INV902621,2023-12-04,C101411,Home & Kitchen,1,92.48,Organic Search,United States
INV900263,2023-08-18,C100138,Apparel,2,8.76,Paid Ads,United Kingdom
INV902440,2023-09-14,C101318,Beauty,3,7.52,Social,UK
INV903089,2024-05-28,C101667,Books,2,19.36,Organic Search,DE
INV901056,2023-11-21,C100548,Home & Kitchen,2,81.29,Email,United States
INV901889,2023-11-03,C101007,Apparel,4,68.42,Organic Search,france
INV900618,2024-08-19,C100318,Home & Kitchen,5,71.48,Email, United Kingdom
INV903252,2023-11-21,C101761,Beauty,3,37.09,Paid Ads,united kingdom
INV902936,2024-03-02,C101565,Toys,5,39.48,Email,Germany
INV900565,2024-07-06,C100296,Toys,5,39.31,Organic Search,France
INV902735,2024-09-02,C101464,Electronics,2,132.11,Email,France
INV902039,2023-11-06,C101084,Apparel,3,41.0,Email,DE
INV901835,2023-07-07,C100975,Home & Kitchen,5,55.5,Referral,United States
INV902611,2024-07-12,C101407,Books,5,20.96,Paid Ads,France
INV902334,2024-10-15,C101268,Apparel,4,53.24,Paid Ads,germany
INV901684,2024-07-09,C100884,Electronics,3,85.39,Organic Search,ireland
INV900931,2023-06-05,C100482,Toys,5,19.4,Paid Ads,Germany
INV903083,2024-11-08,C101661,Books,2,26.34,Email,DE
INV901885,2023-07-05,C101004,Electronics,1,463.11,Email,UK
INV902069,2024-07-11,C101102,Books,3,25.71,Social,UK
INV901167,2024-11-12,C100608,Books,1,10.75,Organic Search,DE
INV903127,2023-10-03,C101693,Home & Kitchen,1,130.26,Organic Search,France
INV900991,2024-06-16,C100513,Books,1,29.31,Social,Germany
INV902539,2023-09-03,C101362,Beauty,2,14.47,Paid Ads,united kingdom
INV902227,2023-06-10,C101191,Apparel,1,65.49,Referral,france
INV901945,2024-06-03,C101032,Beauty,4,10.25,Referral,germany
INV902764,2023-09-08,C101478,Apparel,2,56.97,Organic Search,France
INV901545,2024-07-12,C100818,Electronics,3,276.19,Email,Germany
INV902096,2024-10-03,C101116,Beauty,1,13.5,Organic Search,Germany
INV901195,2023-12-13,C100621,Toys,-2,53.52,Paid Ads,DE
INV901160,2024-05-05,C100604,Toys,3,15.91,Referral,france
INV901331,2024-06-14,C100704,Sports & Outdoors,3,149.24,Organic Search,US
INV901048,2024-05-05,C100542,Books,5,34.67,Organic Search,Ireland
INV900806,2024-01-08,C100410,Sports & Outdoors,1,57.1,Paid Ads, United Kingdom
INV901720,2024-10-02,C100904,Books,2,9.78,Email,ireland
INV902034,2024-10-16,C101082,Electronics,4,378.12,Referral,Ireland
INV901241,2024-09-26,C100653,Books,4,9.74,Paid Ads,united kingdom
INV902718,2024-04-01,C101460,Home & Kitchen,5,99.26,Referral,germany
INV900730,2023-12-09,,Beauty,5,46.59,Paid Ads, United Kingdom
INV901798,2024-12-01,C100955,Home & Kitchen,2,27.0,Social,UK
INV900802,2023-04-28,C100410,Toys,5,68.59,Paid Ads, United Kingdom
INV900638,2024-04-27,C100330,Toys,3,9.31,Organic Search,united states
INV901041,2024-12-01,C100536,Electronics,1,422.94,Organic Search,Ireland
INV901580,2024-06-22,,Beauty,3,32.57,Referral,France
INV900482,2024-05-01,C100246,Toys,4,46.61,Email,UK
INV900950,2024-06-18,C100493,Books,1,32.06,Organic Search,france
INV901439,2023-11-25,C100767,Books,2,26.71,Organic Search,United Kingdom
INV900191,2023-12-01,C100101,Apparel,2,85.97,Paid Ads,germany
INV903197,2023-11-28,C101729,Beauty,2,26.51,Organic Search, United Kingdom
INV901887,2024-10-20,C101005,Toys,4,10.25,Paid Ads,UK
INV901979,2024-05-03,C101052,Apparel,1,87.76,Referral,Germany
INV900355,2024-11-19,C100190,Apparel,3,17.91,Organic Search,united kingdom
INV902664,2024-07-06,C101436,Apparel,5,86.9,Referral,germany
INV900036,2024-05-14,C100018,Toys,1,48.69,Organic Search,UK
INV900219,2023-10-25,C100116,Home & Kitchen,5,82.84,Email, United Kingdom
INV900448,2023-11-16,C100234,Beauty,5,31.95,Social,France
INV902628,2023-09-28,C101417,Office Supplies,2,34.85,Referral,USA
INV900936,2023-12-12,C100485,Office Supplies,-4,19.56,Organic Search,united kingdom
INV903241,2024-11-07,C101747,Home & Kitchen,1,13.64,Referral,germany
INV901788,2024-10-27,C100950,Office Supplies,2,38.44,Organic Search,united kingdom
INV901745,2024-06-11,C100922,Apparel,4,36.91,Paid Ads,Germany
INV902283,2024-12-24,C101226,Toys,2,12.59,Paid Ads,Germany
INV902237,2024-10-06,C101197,Office Supplies,4,10.29,Paid Ads, United Kingdom
INV903301,2024-09-22,C101784,Electronics,5,201.67,Organic Search,United States
INV900071,2023-10-09,C100038,Sports & Outdoors,2,115.7,Referral,France
INV901602,2024-01-06,C100849,Books,5,16.43,Paid Ads,USA
INV903167,2024-04-20,C101718,Apparel,1,66.29,Referral,united kingdom
INV903021,2023-07-13,C101629,Apparel,4,57.96,Email,ireland
INV903252,2023-11-21,C101761,Sports & Outdoors,3,167.97,Paid Ads,united kingdom
INV901828,2023-06-11,C100970,Apparel,2,57.83,Organic Search,United Kingdom
INV900358,2024-08-25,C100194,Electronics,3,161.39,Paid Ads,Ireland
INV902527,2024-04-21,C101356,Beauty,3,47.76,Social,united kingdom
INV900080,2024-04-06,C100042,Office Supplies,5,3.01,Organic Search,united kingdom
INV900871,2023-12-10,C100443,Electronics,2,71.63,Paid Ads,united kingdom
INV900993,2024-11-13,C100513,Electronics,3,175.36,Social,DE
INV900598,2024-08-05,C100306,Home & Kitchen,3,112.56,Email,DE
INV902550,2023-08-12,C101366,Office Supplies,5,27.77,Referral,United Kingdom
INV900058,2023-11-08,C100030,Books,1,24.28,Organic Search,united kingdom
INV900971,2023-11-08,C100506,Beauty,-1,30.29,Social, United Kingdom
INV901574,2023-12-14,C100831,Beauty,3,28.28,Organic Search,united kingdom
INV903215,2024-01-02,C101736,Toys,1,66.38,Paid Ads,USA
INV902792,2023-12-15,C101488,Sports & Outdoors,1,55.84,Email,United Kingdom
INV902874,2023-11-23,C101525,Apparel,4,80.47,Email,USA
INV902377,2024-04-14,C101288,Office Supplies,2,11.27,Organic Search,ireland
INV901770,2024-02-26,C100940,Toys,5,7.91,Organic Search, United Kingdom
INV901466,2023-09-09,C100782,Beauty,3,45.2,Email,US
INV902788,2023-11-20,C101486,Beauty,4,57.55,Social,united kingdom
INV901767,2024-03-13,C100938,Books,4,7.4,Referral,United States
INV902557,2023-10-26,C101372,Toys,3,9.79,Referral,united kingdom
INV902856,2024-01-20,C101518,Electronics,3,289.48,Organic Search,Ireland
INV901151,2024-05-18,C100597,Electronics,3,297.38,Email,DE
INV900843,2024-06-25,,Sports & Outdoors,5,45.99,Paid Ads,united kingdom
INV901363,2024-04-11,C100724,Books,3,31.66,Paid Ads,United Kingdom
INV901550,2024-04-24,C100821,Office Supplies,4,7.91,Organic Search,USA
INV903139,2024-11-17,C101705,Books,4,31.5,Organic Search,DE
INV901030,2023-09-04,C100533,Home & Kitchen,2,123.07,Organic Search,UK
INV901003,2023-12-08,C100518,Home & Kitchen,1,31.25,Referral,united kingdom
INV903222,2023-03-28,C101738,Electronics,3,286.09,Referral,United Kingdom
INV901091,2023-07-06,C100572,Books,4,10.05,Organic Search,france
INV901823,2023-05-02,C100969,Home & Kitchen,3,120.75,Referral,Germany
INV900496,2023-06-17,C100255,Home & Kitchen,5,136.95,Organic Search,united kingdom
INV902814,2023-11-13,C101500,Books,4,24.22,Paid Ads, United Kingdom
INV901856,2024-06-18,C100984,Apparel,5,53.5,Paid Ads,United Kingdom
INV902182,2024-02-20,C101174,Beauty,4,35.46,Paid Ads,Ireland
INV902233,2024-04-19,C101196,Electronics,1,408.79,Organic Search,united kingdom
INV900269,2023-07-07,C100142,Home & Kitchen,4,53.99,Email,DE
INV903251,2023-12-21,C101760,Beauty,4,32.96,Referral,Germany
INV901236,2024-06-18,C100647,Apparel,4,65.74,Referral,DE
INV903017,2023-12-22,C101627,Office Supplies,4,33.7,Social,USA
INV902369,2024-01-17,C101285,Home & Kitchen,5,36.69,Organic Search,united kingdom
INV901979,2024-05-03,C101052,Beauty,4,49.27,Referral,Germany
INV900918,2024-01-14,C100473,Toys,5,10.74,Referral,Ireland
INV901211,2023-06-23,C100636,Electronics,5,238.15,Referral,germany
INV902915,2024-05-09,C101554,Electronics,1,514.62,Email,united states
INV901216,2023-07-12,C100637,Apparel,3,42.1,Email,United States
INV900285,2024-11-03,C100152,Sports & Outdoors,1,76.55,Organic Search,USA
INV900591,2023-12-10,C100304,Toys,2,13.89,Organic Search, United Kingdom
INV903314,2023-05-02,C101795,Toys,2,56.83,Organic Search,united kingdom
INV902270,2024-11-18,C101212,Home & Kitchen,4,136.17,Organic Search,United States
INV900815,2023-06-03,C100413,Electronics,4,187.3,Organic Search,France
INV901725,2023-04-18,C100909,Home & Kitchen,-5,96.2,Organic Search,united kingdom
INV901577,2023-12-26,C100832,Apparel,-5,47.92,Email,DE
INV900512,2023-12-14,C100265,Office Supplies,1,8.97,Referral,Germany
INV900224,2024-01-28,C100117,Home & Kitchen,1,33.12,Referral,germany
INV901102,2024-06-06,C100575,Books,3,17.85,Paid Ads,United States
INV903047,2024-08-22,C101648,Office Supplies,3,18.06,Organic Search,germany
INV902449,2024-08-02,C101319,Books,5,9.09,Organic Search,France
INV903094,2024-07-16,C101669,Books,5,33.24,Social,DE
INV902232,2024-04-11,C101196,Electronics,5,378.6,Organic Search, United Kingdom
INV903008,2024-03-18,C101615,Sports & Outdoors,2,112.89,Referral,france
INV902313,2023-04-25,C101252,Apparel,5,77.13,Referral,Ireland
INV901627,2024-09-13,C100860,Beauty,4,46.3,Paid Ads,France
INV900999,2023-02-13,C100517,Sports & Outdoors,4,19.18,Paid Ads,united kingdom
INV903226,2023-09-08,C101738,Books,3,28.52,Referral,united kingdom
INV903083,2024-11-08,,Beauty,3,46.46,Email,DE
INV900800,2023-01-22,C100409,Electronics,5,330.15,Social,Ireland
INV902141,2024-09-07,C101149,Sports & Outdoors,4,134.18,Paid Ads, United Kingdom
INV901158,2024-06-01,C100602,Apparel,2,57.34,Paid Ads,UK
INV901196,2023-07-20,C100622,Books,1,18.73,Referral,france
INV900953,2024-06-20,C100495,Sports & Outdoors,5,80.67,Organic Search,United Kingdom
INV900098,2024-11-12,C100048,Home & Kitchen,2,84.84,Referral,germany
INV903294,2024-08-18,C101783,Office Supplies,5,3.89,Paid Ads,united kingdom
INV903038,2024-05-01,C101640,Beauty,1,39.6,Paid Ads, United Kingdom
INV900228,2023-09-24,C100118,Apparel,3,52.22,Organic Search,DE
INV901662,2024-05-13,C100877,Sports & Outdoors,1,112.99,Paid Ads,United Kingdom
INV901165,2024-08-23,C100608,Electronics,-2,228.9,Organic Search,DE
INV902213,2023-11-06,C101185,Beauty,2,10.63,Organic Search, United Kingdom
INV902463,2024-03-08,C101326,Books,5,17.6,Email,France
INV900698,2024-06-11,C100360,Beauty,1,16.31,Organic Search,germany
INV900827,2024-09-18,C100420,Apparel,3,49.48,Paid Ads,United Kingdom
INV903064,2023-05-11,C101654,Toys,4,25.57,Organic Search,US
INV900813,2023-05-26,C100413,Apparel,1,17.36,Organic Search,France
INV901599,2024-06-19,C100847,Toys,4,50.8,Paid Ads,ireland
INV902511,2024-09-25,C101345,Toys,5,23.8,Organic Search,United Kingdom
INV901549,2024-03-01,C100821,Beauty,4,32.11,Organic Search,United States
INV903285,2023-07-24,C101776,Toys,2,58.32,Paid Ads,Germany
INV901062,2023-09-05,C100553,Electronics,2,345.12,Social,DE
INV900742,2023-06-01,C100385,Books,3,6.19,Social,United Kingdom
INV902026,2023-05-27,C101077,Electronics,4,222.33,Social,united kingdom
INV903289,2024-04-07,,Home & Kitchen,5,12.76,Email,united states
INV900846,2024-02-06,C100434,Sports & Outdoors,-2,151.98,Social,France
INV901577,2023-12-26,C100832,Books,5,7.96,Email,DE
INV902998,2023-09-12,C101611,Apparel,1,22.82,Paid Ads,USA
INV901572,2023-10-01,C100831,Office Supplies,5,35.17,Organic Search,UK
INV900274,2023-11-05,C100143,Books,5,16.99,Email, United Kingdom
INV900665,2024-08-20,C100348,Apparel,4,67.52,Referral,ireland
INV900148,2023-07-24,C100077,Electronics,5,43.22,Paid Ads,germany
INV902267,2024-05-06,C101212,Electronics,1,375.13,Organic Search,united states
INV900127,2024-07-14,C100060,Sports & Outdoors,3,141.71,Paid Ads,France
INV902515,2024-08-22,C101347,Electronics,5,291.82,Email,United Kingdom
INV902388,2024-11-17,,Home & Kitchen,2,10.99,Referral,united kingdom
INV902486,2024-06-05,C101337,Books,2,30.32,Paid Ads,United States
INV901034,2024-11-24,C100535,Toys,2,58.44,Social,United Kingdom
INV901449,2023-02-11,C100772,Sports & Outdoors,3,15.05,Referral,Germany
INV901720,2024-10-02,C100904,Electronics,5,113.78,Email,ireland
INV903066,2023-12-27,C101654,Beauty,2,9.53,Organic Search,US
INV902333,2024-08-08,C101268,Apparel,4,87.13,Paid Ads,germany
INV901994,2024-04-02,C101064,Office Supplies,2,23.65,Email, United Kingdom
INV901997,2024-07-17,C101066,Sports & Outdoors,5,186.71,Email,DE
INV901476,2023-11-12,,Office Supplies,4,17.24,Organic Search,france
INV900964,2024-08-01,C100503,Electronics,3,109.55,Organic Search,france
INV902522,2023-10-02,C101355,Apparel,4,73.91,Paid Ads,USA
INV902754,2024-12-06,C101474,Office Supplies,1,25.24,Paid Ads,US
INV902086,2024-12-22,C101112,Books,4,17.07,Organic Search,DE
INV902685,2023-11-12,C101449,Beauty,4,15.88,Organic Search,United Kingdom
INV900418,2023-12-09,C100221,Office Supplies,2,14.04,Organic Search,United Kingdom
INV902454,2024-06-06,C101323,Office Supplies,2,10.06,Organic Search,Ireland
INV901872,2024-05-07,C100995,Beauty,4,16.68,Organic Search,germany
INV902155,2023-11-08,C101154,Toys,4,53.6,Paid Ads,France
INV901487,2023-02-25,C100790,Books,3,29.69,Referral,Germany
INV901532,2023-07-05,C100813,Books,1,19.89,Referral,Ireland
INV902346,2024-12-09,C101275,Apparel,3,20.9,Paid Ads,United Kingdom
INV900497,2023-06-09,C100255,Office Supplies,4,40.38,Organic Search,UK
INV903285,2023-07-24,C101776,Sports & Outdoors,2,89.57,Paid Ads,Germany
INV902668,2023-11-27,C101441,Sports & Outdoors,5,56.89,Organic Search,DE
INV902563,2024-03-21,C101373,Apparel,3,10.6,Referral,United Kingdom
INV901522,2023-08-11,C100808,Office Supplies,5,13.53,Referral,france
INV902615,2024-11-21,C101408,Books,5,23.75,Paid Ads,Ireland
INV900642,2023-11-23,C100332,Sports & Outdoors,3,148.25,Organic Search, United Kingdom
INV902364,2023-02-06,C101285,Home & Kitchen,4,142.91,Organic Search,United Kingdom
INV900783,2024-09-20,C100403,Apparel,1,69.19,Organic Search,US
INV902485,2023-11-01,C101337,Books,1,25.25,Paid Ads,USA
INV902972,2023-12-02,C101592,Books,2,20.5,Organic Search,united kingdom
INV900644,2024-05-19,C100333,Electronics,1,580.03,Email,UK
INV901685,2024-08-02,C100884,Electronics,4,171.13,Organic Search,Ireland
INV900272,2023-10-04,C100143,Home & Kitchen,3,77.79,Email,UK
INV902929,2024-11-10,C101563,Sports & Outdoors,4,102.1,Paid Ads,united states
INV902353,2024-11-24,C101277,Electronics,2,485.17,Referral,united kingdom
INV900884,2024-03-27,C100448,Apparel,1,75.39,Paid Ads,United States
INV901153,2024-10-03,C100597,Sports & Outdoors,3,198.2,Email,germany
INV901273,2024-06-23,C100664,Beauty,5,37.5,Referral, United Kingdom
INV902474,2023-12-18,C101330,Home & Kitchen,4,83.42,Paid Ads,DE
INV903020,2023-04-16,C101629,Electronics,2,223.92,Email,ireland
INV900765,2023-11-19,C100391,Beauty,5,57.0,Email,Ireland
INV902410,2024-10-21,C101303,Books,2,18.14,Organic Search, United Kingdom
INV901423,2024-04-04,C100761,Apparel,2,49.43,Email,united states
INV901688,2024-04-08,,Apparel,2,11.43,Referral,united states
INV902231,2023-11-14,C101194,Beauty,3,29.54,Social,ireland
INV900695,2024-12-25,C100357,Office Supplies,2,20.99,Referral,UK
INV902782,2024-12-28,C101485,Toys,4,7.74,Referral,united states
INV900058,2023-11-08,C100030,Office Supplies,5,38.52,Organic Search,united kingdom
INV901640,2024-12-19,C100865,Beauty,4,29.07,Organic Search,united states
INV902633,2024-01-27,C101419,Beauty,3,48.59,Social,germany
INV901738,2024-03-24,C100916,Electronics,2,452.76,Referral,United Kingdom
INV902059,2023-01-08,C101098,Apparel,5,21.44,Referral, United Kingdom
INV900762,2024-04-25,C100390,Home & Kitchen,1,38.96,Paid Ads,USA
INV901914,2024-07-16,C101012,Beauty,3,36.01,Social,ireland
INV903196,2023-09-27,C101729,Beauty,4,41.91,Organic Search,united kingdom
INV900240,2023-11-10,C100123,Home & Kitchen,2,69.91,Paid Ads,Ireland
INV901256,2024-07-09,C100659,Home & Kitchen,5,85.09,Referral,france
INV900104,2023-08-23,C100052,Home & Kitchen,2,23.52,Organic Search,US
INV902210,2024-09-07,C101184,Beauty,3,48.11,Email,ireland
INV900951,2023-06-26,C100494,Toys,2,23.54,Referral,France
INV902450,2024-04-10,C101320,Beauty,4,20.55,Paid Ads,united kingdom
INV903176,2023-11-11,C101720,Office Supplies,5,24.67,Referral,United Kingdom
INV903026,2023-09-06,C101632,Home & Kitchen,1,103.86,Email,united kingdom
INV900389,2024-06-11,C100212,Sports & Outdoors,5,55.67,Email,DE
INV902228,2023-11-06,C101191,Electronics,1,545.98,Referral,France
INV902057,2024-12-03,C101096,Electronics,4,502.3,Organic Search,france
INV902521,2023-12-06,C101352,Books,2,7.46,Paid Ads,DE
INV900785,2023-10-22,C100404,Home & Kitchen,2,10.06,Referral,france
INV902398,2024-03-01,C101298,Office Supplies,2,9.31,Organic Search,UK
INV901317,2024-02-06,C100694,Toys,1,40.88,Referral,USA
INV903169,2024-07-17,C101718,Office Supplies,4,8.7,Referral,United Kingdom
INV903260,2023-12-03,C101764,Office Supplies,5,42.84,Paid Ads,UK
INV900759,2024-06-09,C100389,Beauty,5,38.04,Paid Ads,ireland
INV902568,2024-11-12,C101377,Apparel,2,14.12,Organic Search,Germany
INV900301,2024-05-08,C100161,Sports & Outdoors,1,142.36,Email,germany
INV902223,2023-01-21,C101189,Electronics,4,101.92,Paid Ads,united kingdom
INV903207,2024-12-04,C101731,Apparel,3,51.36,Paid Ads,ireland
INV900409,2024-04-13,C100218,Beauty,4,31.11,Organic Search,united kingdom
INV900227,2023-06-02,C100118,Beauty,5,44.19,Organic Search,germany
INV902167,2024-08-17,C101161,Electronics,4,294.47,Organic Search,United Kingdom
INV902017,2023-09-15,C101075,Home & Kitchen,1,146.48,Organic Search,germany
INV900550,2023-12-23,C100284,Office Supplies,5,10.19,Organic Search,united kingdom
INV902331,2023-02-14,C101265,Sports & Outdoors,2,102.2,Organic Search, United Kingdom
INV902985,2023-07-20,C101603,Office Supplies,5,35.2,Referral,UK
INV901237,2023-12-17,C100650,Office Supplies,4,25.69,Organic Search, United Kingdom
INV901680,2023-09-22,C100883,Home & Kitchen,1,27.78,Organic Search,france
INV900070,2023-09-18,C100038,Beauty,5,30.75,Referral,france
INV901166,2024-09-27,C100608,Beauty,2,38.64,Organic Search,DE
INV900254,2024-08-20,C100133,Sports & Outdoors,3,162.04,Social,United States
INV901997,2024-07-17,C101066,Beauty,1,48.09,Email,DE
INV900123,2023-04-28,C100057,Electronics,5,279.27,Paid Ads,france
INV901186,2023-04-08,,Apparel,4,11.86,Organic Search, United Kingdom
INV900308,2023-09-26,C100167,Home & Kitchen,4,31.42,Email,Germany
INV902293,2023-09-19,C101237,Electronics,5,305.57,Referral,france
INV900319,2023-06-17,C100171,Toys,1,21.69,Email,DE
INV901097,2023-11-17,C100573,Electronics,2,497.94,Paid Ads,france
INV902850,2024-09-12,C101515,Apparel,4,52.74,Organic Search,United Kingdom
INV900701,2024-07-16,C100361,Toys,5,62.59,Paid Ads,germany
INV901866,2023-12-19,C100991,Toys,2,30.09,Referral,france
INV903117,2023-11-14,C101685,Home & Kitchen,1,118.92,Paid Ads,Ireland
INV900589,2024-06-09,C100303,Office Supplies,1,37.3,Email,United States
INV901297,2024-08-25,C100682,Sports & Outdoors,1,92.3,Paid Ads,ireland
INV900114,2023-08-04,C100055,Home & Kitchen,2,32.43,Referral,United States
INV900505,2024-07-14,C100258,Electronics,2,128.48,Paid Ads, United Kingdom
INV901760,2024-03-09,C100934,Office Supplies,5,8.11,Organic Search,Germany
INV900716,2024-12-28,C100374,Books,1,26.39,Organic Search,USA
INV901635,2024-12-14,C100863,Home & Kitchen,5,107.34,Organic Search, United Kingdom
INV901186,2023-04-08,C100618,Electronics,4,397.86,Organic Search, United Kingdom
INV900482,2024-05-01,C100246,Books,1,32.71,Email,UK
INV900209,2024-05-21,C100111,Sports & Outdoors,1,189.01,Paid Ads,USA
INV901697,2023-09-14,C100887,Beauty,4,19.56,Email,DE
INV903019,2023-03-09,C101629,Apparel,2,19.12,Email,Ireland
INV901960,2024-11-20,C101039,Apparel,4,53.89,Organic Search,Germany
INV901665,2024-10-08,,Apparel,4,88.23,Paid Ads,united kingdom
INV902920,2023-10-22,C101555,Electronics,1,465.23,Paid Ads,united kingdom
INV902627,2023-09-14,C101417,Books,3,21.99,Referral,US
INV900039,2024-09-21,C100018,Books,4,10.41,Organic Search, United Kingdom
INV901684,2024-07-09,C100884,Beauty,3,12.54,Organic Search,ireland
INV900615,2023-11-11,C100314,Beauty,2,12.06,Organic Search,United Kingdom
INV900950,2024-06-18,C100493,Office Supplies,4,22.74,Organic Search,france
INV902829,2024-04-25,C101509,Sports & Outdoors,1,172.79,Social,UK
INV900485,2023-11-17,C100247,Books,3,22.49,Referral,US
INV900186,2023-06-12,C100099,Beauty,1,29.94,Organic Search,US
INV900892,2024-12-22,C100450,Office Supplies,1,20.26,Referral,United Kingdom
INV901729,2024-07-15,C100910,Toys,5,9.23,Organic Search,France
INV901460,2024-08-15,C100780,Sports & Outdoors,1,120.69,Email,germany
INV901734,2024-08-12,C100913,Toys,3,13.23,Organic Search,US
INV902727,2023-07-28,C101463,Office Supplies,2,29.6,Referral,UK
INV901971,2024-11-26,C101045,Toys,5,64.77,Social,france
INV900779,2023-09-22,C100399,Office Supplies,4,37.57,Paid Ads,United Kingdom
INV901933,2024-03-06,C101025,Apparel,2,48.76,Organic Search,United States
INV902729,2024-01-09,,Beauty,1,59.83,Referral,United Kingdom
INV902820,2023-11-13,C101502,Office Supplies,5,39.27,Referral,united kingdom
INV902680,2023-04-17,C101449,Toys,5,42.07,Organic Search,UK
INV901206,2024-02-03,C100633,Sports & Outdoors,5,37.33,Email,UK
INV901640,2024-12-19,C100865,Books,3,15.04,Organic Search,united states
INV902724,2023-03-12,C101463,Electronics,4,316.74,Referral,united kingdom
INV900928,2023-05-05,C100479,Home & Kitchen,4,19.63,Paid Ads,DE
INV901272,2024-05-23,C100664,Office Supplies,5,9.03,Referral,united kingdom
INV902682,2023-06-15,C101449,Office Supplies,3,30.43,Organic Search,UK
INV901951,2024-06-06,C101035,Office Supplies,1,21.61,Organic Search,Ireland
INV901437,2024-08-11,C100766,Apparel,4,54.05,Referral,France
INV902944,2023-12-16,C101571,Apparel,1,35.91,Referral,Germany
INV900204,2024-08-06,C100109,Office Supplies,4,40.12,Paid Ads,UK
INV902380,2023-05-02,C101290,Apparel,-4,17.21,Organic Search,Ireland
INV902245,2024-08-24,C101202,Sports & Outdoors,3,36.91,Referral,France
INV900094,2024-06-13,C100046,Electronics,2,418.88,Email, United Kingdom
INV901800,2023-12-10,C100956,Office Supplies,1,31.37,Organic Search,UK
INV902930,2023-12-27,C101564,Office Supplies,2,39.97,Organic Search,France
INV902178,2023-12-17,C101167,Beauty,2,17.07,Social,UK
INV901162,2024-01-03,C100606,Sports & Outdoors,3,137.37,Email, United Kingdom
INV900374,2024-01-26,C100202,Apparel,-4,88.74,Referral,United Kingdom
INV900223,2023-10-25,C100117,Toys,1,67.92,Referral,germany
INV900399,2023-03-01,C100216,Electronics,3,288.79,Organic Search, United Kingdom
INV903263,2024-12-27,C101764,Apparel,3,39.27,Paid Ads,united kingdom
INV902166,2024-07-05,C101159,Sports & Outdoors,2,164.7,Organic Search,united kingdom
INV900771,2024-07-20,C100395,Electronics,2,495.81,Paid Ads,United Kingdom
INV902909,2024-07-24,C101553,Books,4,14.07,Referral,DE
INV900134,2024-03-14,C100064,Books,5,33.79,Social, United Kingdom
INV903059,2023-12-03,C101653,Beauty,5,35.47,Social,United Kingdom
INV902835,2024-12-26,C101510,Beauty,3,21.64,Email,france
INV902645,2023-08-22,C101424,Apparel,5,12.62,Organic Search,Ireland
INV901287,2024-05-14,C100674,Home & Kitchen,2,82.92,Organic Search,germany
INV900981,2024-08-24,C100508,Apparel,5,18.43,Referral,UK
INV901380,2024-06-18,C100739,Apparel,3,78.47,Email,Germany
INV902942,2024-11-06,C101569,Toys,2,46.5,Paid Ads,USA
INV901536,2024-05-10,C100814,Books,4,27.9,Organic Search,Ireland
INV902609,2024-09-04,C101404,Office Supplies,2,11.34,Paid Ads,Ireland
INV900281,2024-11-27,C100148,Beauty,1,25.8,Referral,united states
INV902819,2023-09-14,C101502,Electronics,2,489.99,Referral, United Kingdom
INV900071,2023-10-09,C100038,Apparel,3,56.49,Referral,France
INV901770,2024-02-26,C100940,Electronics,2,303.6,Organic Search, United Kingdom
INV902045,2023-04-25,C101089,Office Supplies,3,40.37,Organic Search,France
INV900856,2024-08-10,C100440,Home & Kitchen,3,71.24,Organic Search, United Kingdom
INV900856,2024-08-10,C100440,Home & Kitchen,5,14.98,Organic Search, United Kingdom
INV900904,2024-07-04,C100460,Electronics,4,125.45,Email,ireland
INV901675,2023-11-04,C100882,Home & Kitchen,3,30.87,Organic Search,united kingdom
INV903192,2023-03-18,C101729,Books,4,5.75,Organic Search,UK
INV902976,2024-05-07,C101598,Office Supplies,5,30.53,Referral,Germany
INV901305,2023-09-14,C100688,Home & Kitchen,4,45.54,Organic Search,DE
INV900303,2023-11-19,C100162,Home & Kitchen,4,60.6,Organic Search, United Kingdom
INV901501,2023-10-23,C100799,Office Supplies,5,6.19,Email,united states
INV902113,2024-05-17,C101125,Books,4,15.12,Paid Ads,germany
INV900994,2024-10-01,C100514,Home & Kitchen,1,64.65,Organic Search, United Kingdom
INV900286,2023-11-17,C100154,Sports & Outdoors,2,199.59,Organic Search,USA
INV901297,2024-08-25,C100682,Office Supplies,5,15.02,Paid Ads,ireland
INV901565,2023-06-07,C100830,Office Supplies,5,6.58,Social, United Kingdom
INV901836,2023-11-02,C100975,Books,1,28.86,Referral,USA
INV902168,2024-06-10,C101162,Sports & Outdoors,2,127.29,Paid Ads,france
INV902100,2023-10-09,C101119,Sports & Outdoors,3,27.66,Paid Ads,united states
INV901624,2024-10-18,C100858,Beauty,3,48.08,Social,france
INV900545,2024-01-08,C100281,Sports & Outdoors,4,193.54,Organic Search,United Kingdom
INV902577,2024-07-12,C101389,Office Supplies,1,31.07,Organic Search,United Kingdom
INV902775,2023-12-10,C101484,Apparel,1,82.32,Organic Search,ireland
INV902712,2023-10-28,,Books,4,22.58,Social,Germany
INV901778,2023-10-20,C100945,Books,5,5.63,Email,United States
INV902377,2024-04-14,C101288,Sports & Outdoors,4,195.56,Organic Search,ireland
INV901597,2023-12-07,C100845,Apparel,3,65.5,Email,Germany
INV900905,2023-09-01,C100461,Office Supplies,1,22.09,Paid Ads,Ireland
INV901047,2023-03-19,C100541,Home & Kitchen,4,59.48,Organic Search,Germany
INV902506,2023-07-21,C101342,Apparel,2,65.58,Paid Ads,UK
INV900210,2024-08-10,C100111,Sports & Outdoors,2,100.27,Paid Ads,USA
INV902996,2023-06-19,C101609,Toys,1,41.77,Email,france
INV902043,2024-09-02,C101086,Home & Kitchen,3,122.48,Organic Search,ireland
INV902872,2023-02-03,C101525,Office Supplies,5,7.7,Email,US
INV901981,2024-11-04,C101053,Books,3,23.41,Social,US
INV902964,2024-05-26,C101586,Beauty,5,19.24,Referral,Ireland
INV902797,2023-07-17,C101492,Apparel,5,58.34,Paid Ads,germany
INV902124,2024-07-04,C101134,Beauty,1,11.47,Organic Search,UK
INV901141,2024-06-01,C100595,Books,3,29.93,Email,ireland
INV903258,2024-08-28,C101763,Toys,2,29.77,Organic Search,Ireland
INV901580,2024-06-22,C100834,Sports & Outdoors,2,167.67,Referral,France
INV901371,2023-10-22,C100731,Electronics,1,161.27,Referral,germany
INV901860,2023-10-11,C100987,Sports & Outdoors,5,41.82,Organic Search,Ireland
INV903222,2023-03-28,C101738,Home & Kitchen,2,26.38,Referral,United Kingdom
INV902592,2024-01-17,C101396,Home & Kitchen,4,98.86,Email,DE
INV902917,2024-11-22,C101554,Home & Kitchen,3,133.78,Email,united states
INV900410,2024-11-01,C100218,Home & Kitchen,4,92.24,Organic Search,United Kingdom
INV902154,2023-10-15,C101154,Office Supplies,5,8.65,Paid Ads,France
INV900364,2023-10-24,C100196,Sports & Outdoors,2,55.39,Organic Search,Ireland
INV901114,2024-06-22,C100581,Office Supplies,4,44.55,Organic Search,United Kingdom
INV902139,2024-03-01,C101148,Home & Kitchen,2,66.37,Organic Search, United Kingdom
INV902194,2023-12-20,C101179,Home & Kitchen,1,15.76,Organic Search,United Kingdom
INV902721,2023-07-06,C101461,Apparel,4,59.87,Organic Search,united kingdom
INV902961,2023-12-22,C101581,Home & Kitchen,2,139.25,Organic Search,United Kingdom
INV901383,2024-12-22,C100740,Electronics,5,187.05,Referral,United Kingdom
INV901887,2024-10-20,C101005,Toys,5,34.61,Paid Ads,UK
INV901585,2024-07-25,C100839,Sports & Outdoors,3,109.04,Referral,UK
INV900084,2024-02-04,C100043,Sports & Outdoors,3,58.5,Paid Ads,US
INV900210,2024-08-10,C100111,Toys,5,55.75,Paid Ads,USA
INV900666,2023-04-24,C100349,Office Supplies,4,24.03,Social,United Kingdom
INV900588,2024-12-12,C100302,Toys,2,26.77,Referral,UK
INV903124,2024-07-18,C101690,Home & Kitchen,1,137.4,Referral,UK
INV903219,2024-07-13,C101737,Beauty,4,27.31,Organic Search,united kingdom
INV901721,2023-12-16,C100906,Apparel,4,70.6,Organic Search,United Kingdom
INV902840,2024-09-13,C101512,Home & Kitchen,5,28.32,Paid Ads,germany
INV901619,2023-10-05,C100856,Sports & Outdoors,2,33.53,Organic Search,Germany
INV902106,2023-08-06,C101122,Beauty,1,31.93,Organic Search,germany
INV900265,2023-05-08,C100141,Sports & Outdoors,2,114.63,Email,Germany
INV903262,2024-04-24,C101764,Sports & Outdoors,4,170.83,Paid Ads,UK
INV902084,2023-05-14,C101112,Books,5,28.43,Organic Search,Germany
INV903053,2023-11-27,C101650,Books,5,30.99,Paid Ads,UK
INV900038,2024-08-03,C100018,Beauty,4,36.27,Organic Search,United Kingdom
INV900554,2024-12-02,C100285,Home & Kitchen,5,32.08,Referral,UK
INV901827,2023-06-09,C100970,Beauty,4,41.41,Organic Search,United Kingdom
INV902425,2024-05-24,C101312,Home & Kitchen,3,146.11,Referral,ireland
INV902804,2024-08-26,C101495,Apparel,1,46.11,Social,germany
INV903139,2024-11-17,C101705,Home & Kitchen,2,64.27,Organic Search,DE
INV900083,2023-12-21,C100043,Books,2,8.31,Paid Ads,USA
INV901534,2024-01-25,C100813,Books,5,30.74,Referral,ireland
INV900078,2024-10-08,C100041,Toys,5,16.46,Referral,United States
INV901568,2023-09-24,C100830,Sports & Outdoors,5,192.03,Social,United Kingdom
INV901540,2023-05-06,C100817,Electronics,2,350.65,Email,United Kingdom
INV902668,2023-11-27,,Office Supplies,5,35.87,Organic Search,DE
INV901036,2023-11-18,C100536,Beauty,3,42.51,Organic Search,ireland
INV901384,2023-07-26,C100743,Apparel,4,50.28,Organic Search,United Kingdom
INV902440,2023-09-14,C101318,Sports & Outdoors,3,128.38,Social,UK
INV902472,2024-07-09,C101329,Sports & Outdoors,5,125.38,Email,ireland
INV900684,2024-07-19,C100352,Beauty,4,17.13,Organic Search,France
INV903211,2024-10-20,C101734,Toys,1,48.12,Paid Ads,DE
INV902743,2024-06-06,C101470,Books,4,24.04,Paid Ads,ireland
INV902742,2023-07-09,C101469,Beauty,5,45.94,Paid Ads,DE
INV901330,2023-12-18,C100704,Toys,4,34.03,Organic Search,United States
INV900455,2024-05-22,C100234,Home & Kitchen,2,72.21,Social,france
INV901222,2024-07-14,C100641,Office Supplies,3,32.65,Organic Search,United States
INV901256,2024-07-09,C100659,Books,5,20.91,Referral,france
INV902362,2024-06-21,C101283,Office Supplies,2,16.59,Organic Search,UK
INV901024,2023-08-27,C100524,Beauty,-5,57.92,Paid Ads,UK
INV902155,2023-11-08,C101154,Office Supplies,1,28.25,Paid Ads,France
INV903027,2023-12-22,C101632,Home & Kitchen,5,122.49,Email, United Kingdom
INV900414,2024-08-10,C100220,Beauty,2,45.21,Email,ireland
INV902339,2023-03-18,C101271,Books,3,11.72,Organic Search,united kingdom
INV901827,2023-06-09,C100970,Beauty,2,34.12,Organic Search,United Kingdom
INV900165,2024-04-03,C100088,Toys,4,17.61,Paid Ads,Ireland
INV903021,2023-07-13,C101629,Office Supplies,5,33.26,Email,ireland
INV900015,2023-03-21,C100009,Home & Kitchen,3,85.86,Organic Search,france
INV900904,2024-07-04,C100460,Electronics,2,541.51,Email,ireland
INV901061,2023-07-08,C100553,Toys,3,50.85,Social,germany
INV900109,2024-11-25,C100053,Apparel,3,81.21,Organic Search,UK
INV902689,2024-05-21,C101450,Sports & Outdoors,2,25.4,Organic Search,UK
INV902059,2023-01-08,C101098,Home & Kitchen,3,35.26,Referral, United Kingdom
INV902147,2024-01-20,C101152,Sports & Outdoors,5,107.83,Paid Ads,United Kingdom
INV902913,2023-12-04,C101554,Office Supplies,4,39.92,Email,USA
INV902616,2023-06-03,C101409,Sports & Outdoors,3,54.54,Referral,Germany
INV901168,2024-09-20,C100610,Office Supplies,1,40.85,Organic Search,ireland
INV900758,2023-12-02,C100389,Office Supplies,4,4.12,Paid Ads,ireland
INV900098,2024-11-12,C100048,Office Supplies,3,23.24,Referral,germany
INV901217,2024-03-22,C100637,Books,4,5.15,Email,USA
INV900707,2023-10-16,C100368,Toys,1,33.25,Paid Ads,France
INV902853,2023-11-17,C101516,Home & Kitchen,2,18.39,Organic Search,France
INV901945,2024-06-03,C101032,Toys,5,25.71,Referral,germany
INV900668,2023-06-28,C100349,Office Supplies,3,29.2,Social,united kingdom
INV901661,2024-08-26,C100876,Sports & Outdoors,4,199.68,Email,United States
INV902140,2024-12-02,C101148,Electronics,5,320.98,Organic Search,United Kingdom
INV900652,2024-03-09,C100338,Toys,3,54.74,Organic Search,united kingdom
INV902737,2024-04-23,C101466,Toys,3,27.37,Organic Search, United Kingdom
INV900949,2024-01-23,C100493,Apparel,3,63.14,Organic Search,France
INV901886,2024-08-09,C101005,Electronics,3,395.59,Paid Ads, United Kingdom
INV902001,2024-01-24,C101067,Beauty,2,45.19,Referral,UK
INV902797,2023-07-17,C101492,Home & Kitchen,5,90.92,Paid Ads,germany
INV900413,2023-03-07,C100220,Apparel,4,42.68,Email,Ireland
INV903327,2024-06-10,C101799,Office Supplies,2,3.93,Referral,US
INV900837,2024-05-26,C100427,Electronics,4,439.43,Paid Ads,UK
INV902978,2024-11-03,C101598,Electronics,1,482.25,Referral,DE
INV901595,2024-12-06,,Beauty,3,54.66,Email, United Kingdom
INV900720,2023-06-23,C100375,Electronics,4,111.03,Paid Ads,ireland
INV900852,2023-08-27,C100439,Home & Kitchen,3,84.36,Paid Ads,UK
INV900893,2023-12-12,C100452,Home & Kitchen,3,19.62,Organic Search,united kingdom
INV901265,2024-10-04,C100662,Books,3,20.6,Referral,Germany
INV900434,2023-11-20,C100230,Apparel,5,74.61,Social,DE
INV903068,2023-06-26,C101655,Apparel,2,10.6,Email,France
INV901173,2023-10-21,C100611,Books,3,10.46,Organic Search,ireland
INV901547,2023-01-10,C100820,Beauty,3,24.24,Organic Search,germany
INV901006,2024-03-07,C100518,Toys,4,43.17,Referral,united kingdom
INV901561,2024-12-16,C100826,Sports & Outdoors,3,164.05,Paid Ads, United Kingdom
INV900748,2023-12-28,C100385,Apparel,4,24.22,Social,United Kingdom
INV901950,2024-04-26,C101035,Office Supplies,5,34.49,Organic Search,Ireland
INV903180,2024-11-27,C101720,Office Supplies,1,42.2,Referral,united kingdom
INV901115,2024-07-23,C100581,Electronics,1,141.52,Organic Search,United Kingdom
INV902132,2024-08-20,C101138,Books,5,22.24,Email,USA
INV901183,2024-12-22,C100614,Sports & Outdoors,3,26.13,Referral,united kingdom
INV901840,2023-08-28,C100976,Toys,2,41.6,Organic Search,united kingdom
INV901920,2024-12-14,C101013,Apparel,1,81.1,Paid Ads,united states
INV902093,2024-01-03,C101115,Sports & Outdoors,1,53.57,Paid Ads,united kingdom
INV900252,2023-12-05,C100132,Sports & Outdoors,3,167.89,Paid Ads,DE
INV901794,2023-10-27,C100953,Toys,1,17.98,Referral,UK
INV902892,2024-09-25,C101538,Home & Kitchen,2,126.03,Paid Ads,Germany
INV900356,2024-03-03,C100191,Sports & Outdoors,1,46.91,Email,Ireland
INV901117,2023-03-04,C100582,Books,2,19.97,Paid Ads,United Kingdom
INV901995,2024-05-03,C101064,Books,2,30.36,Email, United Kingdom
INV903132,2023-08-11,,Apparel,5,10.87,Email,USA
INV902403,2023-09-11,C101299,Toys,1,,Email, United Kingdom
INV903114,2023-02-13,C101681,Home & Kitchen,4,15.39,Referral, United Kingdom
INV901697,2023-09-14,C100887,Apparel,4,44.64,Email,DE
INV901937,2023-07-04,C101029,Beauty,4,48.27,Paid Ads,united states
INV901422,2024-03-22,C100761,Apparel,1,51.02,Email,USA
INV902605,2023-07-02,C101403,Electronics,3,391.05,Paid Ads,United Kingdom
INV900511,2024-11-28,C100263,Electronics,1,403.66,Organic Search,DE
INV901776,2024-01-13,C100943,Home & Kitchen,3,58.22,Social, United Kingdom
INV902513,2024-09-24,C101346,Home & Kitchen,3,68.92,Organic Search, United Kingdom
INV902834,2023-08-24,C101510,Home & Kitchen,3,34.89,Email,France
INV902529,2023-06-28,C101358,Apparel,1,68.96,Organic Search,United Kingdom
INV903110,2023-11-23,C101679,Electronics,3,549.12,Social,UK
INV902738,2024-11-14,C101466,Office Supplies,5,12.4,Organic Search,United Kingdom
INV902012,2023-11-07,C101074,Beauty,-3,22.12,Organic Search,US
INV900119,2024-08-07,C100056,Electronics,4,433.78,Referral,united states
INV900989,2024-07-06,C100512,Sports & Outdoors,5,93.54,Referral,United States
INV901149,2024-04-18,C100597,Electronics,3,452.78,Email,Germany
INV901511,2024-07-16,C100803,Electronics,5,204.43,Email,France
INV900284,2023-08-19,C100151,Sports & Outdoors,1,108.96,Organic Search,Germany
INV900143,2024-10-09,C100073,Electronics,1,453.77,Social,UK
INV900815,2023-06-03,C100413,Books,1,12.87,Organic Search,France
INV901662,2024-05-13,C100877,Apparel,1,9.93,Paid Ads,United Kingdom
INV901431,2024-05-17,C100764,Apparel,4,43.82,Social,US
INV900820,2023-07-12,C100414,Books,3,10.76,Organic Search,Germany
INV902217,2023-12-10,C101187,Beauty,3,37.61,Paid Ads,US
INV901974,2023-08-24,C101051,Beauty,-5,23.52,Organic Search,DE
INV901613,2023-11-18,C100853,Books,3,19.05,Referral,DE
INV900387,2024-06-20,C100210,Sports & Outdoors,4,45.68,Organic Search,france
INV900711,2023-09-17,C100372,Beauty,2,55.77,Paid Ads,united states
INV900144,2024-11-26,C100073,Books,5,21.22,Social,united kingdom
INV902539,2023-09-03,C101362,Toys,2,8.62,Paid Ads,united kingdom
INV900826,2024-08-08,C100420,Electronics,1,110.34,Paid Ads,United Kingdom
INV902077,2023-01-27,C101109,Office Supplies,1,16.7,Email,United States
INV901631,2024-10-25,C100863,Toys,5,28.21,Organic Search,united kingdom
INV900124,2023-04-24,C100057,Home & Kitchen,3,25.85,Paid Ads,france
INV900886,2023-11-05,C100449,Home & Kitchen,3,122.39,Organic Search,United Kingdom
INV902893,2024-04-22,C101539,Home & Kitchen,1,101.49,Referral,france
INV901037,2024-01-23,C100536,Beauty,1,30.4,Organic Search,ireland
INV900832,2024-11-06,C100423,Apparel,3,47.2,Referral,Germany
INV902702,2023-05-12,C101455,Beauty,2,34.48,Referral,United Kingdom
INV903141,2024-08-28,C101707,Beauty,3,11.0,Organic Search,United Kingdom
INV902752,2024-08-10,C101474,Home & Kitchen,3,39.81,Paid Ads,united states
INV901753,2024-01-27,C100926,Books,2,12.92,Paid Ads,US
INV901297,2024-08-25,C100682,Beauty,4,17.08,Paid Ads,ireland
INV900370,2024-12-08,C100198,Sports & Outdoors,4,88.33,Referral,France
INV901512,2024-08-20,C100803,Electronics,5,504.77,Email,France
INV902191,2023-07-12,C101178,Electronics,2,407.53,Organic Search,UK
INV902520,2024-07-26,C101350,Beauty,2,43.02,Paid Ads,ireland
INV901554,2024-11-23,C100824,Office Supplies,1,35.46,Paid Ads,Germany
INV901616,2024-07-24,,Apparel,3,77.5,Paid Ads,united states
INV903057,2024-05-13,C101652,Office Supplies,4,18.34,Email,France
INV902261,2024-05-03,C101211,Books,1,22.6,Paid Ads,DE
INV902917,2024-11-22,C101554,Beauty,3,47.37,Email,united states
INV900335,2024-09-13,C100180,Toys,1,46.57,Organic Search,united kingdom
INV902379,2024-07-15,,Home & Kitchen,4,23.9,Organic Search,Ireland
INV901980,2024-05-03,C101052,Beauty,3,47.17,Referral,DE
INV900436,2024-11-08,C100231,Books,5,12.29,Paid Ads, United Kingdom
INV902191,2023-07-12,C101178,Office Supplies,2,31.78,Organic Search,UK
INV903088,2023-11-05,C101665,Beauty,1,55.99,Paid Ads, United Kingdom
INV900518,2024-02-27,C100268,Beauty,3,42.68,Referral,germany
INV902378,2024-07-12,C101288,Electronics,5,93.72,Organic Search,ireland
INV901672,2023-12-21,C100880,Beauty,2,30.03,Organic Search,US
INV902952,2024-02-25,,Home & Kitchen,3,10.39,Organic Search,UK
INV900252,2023-12-05,,Office Supplies,2,6.83,Paid Ads,DE
INV900849,2024-07-12,C100437,Toys,3,49.85,Paid Ads,UK
INV901404,2024-09-09,C100752,Home & Kitchen,5,61.17,Organic Search,UK
INV903301,2024-09-22,C101784,Toys,3,64.65,Organic Search,United States
INV900814,2023-05-28,,Office Supplies,1,33.97,Organic Search,france
INV902578,2024-09-24,C101389,Toys,3,48.82,Organic Search, United Kingdom
INV901838,2024-09-03,,Home & Kitchen,2,59.18,Referral,united states
INV900369,2024-11-11,C100197,Apparel,1,82.36,Referral,United Kingdom
INV902638,2024-03-15,C101422,Office Supplies,2,4.15,Paid Ads,US
INV903058,2024-07-19,C101652,Beauty,1,45.1,Email,france
INV900400,2024-12-03,,Office Supplies,3,17.69,Organic Search,UK
INV901423,2024-04-04,C100761,Home & Kitchen,3,19.78,Email,united states
INV901797,2024-10-18,C100953,Sports & Outdoors,5,129.46,Referral, United Kingdom
INV902816,2024-04-26,C101500,Electronics,5,501.3,Paid Ads,UK
INV900806,2024-01-08,C100410,Electronics,5,,Paid Ads, United Kingdom
INV900138,2024-10-01,,Office Supplies,1,13.15,Organic Search,france
INV901387,2024-05-12,C100744,Toys,1,29.37,Organic Search,USA
INV902813,2024-10-28,C101499,Sports & Outdoors,5,,Paid Ads, United Kingdom
INV900065,2024-12-25,C100035,Books,2,16.83,Organic Search,DE
INV902865,2024-04-20,C101521,Books,5,27.18,Organic Search,united kingdom
INV901632,2024-10-21,C100863,Beauty,1,54.85,Organic Search,united kingdom
INV901118,2023-04-11,C100582,Apparel,1,73.41,Paid Ads,United Kingdom
INV900423,2024-03-01,C100224,Electronics,4,458.88,Paid Ads,united kingdom
INV900334,2024-09-21,C100180,Apparel,2,26.3,Organic Search,united kingdom
INV901563,2024-08-15,C100827,Home & Kitchen,2,61.94,Referral, United Kingdom
INV900632,2024-06-01,C100326,Books,4,20.55,Paid Ads,UK
INV900429,2024-07-04,,Home & Kitchen,4,32.28,Paid Ads,france
INV901261,2023-07-22,C100660,Apparel,3,20.17,Social,united kingdom
INV900921,2024-10-16,C100475,Sports & Outdoors,4,112.51,Organic Search,UK
INV901161,2023-11-07,C100605,Books,3,23.68,Paid Ads,United Kingdom
INV902196,2024-02-23,C101180,Office Supplies,1,18.84,Paid Ads,france
INV900444,2024-06-23,C100233,Electronics,5,136.33,Email,United States
INV900979,2023-11-04,C100508,Apparel,3,30.97,Referral,UK
INV902607,2023-10-10,C101404,Electronics,4,546.77,Paid Ads,ireland
INV900529,2023-09-26,C100274,Sports & Outdoors,3,176.69,Paid Ads,DE
INV902732,2024-11-08,C101463,Apparel,-1,83.82,Referral,United Kingdom
INV902089,2023-06-26,C101113,Books,3,17.85,Paid Ads,UK
INV900670,2023-11-13,C100350,Toys,2,35.2,Organic Search,US
INV902041,2024-08-22,C101085,Office Supplies,4,43.93,Social,ireland
INV901080,2023-06-26,C100567,Toys,1,57.62,Organic Search,USA
INV901737,2023-11-04,C100916,Books,4,10.49,Referral,united kingdom
INV902906,2024-11-13,C101552,Books,4,15.0,Email,united kingdom
INV900246,2024-12-28,C100131,Office Supplies,3,6.11,Email,germany
INV903288,2023-09-15,C101778,Books,2,18.16,Email,united states
INV901816,2024-06-28,C100965,Home & Kitchen,3,17.08,Referral, United Kingdom
INV900858,2024-10-14,C100440,Electronics,1,115.53,Organic Search,UK
INV900202,2024-08-06,C100107,Office Supplies,4,28.53,Organic Search,France
INV901482,2024-08-14,C100784,Office Supplies,4,27.51,Organic Search,france
INV901366,2023-05-03,C100725,Beauty,1,15.34,Email,germany
INV900042,2024-01-20,,Home & Kitchen,5,102.99,Organic Search,germany
INV901358,2023-07-17,C100720,Apparel,4,67.92,Organic Search,US
INV900708,2024-07-03,C100369,Office Supplies,4,35.72,Paid Ads,Germany
INV903316,2023-06-07,C101795,Office Supplies,3,31.25,Organic Search,united kingdom
INV900600,2023-12-18,C100307,Apparel,5,74.51,Paid Ads,United Kingdom
INV901673,2023-12-10,,Sports & Outdoors,-2,126.97,Organic Search,united states
INV901254,2023-10-13,,Electronics,1,190.21,Referral,france
INV902740,2024-10-15,C101467,Beauty,1,22.8,Paid Ads, United Kingdom
INV901778,2023-10-20,C100945,Electronics,4,226.2,Email,United States
INV901174,2024-05-16,C100611,Electronics,-2,571.44,Organic Search,Ireland
INV900250,2023-06-23,C100132,Toys,4,62.55,Paid Ads,germany
INV902839,2024-08-19,C101512,Electronics,2,163.87,Paid Ads,DE
INV901577,2023-12-26,C100832,Apparel,-5,47.92,Email,DE
INV900164,2023-11-23,C100087,Electronics,3,149.3,Organic Search,Germany
INV900175,2024-05-17,C100091,Sports & Outdoors,5,73.67,Referral,United Kingdom
INV903269,2023-12-16,C101766,Sports & Outdoors,1,110.17,Referral,United Kingdom
INV900920,2024-06-07,C100475,Home & Kitchen,1,94.13,Organic Search,united kingdom
INV902543,2023-08-25,C101363,Books,2,17.85,Organic Search,DE
INV900347,2023-12-20,C100185,Office Supplies,1,3.37,Email,United Kingdom
INV901365,2023-03-09,C100725,Sports & Outdoors,5,186.7,Email,Germany
INV902664,2024-07-06,C101436,Home & Kitchen,4,56.8,Referral,germany
INV901931,2023-11-25,C101025,Home & Kitchen,3,87.08,Organic Search,united states
INV902015,2023-08-18,C101075,Apparel,1,83.35,Organic Search,Germany
INV900679,2024-04-09,,Home & Kitchen,2,84.48,Organic Search, United Kingdom
INV901391,2023-04-28,C100749,Beauty,1,59.82,Referral,US
INV902800,2023-12-26,C101493,Books,4,25.59,Organic Search,US
INV902908,2024-03-13,C101553,Sports & Outdoors,3,91.56,Referral,germany
INV900746,2023-10-06,C100385,Books,3,15.04,Social,UK
INV900106,2023-12-11,C100053,Office Supplies,4,29.85,Organic Search,united kingdom
INV900380,2024-10-04,C100207,Home & Kitchen,1,131.57,Paid Ads, United Kingdom
INV902300,2024-08-01,C101241,Office Supplies,3,37.19,Paid Ads,United Kingdom
INV903082,2024-05-17,C101661,Apparel,4,63.82,Email,DE
INV901935,2023-12-07,C101027,Sports & Outdoors,4,97.71,Email, United Kingdom
INV902170,2024-07-19,C101162,Toys,3,28.59,Paid Ads,France
INV902209,2023-12-24,C101184,Toys,1,46.75,Email,Ireland
INV901205,2024-01-16,C100633,Sports & Outdoors,1,167.43,Email,UK
INV902715,2024-07-19,C101458,Books,3,28.44,Social,DE
INV901784,2023-09-07,C100949,Office Supplies,3,41.95,Referral,United States
INV901832,2023-03-12,C100974,Toys,5,28.0,Social,USA
INV901358,2023-07-17,C100720,Electronics,3,54.72,Organic Search,US
INV900946,2024-09-27,C100492,Apparel,1,27.13,Organic Search,DE
INV903118,2024-02-07,C101687,Office Supplies,2,19.9,Organic Search,UK
INV900731,2024-10-21,C100381,Books,2,33.52,Paid Ads,united kingdom
INV901151,2024-05-18,C100597,Toys,1,52.54,Email,DE
INV900990,2024-06-11,C100513,Office Supplies,2,15.4,Social,germany
INV900959,2024-06-11,C100496,Toys,5,11.56,Paid Ads,Germany
INV901755,2024-04-08,C100930,Apparel,1,28.11,Paid Ads,UK
INV902279,2024-08-14,C101222,Electronics,3,141.1,Organic Search,UK
INV900711,2023-09-17,C100372,Books,2,15.3,Paid Ads,united states
INV901312,2023-06-09,C100694,Toys,4,,Referral,USA
INV903105,2023-06-16,C101676,Home & Kitchen,5,87.47,Email,France
INV901173,2023-10-21,C100611,Office Supplies,1,10.85,Organic Search,ireland
INV902306,2024-09-27,C101245,Office Supplies,3,37.38,Social,US
INV900181,2023-09-10,C100096,Apparel,2,86.84,Email,France
INV900840,2024-03-14,C100428,Apparel,1,65.74,Organic Search,france
INV900508,2024-09-15,C100260,Electronics,4,338.82,Organic Search,US
INV901028,2023-05-21,C100531,Home & Kitchen,1,14.48,Email,United Kingdom
INV902102,2023-01-20,C101120,Electronics,5,582.0,Email,united states
INV903206,2024-10-05,C101731,Books,1,5.57,Paid Ads,ireland
INV902411,2024-01-06,C101304,Toys,3,13.88,Paid Ads,DE
INV902498,2024-01-12,C101340,Apparel,4,10.85,Organic Search,Germany
INV902069,2024-07-11,C101102,Beauty,4,38.25,Social,UK
INV902943,2023-10-20,C101571,Toys,4,53.41,Referral,DE
INV900463,2024-02-28,C100238,Home & Kitchen,4,131.46,Organic Search,United Kingdom
INV902379,2024-07-15,C101288,Office Supplies,2,35.4,Organic Search,Ireland
INV900171,2024-06-14,C100090,Office Supplies,4,20.41,Email,United States
INV900500,2023-06-11,C100257,Toys,5,10.85,Organic Search, United Kingdom
INV900754,2023-05-02,,Home & Kitchen,2,88.93,Paid Ads,ireland
INV902954,2024-07-23,C101577,Office Supplies,5,36.51,Organic Search,united states
INV901494,2024-05-21,C100795,Apparel,5,43.52,Paid Ads,US
INV902343,2024-05-06,C101273,Apparel,2,25.72,Organic Search,United Kingdom
INV902869,2023-05-17,C101523,Toys,4,33.46,Organic Search,UK
INV900513,2024-01-01,C100265,Office Supplies,5,29.07,Referral,DE
INV902523,2023-07-03,C101356,Home & Kitchen,4,45.83,Social,UK
INV903143,2023-05-10,C101708,Beauty,5,39.08,Email,US
INV902206,2023-10-27,C101184,Office Supplies,2,20.87,Email,Ireland
INV901941,2023-11-16,C101030,Books,2,13.71,Email,Ireland
INV901735,2023-12-16,C100914,Home & Kitchen,1,125.3,Referral,france
INV900361,2024-04-28,C100195,Office Supplies,1,4.3,Paid Ads,united kingdom
INV900257,2023-09-13,C100135,Sports & Outdoors,1,175.39,Email,France
INV902708,2023-12-11,C101457,Office Supplies,5,43.85,Paid Ads,United Kingdom
INV901022,2024-12-03,C100522,Home & Kitchen,1,38.12,Paid Ads,United States
INV900887,2023-11-09,C100449,Office Supplies,3,26.37,Organic Search,united kingdom
INV900221,2023-05-04,C100117,Electronics,-3,269.91,Referral,Germany
INV900916,2023-11-27,C100473,Beauty,5,12.08,Referral,ireland
INV900007,2023-02-15,C100006,Office Supplies,1,35.07,Paid Ads,united states
INV900306,2023-08-11,C100167,Electronics,5,82.4,Email,Germany
INV901187,2023-05-21,C100619,Beauty,5,53.26,Organic Search,united kingdom
INV900559,2024-11-13,C100292,Beauty,5,53.68,Referral,United Kingdom
INV902982,2023-07-17,C101600,Office Supplies,5,21.93,Organic Search,germany
INV902345,2024-06-23,C101275,Electronics,2,505.52,Paid Ads,UK
INV902319,2024-01-26,C101258,Electronics,5,223.44,Paid Ads,United Kingdom
INV903074,2024-06-23,C101656,Home & Kitchen,3,115.28,Organic Search,ireland
INV901093,2023-10-27,C100572,Sports & Outdoors,3,128.98,Organic Search,france
INV903003,2023-03-04,C101614,Sports & Outdoors,3,70.72,Organic Search,United Kingdom
INV901395,2024-09-24,C100750,Books,5,16.15,Organic Search,France
INV900898,2023-12-07,C100455,Sports & Outdoors,5,86.01,Organic Search,UK
INV901754,2023-12-24,C100930,Home & Kitchen,1,132.07,Paid Ads,United Kingdom
INV901705,2024-10-17,C100892,Toys,5,44.54,Organic Search,United States
INV902584,2024-02-06,C101391,Home & Kitchen,4,49.49,Email,united states
INV902660,2023-12-14,,Apparel,4,59.37,Paid Ads,Germany
INV900913,2024-07-27,C100470,Beauty,2,57.69,Organic Search,ireland
INV901571,2023-05-15,C100831,Office Supplies,5,36.65,Organic Search,UK
INV900749,2024-02-01,C100385,Home & Kitchen,2,45.32,Social,United Kingdom
INV901115,2024-07-23,C100581,Apparel,3,60.84,Organic Search,United Kingdom
INV901468,2023-04-27,C100783,Toys,5,61.97,Organic Search,DE
INV900962,2024-06-25,C100501,Sports & Outdoors,5,184.7,Organic Search,Ireland
INV900841,2024-05-16,C100432,Electronics,2,173.69,Paid Ads,United Kingdom
INV902812,2024-10-23,C101499,Toys,3,42.77,Paid Ads, United Kingdom
INV900866,2023-05-08,C100442,Office Supplies,5,20.68,Paid Ads,ireland
INV900012,2023-11-05,C100006,Apparel,5,18.35,Paid Ads,USA
INV901065,2024-06-05,C100555,Apparel,4,88.38,Organic Search,United States
INV901393,2023-07-27,C100749,Sports & Outdoors,1,136.42,Referral,United States
INV903169,2024-07-17,C101718,Apparel,1,31.51,Referral,United Kingdom
INV901676,2024-11-28,C100882,Electronics,5,417.08,Organic Search,UK
INV900447,2024-12-06,C100233,Beauty,2,59.11,Email,US
INV900135,2024-12-21,C100066,Apparel,3,85.97,Social,DE
INV900597,2024-08-11,C100306,Toys,5,14.83,Email,germany
INV900160,2024-04-27,C100085,Beauty,4,48.37,Social,France
INV901682,2024-05-22,C100884,Apparel,4,77.81,Organic Search,Ireland
INV901439,2023-11-25,C100767,Office Supplies,2,28.33,Organic Search,United Kingdom
INV902041,2024-08-22,C101085,Toys,4,14.16,Social,ireland
INV903052,2023-05-11,C101650,Office Supplies,3,28.37,Paid Ads,UK
INV900260,2024-05-24,C100135,Beauty,1,13.18,Email,France
INV902229,2023-12-12,C101191,Office Supplies,3,10.63,Referral,France
INV900448,2023-11-16,C100234,Office Supplies,4,33.05,Social,France
INV902240,2023-12-09,C101201,Books,2,6.85,Organic Search,USA
INV901746,2023-12-27,C100923,Office Supplies,3,4.61,Email,united states
INV901187,2023-05-21,C100619,Office Supplies,1,31.73,Organic Search,united kingdom
INV901278,2024-09-21,C100666,Toys,1,20.99,Organic Search,France
INV902398,2024-03-01,C101298,Electronics,2,164.93,Organic Search,UK
INV902083,2023-04-20,C101112,Sports & Outdoors,3,80.87,Organic Search,germany
INV900006,2024-11-04,C100005,Office Supplies,3,37.41,Email,germany
INV902341,2024-02-16,C101273,Sports & Outdoors,1,74.78,Organic Search, United Kingdom
INV900319,2023-06-17,C100171,Electronics,5,513.37,Email,DE
INV901911,2024-03-16,,Office Supplies,5,28.46,Social,ireland
INV901160,2024-05-05,C100604,Sports & Outdoors,5,177.05,Referral,france
INV902544,2023-09-03,C101363,Office Supplies,5,15.02,Organic Search,DE
INV900852,2023-08-27,C100439,Office Supplies,2,21.27,Paid Ads,UK
INV901251,2023-04-26,C100658,Office Supplies,4,19.54,Email,france
INV902748,2023-12-16,C101472,Electronics,3,339.56,Organic Search,ireland
INV902741,2024-06-25,C101468,Electronics,2,485.59,Paid Ads,DE
INV900735,2024-08-26,C100383,Beauty,4,23.41,Email,USA
INV902469,2024-07-17,C101328,Books,2,6.92,Organic Search,DE
INV901121,2023-10-07,C100584,Office Supplies,4,33.57,Email,united kingdom
INV900246,2024-12-28,C100131,Electronics,4,429.76,Email,germany
INV900422,2024-12-28,C100223,Electronics,5,319.77,Organic Search,France
INV901618,2023-10-15,C100856,Toys,2,47.41,Organic Search,DE
INV902525,2024-03-04,C101356,Office Supplies,4,15.04,Social, United Kingdom
INV902307,2024-10-17,C101245,Office Supplies,4,24.1,Social,United States
INV901002,2023-12-03,C100518,Sports & Outdoors,4,21.47,Referral, United Kingdom
INV900026,2024-10-19,C100013,Sports & Outdoors,3,137.67,Social,United Kingdom
INV902132,2024-08-20,C101138,Toys,4,64.23,Email,USA
INV903326,2024-01-19,C101799,Beauty,1,22.67,Referral,USA
INV900183,2024-05-17,C100097,Apparel,2,43.42,Organic Search,UK
INV900025,2024-08-19,C100013,Home & Kitchen,1,117.91,Social,UK
INV903172,2023-12-19,C101719,Office Supplies,2,7.53,Social,germany
INV901381,2024-08-07,C100739,Sports & Outdoors,3,103.31,Email,DE
INV902931,2024-01-14,C101564,Electronics,3,126.33,Organic Search,france
INV902069,2024-07-11,C101102,Office Supplies,1,23.29,Social,UK
INV903141,2024-08-28,C101707,Electronics,-2,331.67,Organic Search,United Kingdom
INV900715,2024-12-08,C100374,Home & Kitchen,1,136.02,Organic Search,united states
INV901298,2024-10-28,C100682,Beauty,2,53.77,Paid Ads,ireland
INV902866,2024-05-08,C101521,Beauty,5,56.54,Organic Search,UK
